series,tonggwon,publish_date,section,title,page_start,pages_held,last_held,next_title,next_page,gap,verdict
1,6,1911-01-15,講演,勸誘天下失樂者,25,3,27,吾敎는 人族大活의 目的,27,0,자력확인가능
2,9,1911-04-15,講演,信念의 神聖,26,3,28,物理學,29,1,다음지면필요
3,11,1911-06-15,講演,宗敎統一은 自然의 勢,27,3,29,貴人重人說로 溯慰前古,29,0,자력확인가능
4,12,1911-07-15,敎理部,人乃天,10,3,12,思想은 靈의 迹,12,0,자력확인가능
5,13,1911-08-15,敎理部,觀感說,30,4,33,天下와 吾族,33,0,자력확인가능
6,14,1911-09-15,敎理部,還人欲이라야 眞樂生이오 眞樂이라야 世界得幸福이라,14,4,17,道德의 要旨,17,0,자력확인가능
7,15,1911-10-15,講演,大雄無畏觀,23,5,27,誠爲吾敎之寶,27,0,자력확인가능
8,16,1911-11-15,講演,因果의 神案,24,4,27,吾敎의 新習慣은 三七字의 大精神,27,0,자력확인가능
9,17,1911-12-15,講演,運命說,29,3,31,大運歸道說,31,0,자력확인가능
10,18,1912-01-15,講演,新年에 對ᄒᆞᆫ 新感想으로 新發明을 公告言,19,4,22,無若有實若虛,23,1,다음지면필요
11,19,1912-02-15,講演,死後問題,21,6,26,慾能天大면 德亦天大,26,0,자력확인가능
12,20,1912-03-15,講演,我觀人生,32,6,37,真心不二能神聖,37,0,자력확인가능
13,21,1912-04-15,敎理部,宇宙說,9,4,12,天은 靈界오 地는 慾界,12,0,자력확인가능
14,22,1912-05-15,講演,自修喻人의 解,25,3,27,我問,27,0,자력확인가능
15,23,1912-06-15,敎理部,東經大全要旨講解,9,4,12,天在人人ᄒᆞ고 人在天天,12,0,자력확인가능
16,24,1912-07-15,敎理部,東經大全要旨講解(續),7,4,10,不知命之所在 顧吾心之明明,10,0,자력확인가능
17,26,1912-09-15,敎理部,東經要旨講解(續),14,4,17,天壽人壽說,17,0,자력확인가능
18,29,1912-12-15,敎理部,靈通力의 事實됨을 解明言(續),12,5,16,我我의 心과 我我의 材料,16,0,자력확인가능
19,30,1913-01-15,雜俎,理想中新光陰,37,3,39,陰陽曆의 說明,39,0,자력확인가능
20,31,1913-02-15,雜俎,光의 說,34,5,38,食蟲之植物,38,0,자력확인가능
21,32,1913-03-15,講演,默念中三我,24,2,25,樂觀,27,2,지면결락1면
22,37,1913-08-15,敎門訂議,紀念과 余의 告白,6,6,11,本報第三週年紀念說,11,0,자력확인가능
23,42,1914-01-15,敎理部,個性中心說,15,3,17,無有說,17,0,자력확인가능
24,44,1914-03-15,敎門訂議,定州郡敎區室實記,4,5,8,無佛이라야 有佛,8,0,자력확인가능
25,45,1914-04-15,雜俎,吊孫鳳奎文幷小引,32,3,34,詞藻,35,1,다음지면필요
26,46,1914-05-15,雜俎,韓錫泰君追悼會席에서,28,3,30,洪用嬋女史에 對ᄒᆞ야,30,0,자력확인가능
27,49,1914-08-15,雜俎,定州로 붓터 高原에,32,4,35,羅兄兩氏還元에 對ᄒᆞ야,35,0,자력확인가능
28,51,1914-10-15,雜俎,余의 暗遊,28,3,30,信者還元에 對ᄒᆞ야,31,1,다음지면필요
29,52,1914-11-15,敎理部,真理의 根底를 誤解치 勿하라,7,5,11,宗敎基礎在於敎育,11,0,자력확인가능
30,58,1915-05-15,講演,最高消遣法,25,3,27,天人의 欲能者一本,27,0,자력확인가능
31,59,1915-06-15,雜俎,篤心者의 精靈不滅,38,3,40,李一得氏 普濟의 思想에 對ᄒᆞ야,40,0,자력확인가능
32,61,1915-08-15,敎理部,人生은 神에 出ᄒᆞ야 神에 歸言故로 人生의 目的은 道를 覺홈에 在함,12,7,18,觀,18,0,자력확인가능
33,62,1915-09-15,雜俎,金剛山追憶大神師,34,3,36,刹那刹那에 職,36,0,자력확인가능
34,63,1915-10-15,講演,大宇宙之戀愛,26,3,28,片時後寂寞을 斷不爲라,29,1,다음지면필요
35,78,1917-01-15,敎門訂議,人生과 新年,5,3,7,新新解,7,0,자력확인가능
36,88,1917-11-15,敎理部,是我修養,10,3,12,一人布德이 即天下布德,13,1,다음지면필요
37,89,1917-12-15,敎門訂議,吾敎의 大宗,2,7,8,旡極我,8,0,자력확인가능
38,90,1918-01-15,敎門訂議,新年과 人生,5,3,7,愛性,7,0,자력확인가능
39,91,1918-02-15,敎理部,宗敎의 兩側面,9,3,11,天人合一,12,1,다음지면필요
40,92,1918-03-15,講演,信仰上으로 觀ᄒᆞᆯ 吾人의 努力,18,5,22,無常常觀,23,1,다음지면필요
41,94,1918-05-15,敎門訂議,兩道師巡回와 關北敎友,8,5,12,世界人族은 皆是天道敎人,12,0,자력확인가능
42,95,1918-07-15,敎理部,大神師性靈出世說(其一),10,5,14,東經大全 講解(其一),14,0,자력확인가능
43,97,1918-09-15,雜俎,追悼香山文,37,3,39,李鍾海氏追悼文,38,-1,초과
44,100,1918-12-18,敎門訂議,百號紀念에 對ᄒᆞᆫ 余의 感想,9,5,13,百號의 記念과 余의 哀情,14,1,다음지면필요
45,101,1919-01-15,敎門訂議,新年元旦,8,5,12,新元小感,11,-1,초과
46,102,1919-02-15,敎門訂議,將來의 宗敎,1,6,6,天道敎의 將來,7,1,다음지면필요
47,103,1919-03-15,敎理部,我觀東經,14,5,18,海月神師의 表明하신 兩大敎規,18,0,자력확인가능
48,104,1919-04-15,敎理部,靈通說,24,5,28,四十九日祈禱後,29,1,다음지면필요
49,105,1919-05-15,敎理部,默念論(續),11,7,17,大神師性靈出世와 東經,18,1,다음지면필요
50,106,1919-06-15,敎門訂議,眞實된 信仰生活,1,8,8,大神師性靈出世와 東經(續),9,1,다음지면필요
51,107,1919-07-15,敎門訂議,愛의 開放,6,5,10,大神師性靈出世와 東經(其三),11,1,다음지면필요
52,109,1919-09-15,敎門訂議,自覺ᄒᆞ야써 其根에 歸ᄒᆞ라,1,6,6,心和氣和以待春和,7,1,다음지면필요
53,110,1919-10-15,敎門訂議,今日以後의 宗敎,2,5,6,內生活과 外生活을 論ᄒᆞ야 ᄡᅥ 人生의 歸眞을 促ᄒᆞᆷ,7,1,다음지면필요
54,111,1919-11-15,敎門訂議,十月二十八日大祈禱,2,5,6,責任上布德의 前後觀,7,1,다음지면필요
55,112,1919-12-15,敎門訂議,改造와 宗敎,4,5,8,歲君과 余의 感想,9,1,다음지면필요
56,113,1920-01-15,敎門訂議,天道敎六十一歲花甲庚申을 迎喜,7,6,12,謹迎庚申年,13,1,다음지면필요
57,114,1920-02-15,敎門訂議,天道敎靑年臨時敎理講習會에 就하야,1,6,6,人格과 宗敎的 修養,7,1,다음지면필요
58,116,1920-04-15,,庚申四月五日,3,6,8,庚申四月五日无極大道發生의 原因,8,0,자력확인가능
59,117,1920-05-15,敎門訂議,哲人主義의 將來와 新宗敎의 價値,8,5,12,동경디견(東經大全) 譯,12,0,자력확인가능
60,118,1920-06-15,,自己解放과 人乃天主義,1,8,8,活動期에 立한 天道敎人의 實力如何를 論함,9,1,다음지면필요
61,119,1920-07-15,,自己解放과 人乃天主義(續),1,5,5,活動期에 立한 天道敎人의 實力如何를 論함(續),6,1,다음지면필요
62,120,1920-08-15,,十週年,1,9,9,報君의 十週紀念을 當하야,9,0,자력확인가능
63,121,1920-09-15,,오로지 法門에 依信하라,1,8,8,新時代를 問하노라,9,1,다음지면필요
64,122,1920-10-15,,布德天下는 活誠에 在하니라,7,5,11,먼데셔 구하지 말고 나를 닥그라,12,1,다음지면필요
65,123,1920-11-15,,拘束의 宗敎로부터 自由의 宗敎,1,8,8,十月二十八日을 機會로하야 天下의 聖地인 慶州를 一言하노라,9,1,다음지면필요
66,126,1921-02-15,,布德天下,1,8,8,宗敎性과 國家性을 論하다가 朝鮮宗敎에 及하야,9,1,다음지면필요
67,127,1921-03-15,,同歸一體,1,7,7,宗敎또는 道德이라함은 무엇이냐,8,1,다음지면필요
68,130,1921-06-15,,사람性의 無窮을 論하노라(續),1,5,5,四大誡命과 人乃天,6,1,다음지면필요
69,131,1921-07-15,,新文化는 무엇에 依하야 建設되랴,1,5,5,朝鮮사람으로셔,6,1,다음지면필요
70,136,1921-12-15,,中國 北京의 傳敎室 問題를 둣고 吾敎의 對外 發展을 賀함,12,6,17,"우리의 眞生活은 왼 世界가 모도 宗敎化 되는날, 오직 時代的 宗敎化 되기를",17,0,자력확인가능
71,137,1922-01-15,,新紀元을 劃한 우리敎의 新面目,10,6,15,送舊迎新,16,1,다음지면필요
72,138,1922-02-15,,進化의 側面으로 본 人乃天,8,5,12,우리敎會의 制度改善에 對하야,13,1,다음지면필요
73,139,1922-03-15,,信仰 觀念의 本體,8,8,15,"假飾의 圈套를 벗으소셔, 特히 「誠命」 第四項의 말삼 그대로",16,1,다음지면필요
74,140,1922-04-15,,信仰 觀念의 本體(續),15,6,20,解脫 萬能主義,20,0,자력확인가능
75,141,1922-05-15,,宗教의 六大 要素,10,3,12,信仰 復活策에 對하야,13,1,다음지면필요
76,25,1912-08-15,敎理部,東經大全要旨講解(續),12,3,14,似然非然未知詳然,14,0,자력확인가능
77,27,1912-10-15,敎理部,靈通力이 事實됨을 解明言,11,8,18,大衆本無象神聖作象名,17,-1,초과
78,33,1913-04-15,敎理部,靈性的 生活,8,4,11,遠不求而修我,11,0,자력확인가능
79,96,1918-08-15,敎理部,大神師性靈出世說(其二),14,4,17,東經大全 講解(其二),17,0,자력확인가능
80,97,1918-09-15,敎理部,大神師性靈出世說(其三),16,3,18,硏究部一班,,,다음쪽불명
81,98,1918-10-15,敎理部,大神師性靈出世說(其四),14,4,17,硏究部一班,17,0,자력확인가능
82,99,1918-11-15,敎理部,大神師性靈出世說(其五),16,3,18,鬼神者吾也,19,1,다음지면필요
83,115,1920-03-15,敎門訂議,現代思潮와 事人如天主義,1,7,7,人生의 進化와 大神師의 大革新,8,1,다음지면필요
84,124,1920-12-15,,年齡論,22,7,28,우리의 最後目的은 무엇인가? △宇宙一家의 眞平和로!,28,0,자력확인가능
85,128,1921-04-15,,사람性의 無窮을 論하노라,1,6,6,廣濟蒼生,7,1,다음지면필요
86,135,1921-11-15,,"우리時代의 創造事業, 目下의 急先務를 提案함",9,6,14,天道敎議正會의 第一回 開會에 際하야,15,1,다음지면필요
87,89,1917-12-15,雜俎,永久之愛妻,29,2,30,送舊小言,30,0,자력확인가능
88,90,1918-01-15,諺文部,우리ᄂᆞᆫ 무슨 필요로 도를 닥는가,4,4,7,종교ᄂᆞᆫ ᄉᆞᄅᆞᆷ의 가티,7,0,자력확인가능
89,91,1918-02-15,雜俎,枕上雜感,30,3,32,天農은 家에 準備,32,0,자력확인가능
90,92,1918-03-15,雜俎,孤灯의 下에셔,32,5,36,茶話一撮(漫墨),37,1,다음지면필요
91,93,1918-04-15,敎門訂議,因襲的主觀에 拘束된 世人의 誤解,1,7,7,四大誡命,8,1,다음지면필요
92,94,1918-05-15,雜俎,京城에셔 永興까지,43,4,46,吾人의 大市,47,1,다음지면필요
93,95,1918-07-15,敎門訂議,宗敎的修養과 處世方法(其一),1,4,4,今日宗敎家의 責任,5,1,다음지면필요
94,96,1918-08-15,敎門訂議,宗敎的修養과 處世方法(其二),6,5,10,侍天主의 哲學上要義,11,1,다음지면필요
95,97,1918-09-15,敎門訂議,迷의 信仰으로 覺의 信仰에,1,6,6,祈禱를 極盡히 할 今日,6,0,자력확인가능
96,98,1918-10-15,敎門訂議,各其所信을 反省ᄒᆞ라,8,5,12,侍天主의 哲學上要義(續),11,-1,초과
97,99,1918-11-15,敎門訂議,信仰性과 社會性,6,5,10,侍天主의 哲學上要義(續),10,0,자력확인가능
98,100,1918-12-18,敎理部,信仰性과 社會性(其二),19,5,23,歸眞의 初程,24,1,다음지면필요
99,101,1919-01-15,敎理部,信仰性과 社會性(續),13,4,16,大道의 初步(續),17,1,다음지면필요
100,102,1919-02-15,敎理部,信仰性과 社會性(其四),11,5,15,大道의 初步(續),16,1,다음지면필요
101,103,1919-03-15,敎門訂議,將來의 宗敎(續),1,8,8,信仰의 趣味와 宗敎의 世界,8,0,자력확인가능
102,104,1919-04-15,敎門訂議,默念論,1,12,12,至誠은 感天,13,1,다음지면필요
103,105,1919-05-15,敎門訂議,將來의 宗敎(其三),6,5,10,默念論(續),11,1,다음지면필요
104,106,1919-06-15,敎理部,默念論(續),15,5,19,知我者라야 知道오 知道者라야 知我,20,1,다음지면필요
105,107,1919-07-15,講演,處世神言,23,6,28,體的倫理,27,-1,초과
106,109,1919-09-15,敎理部,自力的敎化,17,4,20,爲道者 先守其心,21,1,다음지면필요
107,110,1919-10-15,讀者文壇,動物園訪問記,37,5,41,어머님씌 엿줌,42,1,다음지면필요
108,111,1919-11-15,敎理部,新信仰,19,3,21,나의 본 新宗敎,22,1,다음지면필요
109,112,1919-12-15,敎理部,萬事知,20,4,23,理想의 力,24,1,다음지면필요
110,113,1920-01-15,敎理部,宇宙의 中心,27,5,31,人의 本源에 溯흠,31,0,자력확인가능
111,114,1920-02-15,敎理部,眞의 人生,15,4,18,愛와 眞理,19,1,다음지면필요
112,115,1920-03-15,敎理部,經傳의 硏究,23,3,25,事人如天의 道德,26,1,다음지면필요
113,116,1920-04-15,,混沌으로 나와 混沌에 도라가는 人生,38,4,41,텬도교셔 번역,42,1,다음지면필요
114,117,1920-05-15,講演,水陸三千里,80,8,87,사랑하난 동성의게,87,0,자력확인가능
115,118,1920-06-15,,朝鮮에 特有한 宗敎思想을 論함,38,5,42,聽講錄의 一班,42,0,자력확인가능
116,120,1920-08-15,,本報의 三界,39,4,42,무극송,43,1,다음지면필요
117,121,1920-09-15,,呪文의 哲學的 意義,18,2,19,텬도교셔 번역,20,1,다음지면필요
118,123,1920-11-15,,實在論으로 觀한 人乃天主義,31,6,36,텬사의 본지를 도달하라,37,1,다음지면필요
119,128,1921-04-15,,質疑者에게 答함,53,8,60,나의본바-두어가지,61,1,다음지면필요
120,131,1921-07-15,,質疑者의게 答함,58,3,60,연원문답(淵源問答),61,1,다음지면필요
121,88,1917-11-15,雜俎,追僧과 活僧,24,3,26,長白府敎區建築記,26,0,자력확인가능
122,89,1917-12-15,敎理部,野花千萬枝遊客忘歸家,11,3,13,自家의 無盡藏을 發見ᄒᆞ라,13,0,자력확인가능
123,90,1918-01-15,敎理部,龍潭心法,9,4,12,布德은 吾人의 原職,12,0,자력확인가능
124,91,1918-02-15,講演,是我死生觀,16,4,19,守其心,19,0,자력확인가능
125,92,1918-03-15,敎門訂議,近ᄒᆞ야 오ᄂᆞᆫ 庚申四月,5,4,8,一行解,9,1,다음지면필요
126,93,1918-04-15,雜俎,任筆錄,42,6,47,吊敎訓李道義氏文,47,0,자력확인가능
127,94,1918-05-15,敎理部,偉大ᄒᆞᆫ 心의 世界 其二,15,5,19,性靈修鍊을 本位로 할 事,19,0,자력확인가능
128,95,1918-07-15,雜俎,任筆錄(其三),30,3,32,法律經濟(續),33,1,다음지면필요
129,97,1918-09-15,雜俎,任筆錄(其五),31,4,34,嗚呼香山君,35,1,다음지면필요
130,98,1918-10-15,雜俎,任筆錄(其六),30,5,34,牛耳洞의 晩秋(散文),34,0,자력확인가능
131,99,1918-11-15,雜俎,任筆錄(其六),37,4,40,還元一束,40,0,자력확인가능
132,100,1918-12-18,雜俎,任筆錄(其八),63,4,66,還元一束,66,0,자력확인가능
133,101,1919-01-15,雜俎,任筆錄,40,4,43,新年의 感想,43,0,자력확인가능
134,102,1919-02-15,雜俎,蓬萊山(其一),39,6,44,世界宗敎史(續),44,0,자력확인가능
135,103,1919-03-15,雜俎,蓬萊山(其二),30,6,35,吾道의 顯明과 敎堂建築의 感想,35,0,자력확인가능
136,104,1919-04-15,講演,余의 告白,31,4,34,處世三則,35,1,다음지면필요
137,104,1919-04-15,敎理部,心의 世界,16,5,20,人生,21,1,다음지면필요
138,105,1919-05-15,講演,處世神言,23,4,26,養氣法(二),29,3,지면결락2면
139,106,1919-06-15,講演,最後宗敎의 大性無量光,24,5,28,處世秘訣(其三),29,1,다음지면필요
140,106,1919-06-15,雜俎,月尾島의 春色,39,5,43,여러분ᄭᅴ 自白,44,1,다음지면필요
141,107,1919-07-15,敎理部,神人의 跡,16,7,22,處世神言,23,1,다음지면필요
142,107,1919-07-15,講演,體的倫理,27,4,30,我의 天能을 確信ᄒᆞ라,31,1,다음지면필요
143,109,1919-09-15,敎理部,略史及敎理,13,4,16,自力的敎化,17,1,다음지면필요
144,109,1919-09-15,雜俎,北遊半個月,41,3,43,滿足한 一日,44,1,다음지면필요
145,110,1919-10-15,敎理部,略史及敎理(其三),12,4,15,覺의 路와 覺의 地,16,1,다음지면필요
146,111,1919-11-15,敎理部,略史及敎理,12,3,14,活動主義의 道德,15,1,다음지면필요
147,111,1919-11-15,敎理部,活動主義의 道德,15,4,18,新信仰,19,1,다음지면필요
148,112,1919-12-15,敎理部,略史及敎理,17,3,19,萬事知,20,1,다음지면필요
149,112,1919-12-15,敎理部,理想의 力,24,3,26,此世의 將來와 宗敎,27,1,다음지면필요
150,113,1920-01-15,敎理部,略史及敎理,23,3,25,大神師性靈出世之日,26,1,다음지면필요
151,113,1920-01-15,讀者文壇,涙,71,3,73,旅行記로써 天父님께,73,0,자력확인가능
152,114,1920-02-15,敎理部,大神師이 法言이 時代의 預言的으로 되야음,27,3,29,吾敎의 新思想과 新活動,30,1,다음지면필요
153,115,1920-03-15,敎理部,略史及敎理,20,3,22,經傳의 硏究,23,1,다음지면필요
154,120,1920-08-15,,遺詞中으로 觀한 大神師의 法訓,56,3,58,福은 自誠으로 買하라,58,0,자력확인가능
155,121,1920-09-15,,問者의게 答함,36,2,37,부인여러분께 올림,38,1,다음지면필요
156,136,1921-12-15,,年齡上 問題,73,8,80,天道敎 成川大敎區聖化室記,81,1,다음지면필요
157,105,1919-05-15,雜俎,蓬萊山,38,3,40,人生은 希望的이야,44,4,지면결락3면
158,36,1913-07-15,講演,我觀苦樂論,19,2,20,兩無相值萬有生,24,4,지면결락3면
