series,slug,tonggwon,publish_date,section,title,author,page_start,page_range,pages_held,partial,coverage_note,bib_checked,bib_checker,bib_status,bib_note,transcript,markers,big_diff,units,divider,engines,empty_engines,cross_checked,keyword_hits
1,01_kwonyu_1911-01,6,1911-01-15,講演,勸誘天下失樂者,李敦化,25,,3,N,,,,,,정본,50,0,5,검출,claude_opus_4_7:5 claude_opus_4_7_trimmed:5 gemini:5 gemini_trimmed:5,,0,0
2,02_信念_1911-04,9,1911-04-15,講演,信念의 神聖,李敦化,26,,3,N,,,,,,draft,39,1,4,검출,claude_opus_4_7:4 claude_opus_4_7_trimmed:4 gemini:4 gemini_trimmed:4,,0,4
3,03_宗敎_1911-06,11,1911-06-15,講演,宗敎統一은 自然의 勢,李敦化,27,,3,N,,,,,,draft,85,7,6,검출,claude_opus_4_7:6 claude_opus_4_7_trimmed:6 gemini:6 gemini_trimmed:6,gemini_trimmed,0,13
4,04_人乃_1911-07,12,1911-07-15,敎理部,人乃天,李敦化,10,,3,N,,,,,,draft,81,3,6,검출,claude_opus_4_7:6 claude_opus_4_7_trimmed:6 gemini:6 gemini_trimmed:6,"claude_opus_4_7_trimmed,gemini_trimmed",0,0
5,05_觀感_1911-08,13,1911-08-15,敎理部,觀感說,李敦化,30,,4,N,,,,,,draft,123,7,8,검출,claude_opus_4_7:8 claude_opus_4_7_trimmed:8 gemini:8 gemini_trimmed:8,"claude_opus_4_7_trimmed,gemini_trimmed",0,0
6,06_還人_1911-09,14,1911-09-15,敎理部,還人欲이라야 眞樂生이오 眞樂이라야 世界得幸福이라,李敦化,14,,4,N,,,,,,draft,138,6,8,검출,claude_opus_4_7:8 claude_opus_4_7_trimmed:8 gemini:8 gemini_trimmed:8,"claude_opus_4_7_trimmed,gemini_trimmed",0,5
7,07_大雄_1911-10,15,1911-10-15,講演,大雄無畏觀,李敦化,23,,5,N,,,,,,draft,150,3,10,검출,claude_opus_4_7:10 claude_opus_4_7_trimmed:10 gemini:10 gemini_trimmed:10,"claude_opus_4_7_trimmed,gemini_trimmed",0,1
8,08_因果_1911-11,16,1911-11-15,講演,因果의 神案,李敦化,24,,4,N,,,,,,draft,134,5,8,검출,claude_opus_4_7:8 claude_opus_4_7_trimmed:8 gemini:8 gemini_trimmed:8,"claude_opus_4_7_trimmed,gemini_trimmed",0,1
9,09_運命_1911-12,17,1911-12-15,講演,運命說,李敦化,29,,3,N,,,,,,draft,92,4,6,검출,claude_opus_4_7:6 claude_opus_4_7_trimmed:6 gemini:6 gemini_trimmed:6,,0,4
10,,18,1912-01-15,講演,新年에 對ᄒᆞᆫ 新感想으로 新發明을 公告言,,19,,4,N,,,,,,,,,,,,,0,0
11,11_死後_1912-02,19,1912-02-15,講演,死後問題,李敦化,21,,6,N,,,,,,draft,205,2,12,검출,claude_opus_4_7:12 claude_opus_4_7_trimmed:12 gemini:12 gemini_trimmed:12,"claude_opus_4_7_trimmed,gemini_trimmed",0,6
12,12_我觀_1912-03,20,1912-03-15,講演,我觀人生,李敦化,32,,6,N,,,,,,draft,153,4,12,검출,claude_opus_4_7:12 claude_opus_4_7_trimmed:12 gemini:12 gemini_trimmed:12,"claude_opus_4_7_trimmed,gemini_trimmed",1,16
13,13_宇宙_1912-04,21,1912-04-15,敎理部,宇宙說,李敦化,9,,4,N,,,,,,draft,129,2,8,검출,claude_opus_4_7:8 claude_opus_4_7_trimmed:8 gemini:8 gemini_trimmed:8,"claude_opus_4_7_trimmed,gemini_trimmed",0,4
14,14_自修_1912-05,22,1912-05-15,講演,自修喻人의 解,李敦化,25,,3,N,,,,,,draft,94,3,6,검출,claude_opus_4_7:6 claude_opus_4_7_trimmed:6 gemini:6 gemini_trimmed:6,,0,1
15,15_東經_1912-06,23,1912-06-15,敎理部,東經大全要旨講解,李敦化,9,,4,N,,,,,,draft,138,3,8,검출,claude_opus_4_7:8 claude_opus_4_7_trimmed:8 gemini:8 gemini_trimmed:8,,0,6
16,16_東經_1912-07,24,1912-07-15,敎理部,東經大全要旨講解(續),李敦化,7,,4,N,,,,,,draft,134,4,8,검출,claude_opus_4_7:8 claude_opus_4_7_trimmed:8 gemini:8 gemini_trimmed:8,gemini_trimmed,0,2
17,17_東經_1912-09,26,1912-09-15,敎理部,東經要旨講解(續),李敦化,14,,4,N,,,,,,draft,158,4,8,검출,claude_opus_4_7:8 claude_opus_4_7_trimmed:8 gemini:8 gemini_trimmed:8,,0,1
18,18_靈通_1912-12,29,1912-12-15,敎理部,靈通力의 事實됨을 解明言(續),李敦化,12,,5,N,,,,,,draft,161,3,10,검출,claude_opus_4_7:10 claude_opus_4_7_trimmed:10 gemini:10 gemini_trimmed:10,,0,21
19,19_理想_1913-01,30,1913-01-15,雜俎,理想中新光陰,李敦化,37,,3,N,,,,,,draft,110,13,6,검출,claude_opus_4_7:6 claude_opus_4_7_trimmed:6 gemini:6 gemini_trimmed:6,"claude_opus_4_7_trimmed,gemini_trimmed",2,7
20,20_光說_1913-02,31,1913-02-15,雜俎,光의 說,李敦化,34,,5,N,,,,,,draft,208,5,10,검출,claude_opus_4_7:10 claude_opus_4_7_trimmed:10 gemini:10 gemini_trimmed:10,"claude_opus_4_7_trimmed,gemini_trimmed",0,10
21,21_默念_1913-03,32,1913-03-15,講演,默念中三我,李敦化,24,,2,N,,,,,,draft,83,9,4,검출,claude_opus_4_7:4 claude_opus_4_7_trimmed:4 gemini:4 gemini_trimmed:4,,0,0
22,22_紀念_1913-08,37,1913-08-15,敎門訂議,紀念과 余의 告白,李敦化,6,,6,N,,,,,,draft,275,3,12,검출,claude_opus_4_7:12 claude_opus_4_7_trimmed:12 gemini:12 gemini_trimmed:12,"claude_opus_4_7_trimmed,gemini_trimmed",0,2
23,23_個性_1914-01,42,1914-01-15,敎理部,個性中心說,李敦化,15,,3,N,,,,,,draft,97,3,6,검출,claude_opus_4_7:6 claude_opus_4_7_trimmed:6 gemini:6 gemini_trimmed:6,claude_opus_4_7_trimmed,2,6
24,24_定州_1914-03,44,1914-03-15,敎門訂議,定州郡敎區室實記,李敦化,4,,5,N,,,,,,draft,161,0,10,검출,claude_opus_4_7:10 claude_opus_4_7_trimmed:10 gemini:10 gemini_trimmed:10,,0,0
25,25_吊孫_1914-04,45,1914-04-15,雜俎,吊孫鳳奎文幷小引,李敦化,32,,3,N,,,,,,draft,99,5,6,검출,claude_opus_4_7:6 claude_opus_4_7_trimmed:6 gemini:6 gemini_trimmed:6,,0,1
26,26_韓錫_1914-05,46,1914-05-15,雜俎,韓錫泰君追悼會席에서,李敦化,28,,3,N,,,,,,draft,107,6,6,검출,claude_opus_4_7:6 claude_opus_4_7_trimmed:6 gemini:6 gemini_trimmed:6,"claude_opus_4_7_trimmed,gemini_trimmed",0,0
27,27_定州_1914-08,49,1914-08-15,雜俎,定州로 붓터 高原에,李敦化,32,,4,N,,,,,,draft,180,2,8,검출,claude_opus_4_7:8 claude_opus_4_7_trimmed:8 gemini:8 gemini_trimmed:8,"claude_opus_4_7_trimmed,gemini_trimmed",0,1
28,28_余暗_1914-10,51,1914-10-15,雜俎,余의 暗遊,李敦化,28,,3,N,,,,,,draft,95,5,6,검출,claude_opus_4_7:6 claude_opus_4_7_trimmed:6 gemini:6 gemini_trimmed:6,,0,0
29,29_真理_1914-11,52,1914-11-15,敎理部,真理의 根底를 誤解치 勿하라,李敦化,7,,5,N,,,,,,draft,131,5,10,검출,claude_opus_4_7:10 claude_opus_4_7_trimmed:10 gemini:10 gemini_trimmed:10,"claude_opus_4_7_trimmed,gemini_trimmed",0,13
30,30_最高_1915-05,58,1915-05-15,講演,最高消遣法,李敦化,25,25~27,3,N,,2026-08-12,기계,완결확인,다음 글 「天人의 欲能者一本」(李鳳崗)이 같은 27쪽 하단에서 시작하므로 우리가 가진 지면으로 그대로 확인된다. 정본 마지막 문장 「…適合ᄒᆞᆫ 宗敎ᄂᆞᆫ 神識에 暗ᄒᆞᆫ 衆生을 指導ᄒᆞᄂᆞᆫ 最高消遣法이라 ᄒᆞ노라」 바로 뒤에 세로 구분선이 그어지고 「天人의 欲能者一本 / 李鳳崗」과 ,정본,101,2,6,검출,claude_opus_4_7:6 claude_opus_4_7_trimmed:6 gemini:6 gemini_trimmed:6,,0,11
31,31_篤心_1915-06,59,1915-06-15,雜俎,篤心者의 精靈不滅,李敦化,38,38~40,3,N,,2026-08-12,기계,완결확인,「時鍾은 旣히 十二點을 報코자ᄒᆞᄂᆞᆫᄃᆡ 落ᄒᆞᄂᆞᆫ 月에 啼ᄒᆞᄂᆞᆫ 杜鵑聲이 凄ᄒᆞ고도 凉ᄒᆞ다.<40>」로 맺는다 — 문장·정경 모두 종결이고 쪽 표시 <40>까지 있다. 목차가 다음 글을 38~39쪽에 두어 의심했으나 📌 규칙대로 끝쪽은 +1이었다. 다음 글 「李一得氏」는 NL,정본,198,3,6,검출,claude_opus_4_7:6 claude_opus_4_7_trimmed:6 gemini:6 gemini_trimmed:6,"claude_opus_4_7_trimmed,gemini_trimmed",0,2
32,32_人生_1915-08,61,1915-08-15,敎理部,人生은 神에 出ᄒᆞ야 神에 歸言故로 人生의 目的은 道를 覺홈에 在함,李敦化,12,,7,N,,2026-08-12,기계,완결확인,「…人生의 最終 目的에 達ᄒᆞᆷ을 忘치 勿ᄒᆞᆯ지어다. 嗚呼.」로 맺는다. 「嗚呼」가 홀로 남아 끊긴 듯 보였으나 앞이 「勿ᄒᆞᆯ지어다」라는 명령형 종결이므로 영탄으로 닫은 것이다. ⚠️ 다음 글이 諺文部(쪽번호를 따로 매기는 란)라 지면 대조는 못 했다 — 문면 판단이다,정본,247,2,14,검출,claude_opus_4_7:14 claude_opus_4_7_trimmed:14 gemini:14 gemini_trimmed:14,,0,10
33,33_金剛_1915-09,62,1915-09-15,雜俎,金剛山追憶大神師,李敦化,34,34~36,3,N,,2026-08-12,기계,완결확인,"정본의 마지막이 樵夫歌 끝행 「天道敎를 ᄯᅡ라가셔, 神人압헤 福을밧세」였다. 다음 글 「刹那刹那에 職」(CNTS-00048064880) 첫 지면 36쪽을 열어 보니 바로 그 행 뒤에 가로 구분선이 그어지고 「刹那刹那에 職 / 徐相和」가 시작한다. 빠진 것 없음. 다만 정본의 쪽 표시는 ",정본,187,10,6,검출,claude_opus_4_7:6 claude_opus_4_7_trimmed:6 gemini:6 gemini_trimmed:6,claude_opus_4_7_trimmed,0,0
34,34_大宇_1915-10,63,1915-10-15,講演,大宇宙之戀愛,李敦化,26,26~29,3,N,,2026-08-12,Soo+기계,보완,"정본에 「…眞面目에 符」에서 끊긴 채 Soo의 「마지막 스캔 뒤에도 원문이 있는지 확인 요망」 메모가 붙어 있었다. 목차상 다음 글이 29쪽이지만 그것은 다음 글의 시작 쪽일 뿐이고, 이 글의 꼬리가 29쪽 상단에 먼저 온다. 다음 글 「片時後寂寞을 斷不爲라」(CNTS-000480648",정본,106,2,6,검출,claude_opus_4_7:6 claude_opus_4_7_trimmed:6 gemini:6 gemini_trimmed:6,"claude_opus_4_7_trimmed,gemini_trimmed",0,0
35,35_人生_1917-01,78,1917-01-15,敎門訂議,人生과 新年,李敦化,5,5~7,3,N,,2026-08-12,기계,완결확인,정본의 마지막이 「余曰 天德師恩.」이었다. 다음 글 「新新解」(CNTS-00048064998) 첫 지면 7쪽을 열어 보니 그 대목(人乃天 문답)이 그대로 있고 뒤이어 「敎門訂議」 란 표제가 온다. 빠진 것 없음. 정본의 쪽 표시는 <6>에서 멈춘다,정본,79,2,6,검출,claude_opus_4_7:6 claude_opus_4_7_trimmed:6 gemini:6 gemini_trimmed:6,"claude_opus_4_7_trimmed,gemini_trimmed",0,1
36,36_是我_1917-11,88,1917-11-15,敎理部,是我修養,李敦化,10,10~13,3,N,,2026-08-12,Soo+기계,보완,정본이 「大」에서 끊긴 채 Soo의 「??? (끝부분 원본 확인할 것)」 메모가 붙어 있었다. 다음 글 「一人布德이卽天下布德」(CNTS-00048065095) 첫 지면 13쪽 상단에서 꼬리 한 줄을 찾았다 — 「成코져 하ᄂᆞᆫ 人은 木을 緣ᄒᆞ야 魚를 求하ᄂᆞᆫ 者ㅣ니 是我修養이며 々々,정본,91,5,6,검출,claude_opus_4_7:6 claude_opus_4_7_trimmed:6 gemini:6 gemini_trimmed:6,"claude_opus_4_7_trimmed,gemini_trimmed",0,1
37,37_吾敎_1917-12,89,1917-12-15,敎門訂議,吾敎의 大宗,李敦化,2,2~8,7,N,,2026-08-12,기계,완결확인,다음 글 「旡極我」(沕堂)가 같은 8쪽 하단에서 시작하므로 우리 지면으로 확인된다. 정본 마지막 문장 「…吾敎大明의 日은 列敎의 光明이 一體 同化ᄒᆞᆯ 줄로 思ᄒᆞ노라」 바로 뒤에 세로 구분선과 「敎理部」 란 표제가 오고 「旡極我」가 시작한다. 빠진 것 없음,정본,248,6,14,검출,claude_opus_4_7:14 claude_opus_4_7_trimmed:14 gemini:14 gemini_trimmed:14,"claude_opus_4_7_trimmed,gemini_trimmed",0,57
38,38_新年_1918-01,90,1918-01-15,敎門訂議,新年과 人生,李敦化,5,,3,N,,,,,,draft,70,0,6,검출,claude_opus_4_7:6 claude_opus_4_7_trimmed:6 gemini:6 gemini_trimmed:6,"claude_opus_4_7_trimmed,gemini_trimmed",2,12
39,39_宗敎_1918-02,91,1918-02-15,敎理部,宗敎의 兩側面,李敦化,9,,3,N,,,,,,draft,318,15,6,검출,claude_opus_4_7:6 claude_opus_4_7_trimmed:6 gemini:6 gemini_trimmed:6 reread_x3:6,,1,13
40,40_信仰_1918-03,92,1918-03-15,講演,信仰上으로 觀ᄒᆞᆯ 吾人의 努力,李敦化,18,,5,N,,,,,,draft,403,9,10,검출,claude_opus_4_7:10 claude_opus_4_7_trimmed:10 gemini:10 gemini_trimmed:10,gemini_trimmed,0,5
41,41_兩道_1918-05,94,1918-05-15,敎門訂議,兩道師巡回와 關北敎友,李敦化,8,,5,N,,,,,,draft,322,11,10,검출,claude_opus_4_7:10 claude_opus_4_7_trimmed:10 gemini:10 gemini_trimmed:10,"claude_opus_4_7_trimmed,gemini_trimmed",0,16
42,42_大神_1918-07,95,1918-07-15,敎理部,大神師性靈出世說(其一),李敦化,10,,5,N,,,,,,draft,315,13,10,검출,claude_opus_4_7:10 claude_opus_4_7_trimmed:10 gemini:10 gemini_trimmed:10,claude_opus_4_7_trimmed,0,12
43,43_追悼_1918-09,97,1918-09-15,雜俎,追悼香山文,李敦化,37,,3,N,,,,,,draft,163,12,6,검출,claude_opus_4_7:6 claude_opus_4_7_trimmed:6 gemini:6 gemini_trimmed:6,,0,1
44,44_百號_1918-12,100,1918-12-18,敎門訂議,百號紀念에 對ᄒᆞᆫ 余의 感想,李敦化,9,,5,N,,,,,,draft,325,17,10,검출,claude_opus_4_7:10 claude_opus_4_7_trimmed:10 gemini:10 gemini_trimmed:10,,0,13
45,45_新年_1919-01,101,1919-01-15,敎門訂議,新年元旦,李敦化,8,,5,N,,,,,,draft,268,55,5,고정값,claude_opus_4_7:5 claude_opus_4_7_trimmed:5 gemini:5 gemini_trimmed:5 reread_x3:5,,5,8
46,46_將來_1919-02,102,1919-02-15,敎門訂議,將來의 宗敎,李敦化,1,,6,N,,,,,,draft,387,83,6,고정값,claude_opus_4_7:6 claude_opus_4_7_trimmed:6 gemini:6 gemini_trimmed:6 reread_x3:6,,0,69
47,47_我觀_1919-03,103,1919-03-15,敎理部,我觀東經,李敦化,14,,5,N,,,,,,draft,277,35,5,고정값,claude_opus_4_7:5 claude_opus_4_7_trimmed:5 gemini:5 gemini_trimmed:5 reread_x3:5,gemini_trimmed,0,19
48,48_靈通_1919-04,104,1919-04-15,敎理部,靈通說,李敦化,24,,5,N,,,,,,draft,257,22,5,고정값,claude_opus_4_7:5 claude_opus_4_7_trimmed:5 gemini:5 gemini_trimmed:5 reread_x3:5,,0,35
49,49_默念_1919-05,105,1919-05-15,敎理部,默念論(續),李敦化,11,,7,N,,,,,,draft,370,56,7,고정값,claude_opus_4_7:7 claude_opus_4_7_trimmed:7 gemini:7 gemini_trimmed:7 reread_x3:7,,0,2
50,50_眞實_1919-06,106,1919-06-15,敎門訂議,眞實된 信仰生活,李敦化,1,,8,N,,,,,,draft,298,40,8,고정값,claude_opus_4_7:8 claude_opus_4_7_trimmed:8 gemini:8 gemini_trimmed:8 reread_x3:8,,0,12
51,51_愛開_1919-07,107,1919-07-15,敎門訂議,愛의 開放,李敦化,6,,5,N,,,,,,draft,250,50,5,고정값,claude_opus_4_7:5 claude_opus_4_7_trimmed:5 gemini:5 gemini_trimmed:5 reread_x3:5,,0,10
52,52_自覺_1919-09,109,1919-09-15,敎門訂議,自覺ᄒᆞ야써 其根에 歸ᄒᆞ라,李敦化,1,,6,N,,,,,,draft,53,2,6,고정값,claude_opus_4_7:6 claude_opus_4_7_trimmed:6 gemini:6 gemini_trimmed:6,,0,2
53,53_今日_1919-10,110,1919-10-15,敎門訂議,今日以後의 宗敎,李敦化,2,,5,N,,,,,,draft,1,0,5,고정값,claude_opus_4_7:5 claude_opus_4_7_trimmed:5 gemini:5 gemini_trimmed:5,gemini,2,40
54,54_十月_1919-11,111,1919-11-15,敎門訂議,十月二十八日大祈禱,李敦化,2,,5,N,,,,,,draft,1,0,5,고정값,claude_opus_4_7:5 claude_opus_4_7_trimmed:5 gemini:5 gemini_trimmed:5,,0,7
55,55_改造_1919-12,112,1919-12-15,敎門訂議,改造와 宗敎,李敦化,4,,5,N,,,,,,draft,1,0,5,고정값,claude_opus_4_7:5 claude_opus_4_7_trimmed:5 gemini:5 gemini_trimmed:5 reread_x4:1,,0,82
56,56_天道_1920-01,113,1920-01-15,敎門訂議,天道敎六十一歲花甲庚申을 迎喜,李敦化,7,,6,Y,,,,,,draft,1,0,6,고정값,claude_opus_4_7:6 claude_opus_4_7_trimmed:6 gemini:6 gemini_trimmed:6,,1,13
57,57_天道_1920-02,114,1920-02-15,敎門訂議,天道敎靑年臨時敎理講習會에 就하야,李敦化,1,,6,N,,,,,,draft,1,0,6,고정값,claude_opus_4_7:6 claude_opus_4_7_trimmed:6 gemini:6 gemini_trimmed:6,,0,33
58,58_庚申_1920-04,116,1920-04-15,,庚申四月五日,李敦化,3,,6,N,,,,,,draft,327,38,6,고정값,claude_opus_4_7:6 claude_opus_4_7_trimmed:6 gemini:6 gemini_trimmed:6 reread_x3:5,,0,67
59,59_哲人_1920-05,117,1920-05-15,敎門訂議,哲人主義의 將來와 新宗敎의 價値,李敦化,8,,5,N,,,,,,draft,171,53,5,고정값,claude_opus_4_7:5 claude_opus_4_7_trimmed:5 gemini:5 gemini_trimmed:5 reread_x3:5,,0,29
60,60_自己_1920-06,118,1920-06-15,,自己解放과 人乃天主義,李敦化,1,,8,N,,,,,,draft,331,1,8,고정값,claude_opus_4_7:8 claude_opus_4_7_trimmed:8 gemini:8 gemini_trimmed:8,,0,17
61,61_自己_1920-07,119,1920-07-15,,自己解放과 人乃天主義(續),李敦化,1,,5,N,,,,,,draft,376,19,5,고정값,claude_opus_4_7:5 claude_opus_4_7_trimmed:5 gemini:5 gemini_trimmed:5 reread_x3:5,,1,16
62,62_十週_1920-08,120,1920-08-15,,十週年,李敦化,1,,9,N,,,,,,draft,377,25,9,고정값,claude_opus_4_7:9 claude_opus_4_7_trimmed:9 gemini:9 gemini_trimmed:9 reread_x3:7,,0,18
63,63_法門_1920-09,121,1920-09-15,,오로지 法門에 依信하라,李敦化,1,,8,N,,,,,,draft,371,14,8,고정값,claude_opus_4_7:8 claude_opus_4_7_trimmed:8 gemini:8 gemini_trimmed:8 reread_x3:6,,0,4
64,64_布德_1920-10,122,1920-10-15,,布德天下는 活誠에 在하니라,李敦化,7,,5,N,,,,,,draft,234,29,5,고정값,claude_opus_4_7:5 claude_opus_4_7_trimmed:5 gemini:5 gemini_trimmed:5 reread_x3:3,,0,10
65,65_拘束_1920-11,123,1920-11-15,,拘束의 宗敎로부터 自由의 宗敎,李敦化,1,,8,N,,,,,,draft,345,16,8,고정값,claude_opus_4_7:8 claude_opus_4_7_trimmed:8 gemini:8 gemini_trimmed:8 reread_x3:8,,0,79
66,66_布德_1921-02,126,1921-02-15,,布德天下,李敦化,1,,8,N,,,,,,draft,232,13,8,고정값,claude_opus_4_7:8 claude_opus_4_7_trimmed:8 gemini:8 gemini_trimmed:8,,0,2
67,67_同歸_1921-03,127,1921-03-15,,同歸一體,李敦化,1,,7,N,,,,,,draft,329,24,7,고정값,claude_opus_4_7:7 claude_opus_4_7_trimmed:7 gemini:7 gemini_trimmed:7 reread_x3:5,,0,53
68,68_性無_1921-06,130,1921-06-15,,사람性의 無窮을 論하노라(續),李敦化,1,,5,N,,,,,,draft,1,0,5,고정값,claude_opus_4_7:5 claude_opus_4_7_trimmed:5 gemini:5 gemini_trimmed:5,,0,15
69,69_新文_1921-07,131,1921-07-15,,新文化는 무엇에 依하야 建設되랴,李敦化,1,,5,N,,,,,,draft,1,0,5,고정값,claude_opus_4_7:5 claude_opus_4_7_trimmed:5 gemini:5 gemini_trimmed:5,,0,37
70,70_中國_1921-12,136,1921-12-15,,中國 北京의 傳敎室 問題를 둣고 吾敎의 對外 發展을 賀함,李敦化,12,,6,N,,,,,,draft,1,0,6,고정값,claude_opus_4_7:6 claude_opus_4_7_trimmed:6 gemini:6 gemini_trimmed:6,,0,13
71,71_新紀_1922-01,137,1922-01-15,,新紀元을 劃한 우리敎의 新面目,李敦化,10,,6,N,,,,,,draft,1,0,6,고정값,claude_opus_4_7:6 claude_opus_4_7_trimmed:6 gemini:6 gemini_trimmed:6,,0,13
72,72_進化_1922-02,138,1922-02-15,,進化의 側面으로 본 人乃天,李敦化,8,,5,N,,,,,,draft,229,51,5,고정값,claude_opus_4_7:5 claude_opus_4_7_trimmed:5 gemini:5 gemini_trimmed:5 reread_x3:5,,0,63
73,73_信仰_1922-03,139,1922-03-15,,信仰 觀念의 本體,李敦化,8,,8,N,,,,,,draft,437,52,8,고정값,claude_opus_4_7:8 claude_opus_4_7_trimmed:8 gemini:8 gemini_trimmed:8 reread_x3:7,,0,23
74,74_信仰_1922-04,140,1922-04-15,,信仰 觀念의 本體(續),李敦化,15,,6,N,,,,,,draft,376,19,6,고정값,claude_opus_4_7:6 claude_opus_4_7_trimmed:6 gemini:6 gemini_trimmed:6,"claude_opus_4_7,claude_opus_4_7_trimmed,gemini",0,2
75,75_宗教_1922-05,141,1922-05-15,,宗教의 六大 要素,李敦化,10,,3,N,,,,,,draft,110,11,6,검출,claude_opus_4_7:6 claude_opus_4_7_trimmed:6 gemini:6 gemini_trimmed:6,,0,53
76,76_東經_1912-08,25,1912-08-15,敎理部,東經大全要旨講解(續),李敦化,12,,3,N,,,,,,draft,72,7,3,고정값,claude_opus_4_7:3 claude_opus_4_7_trimmed:3 gemini:3 gemini_trimmed:3,gemini_trimmed,0,0
77,77_靈通1_1912-10,27,1912-10-15,敎理部,靈通力이 事實됨을 解明言,李敦化,11,,8,N,,,,,,draft,234,35,8,고정값,claude_opus_4_7:8 claude_opus_4_7_trimmed:8 gemini:8 gemini_trimmed:8,gemini_trimmed,0,33
78,78_靈性_1913-04,33,1913-04-15,敎理部,靈性的 生活,李敦化,8,,4,N,,,,,,draft,99,14,4,고정값,claude_opus_4_7:4 claude_opus_4_7_trimmed:4 gemini:4 gemini_trimmed:4,,0,3
79,79_大神2_1918-08,96,1918-08-15,敎理部,大神師性靈出世說(其二),李敦化,14,,4,N,,,,,,draft,175,26,4,고정값,claude_opus_4_7:4 claude_opus_4_7_trimmed:4 gemini:4 gemini_trimmed:4 reread_x3:4,gemini_trimmed,0,3
80,80_大神3_1918-09,97,1918-09-15,敎理部,大神師性靈出世說(其三),李敦化,16,,3,N,,,,,,draft,249,21,3,고정값,claude_opus_4_7:3 claude_opus_4_7_trimmed:3 gemini:3 gemini_trimmed:3 reread_x3:1,,0,16
81,81_大神4_1918-10,98,1918-10-15,敎理部,大神師性靈出世說(其四),李敦化,14,,4,N,,,,,,draft,241,32,4,고정값,claude_opus_4_7:4 claude_opus_4_7_trimmed:4 gemini:4 gemini_trimmed:4 reread_x3:3,,8,14
82,82_大神5_1918-11,99,1918-11-15,敎理部,大神師性靈出世說(其五),李敦化,16,,3,N,,,,,,draft,160,19,3,고정값,claude_opus_4_7:3 claude_opus_4_7_trimmed:3 gemini:3 gemini_trimmed:3 reread_x3:2,,0,12
83,83_現代_1920-03,115,1920-03-15,敎門訂議,現代思潮와 事人如天主義,李敦化,1,,7,N,,,,,,draft,153,9,7,고정값,claude_opus_4_7:7 claude_opus_4_7_trimmed:7 gemini:7 gemini_trimmed:7,,0,11
84,84_年齡_1920-12,124,1920-12-15,,年齡論,李敦化,22,,7,N,,,,,,draft,1,0,7,고정값,claude_opus_4_7:7 claude_opus_4_7_trimmed:7 gemini:7 gemini_trimmed:7,,0,2
85,85_사람性_1921-04,128,1921-04-15,,사람性의 無窮을 論하노라,李敦化,1,,6,N,,,,,,draft,1,0,6,고정값,claude_opus_4_7:6 claude_opus_4_7_trimmed:6 gemini:6 gemini_trimmed:6,,0,36
86,86_우리_1921-11,135,1921-11-15,,"우리時代의 創造事業, 目下의 急先務를 提案함",李敦化,9,,6,N,,,,,,draft,1,0,6,고정값,claude_opus_4_7:6 claude_opus_4_7_trimmed:6 gemini:6 gemini_trimmed:6,,0,14
87,87_永久_1917-12,89,1917-12-15,雜俎,永久之愛妻,夜雷,29,,2,N,,,,,,draft,121,4,4,검출,claude_opus_4_7:4 claude_opus_4_7_trimmed:4 gemini:4 gemini_trimmed:4,"claude_opus_4_7_trimmed,gemini_trimmed",0,2
88,88_우리_1918-01,90,1918-01-15,諺文部,우리ᄂᆞᆫ 무슨 필요로 도를 닥는가,夜雷,4,,4,N,,,,,,draft,173,6,8,검출,claude_opus_4_7:8 claude_opus_4_7_trimmed:8 gemini:8 gemini_trimmed:8,claude_opus_4_7_trimmed,0,0
89,89_枕上_1918-02,91,1918-02-15,雜俎,枕上雜感,夜雷,30,,3,N,,,,,,draft,1,0,6,검출,claude_opus_4_7:6 claude_opus_4_7_trimmed:6 gemini:6 gemini_trimmed:6,"claude_opus_4_7_trimmed,gemini_trimmed",0,4
90,90_孤灯_1918-03,92,1918-03-15,雜俎,孤灯의 下에셔,夜雷,32,,5,N,,,,,,draft,1,0,10,검출,claude_opus_4_7:10 claude_opus_4_7_trimmed:10 gemini:10 gemini_trimmed:10,"claude_opus_4_7_trimmed,gemini_trimmed",0,9
91,91_因襲_1918-04,93,1918-04-15,敎門訂議,因襲的主觀에 拘束된 世人의 誤解,夜雷,1,1~7,7,N,,2026-08-12,Soo,일치,처음부터 목차와 같다. 제목부터 끝까지 완결,draft,481,13,14,검출,claude_opus_4_7:14 claude_opus_4_7_trimmed:14 gemini:14 gemini_trimmed:14,"claude_opus_4_7_trimmed,gemini_trimmed",0,45
92,92_京城_1918-05,94,1918-05-15,雜俎,京城에셔 永興까지,夜雷,43,,4,N,,,,,,draft,301,16,8,검출,claude_opus_4_7:8 claude_opus_4_7_trimmed:8 gemini:8 gemini_trimmed:8,,0,1
93,93_宗敎_1918-07,95,1918-07-15,敎門訂議,宗敎的修養과 處世方法(其一),夜雷,1,,4,N,,,,,,draft,238,5,8,검출,claude_opus_4_7:8 claude_opus_4_7_trimmed:8 gemini:8 gemini_trimmed:8,"claude_opus_4_7_trimmed,gemini_trimmed",0,7
94,94_宗敎_1918-08,96,1918-08-15,敎門訂議,宗敎的修養과 處世方法(其二),夜雷,6,,5,N,,,,,,draft,334,14,10,검출,claude_opus_4_7:10 claude_opus_4_7_trimmed:10 gemini:10 gemini_trimmed:10,,0,5
95,95_迷信_1918-09,97,1918-09-15,敎門訂議,迷의 信仰으로 覺의 信仰에,夜雷,1,,6,N,,,,,,draft,516,17,12,검출,claude_opus_4_7:12 claude_opus_4_7_trimmed:12 gemini:12 gemini_trimmed:12,"claude_opus_4_7_trimmed,gemini_trimmed",0,34
96,96_各其_1918-10,98,1918-10-15,敎門訂議,各其所信을 反省ᄒᆞ라,夜雷,8,,5,N,,,,,,draft,301,15,10,검출,claude_opus_4_7:10 claude_opus_4_7_trimmed:10 gemini:10 gemini_trimmed:10,,0,28
97,97_信仰_1918-11,99,1918-11-15,敎門訂議,信仰性과 社會性,夜雷,6,,5,N,,,,,,draft,320,20,10,검출,claude_opus_4_7:10 claude_opus_4_7_trimmed:10 gemini:10 gemini_trimmed:10,"claude_opus_4_7_trimmed,gemini_trimmed",0,18
98,98_信仰_1918-12,100,1918-12-18,敎理部,信仰性과 社會性(其二),夜雷,19,,5,N,,,,,,draft,258,5,10,검출,claude_opus_4_7:10 claude_opus_4_7_trimmed:10 gemini:10 gemini_trimmed:10,claude_opus_4_7_trimmed,0,49
99,99_信仰_1919-01,101,1919-01-15,敎理部,信仰性과 社會性(續),夜雷,13,,4,N,,,,,,draft,333,8,8,검출,claude_opus_4_7:8 claude_opus_4_7_trimmed:8 gemini:8 gemini_trimmed:8,,0,2
100,100_信仰_1919-02,102,1919-02-15,敎理部,信仰性과 社會性(其四),夜雷,11,,5,N,,,,,,draft,363,14,10,검출,claude_opus_4_7:10 claude_opus_4_7_trimmed:10 gemini:10 gemini_trimmed:10,"claude_opus_4_7_trimmed,gemini_trimmed",0,4
101,101_將來_1919-03,103,1919-03-15,敎門訂議,將來의 宗敎(續),夜雷,1,,8,N,,,,,,draft,381,14,16,검출,claude_opus_4_7:16 claude_opus_4_7_trimmed:16 gemini:16 gemini_trimmed:16,"claude_opus_4_7_trimmed,gemini_trimmed",0,31
102,102_默念_1919-04,104,1919-04-15,敎門訂議,默念論,夜雷,1,,12,N,,,,,,draft,496,21,24,검출,claude_opus_4_7:24 claude_opus_4_7_trimmed:24 gemini:24 gemini_trimmed:24,"claude_opus_4_7,claude_opus_4_7_trimmed",0,31
103,103_將來_1919-05,105,1919-05-15,敎門訂議,將來의 宗敎(其三),夜雷,6,,5,N,,,,,,draft,303,13,10,검출,claude_opus_4_7:10 claude_opus_4_7_trimmed:10 gemini:10 gemini_trimmed:10,gemini_trimmed,0,49
104,104_默念_1919-06,106,1919-06-15,敎理部,默念論(續),夜雷,15,,5,N,,,,,,draft,236,10,10,검출,claude_opus_4_7:10 claude_opus_4_7_trimmed:10 gemini:10 gemini_trimmed:10,,0,1
105,105_處世_1919-07,107,1919-07-15,講演,處世神言,夜雷,23,,6,N,,,,,,draft,409,6,12,검출,claude_opus_4_7:12 claude_opus_4_7_trimmed:12 gemini:12 gemini_trimmed:12,,0,6
106,106_自力_1919-09,109,1919-09-15,敎理部,自力的敎化,夜雷,17,,4,N,,,,,,draft,272,13,8,검출,claude_opus_4_7:8 claude_opus_4_7_trimmed:8 gemini:8 gemini_trimmed:8,,0,19
107,107_動物_1919-10,110,1919-10-15,讀者文壇,動物園訪問記,夜雷,37,,5,N,,,,,,draft,373,15,10,검출,claude_opus_4_7:10 claude_opus_4_7_trimmed:10 gemini:10 gemini_trimmed:10,,0,8
108,108_新信_1919-11,111,1919-11-15,敎理部,新信仰,夜雷,19,,3,N,,,,,,draft,127,18,6,검출,claude_opus_4_7:6 claude_opus_4_7_trimmed:6 gemini:6 gemini_trimmed:6,,0,23
109,109_萬事_1919-12,112,1919-12-15,敎理部,萬事知,夜雷,20,,4,N,,,,,,draft,232,10,8,검출,claude_opus_4_7:8 claude_opus_4_7_trimmed:8 gemini:8 gemini_trimmed:8,,0,49
110,110_宇宙_1920-01,113,1920-01-15,敎理部,宇宙의 中心,夜雷,27,,5,N,,,,,,draft,294,10,10,검출,claude_opus_4_7:10 claude_opus_4_7_trimmed:10 gemini:10 gemini_trimmed:10,"claude_opus_4_7_trimmed,gemini_trimmed",0,7
111,111_眞人_1920-02,114,1920-02-15,敎理部,眞의 人生,夜雷,15,,4,N,,,,,,draft,251,45,8,검출,claude_opus_4_7:8 claude_opus_4_7_trimmed:8 gemini:8 gemini_trimmed:8,,0,8
112,112_經傳_1920-03,115,1920-03-15,敎理部,經傳의 硏究,夜雷,23,,3,N,,,,,,draft,232,6,6,검출,claude_opus_4_7:6 claude_opus_4_7_trimmed:6 gemini:6 gemini_trimmed:6,,0,15
113,113_混沌_1920-04,116,1920-04-15,,混沌으로 나와 混沌에 도라가는 人生,夜雷,38,,4,N,,,,,,draft,231,17,8,검출,claude_opus_4_7:8 claude_opus_4_7_trimmed:8 gemini:8 gemini_trimmed:8,claude_opus_4_7_trimmed,0,79
114,114_水陸_1920-05,117,1920-05-15,講演,水陸三千里,夜雷,80,,8,N,,,,,,draft,554,52,16,검출,claude_opus_4_7:16 claude_opus_4_7_trimmed:16 gemini:16 gemini_trimmed:16,"claude_opus_4_7_trimmed,gemini_trimmed",0,1
115,115_朝鮮_1920-06,118,1920-06-15,,朝鮮에 特有한 宗敎思想을 論함,夜雷,38,,5,N,,,,,,draft,339,16,10,검출,claude_opus_4_7:10 claude_opus_4_7_trimmed:10 gemini:10 gemini_trimmed:10,"claude_opus_4_7_trimmed,gemini_trimmed",0,12
116,116_本報_1920-08,120,1920-08-15,,本報의 三界,夜雷,39,,4,N,,,,,,draft,214,9,8,검출,claude_opus_4_7:8 claude_opus_4_7_trimmed:8 gemini:8 gemini_trimmed:8,,0,20
117,117_呪文_1920-09,121,1920-09-15,,呪文의 哲學的 意義,夜雷,18,,2,N,,,,,,draft,106,4,4,검출,claude_opus_4_7:4 claude_opus_4_7_trimmed:4 gemini:4 gemini_trimmed:4,,0,3
118,118_實在_1920-11,123,1920-11-15,,實在論으로 觀한 人乃天主義,夜雷,31,,6,N,,,,,,draft,451,11,12,검출,claude_opus_4_7:12 claude_opus_4_7_trimmed:12 gemini:12 gemini_trimmed:12,,0,146
119,119_質疑_1921-04,128,1921-04-15,,質疑者에게 答함,夜雷,53,,8,N,,,,,,draft,397,23,16,검출,claude_opus_4_7:16 claude_opus_4_7_trimmed:16 gemini:16 gemini_trimmed:16,gemini_trimmed,0,70
120,120_質疑_1921-07,131,1921-07-15,,質疑者의게 答함,夜雷,58,,3,N,,,,,,draft,220,4,6,검출,claude_opus_4_7:6 claude_opus_4_7_trimmed:6 gemini:6 gemini_trimmed:6,,0,33
121,121_追僧_1917-11,88,1917-11-15,雜俎,追僧과 活僧,滄海居士,24,,3,N,,,,,,draft,94,7,6,검출,claude_opus_4_7:6 claude_opus_4_7_trimmed:6 gemini:6 gemini_trimmed:6,"claude_opus_4_7_trimmed,gemini_trimmed",0,1
122,122_野花_1917-12,89,1917-12-15,敎理部,野花千萬枝遊客忘歸家,滄海居士,11,,3,N,,,,,,draft,131,4,6,검출,claude_opus_4_7:6 claude_opus_4_7_trimmed:6 gemini:6 gemini_trimmed:6,"claude_opus_4_7_trimmed,gemini_trimmed",0,9
123,123_龍潭_1918-01,90,1918-01-15,敎理部,龍潭心法,滄海居士,9,,4,N,,,,,,draft,90,1,8,검출,claude_opus_4_7:8 claude_opus_4_7_trimmed:8 gemini:8 gemini_trimmed:8,"claude_opus_4_7_trimmed,gemini_trimmed",0,3
124,124_是我_1918-02,91,1918-02-15,講演,是我死生觀,滄海居士,16,,4,N,,,,,,draft,234,19,8,검출,claude_opus_4_7:8 claude_opus_4_7_trimmed:8 gemini:8 gemini_trimmed:8,"claude_opus_4_7,claude_opus_4_7_trimmed,gemini_trimmed",0,8
125,125_近庚_1918-03,92,1918-03-15,敎門訂議,近ᄒᆞ야 오ᄂᆞᆫ 庚申四月,滄海居士,5,,4,N,,,,,,draft,222,16,8,검출,claude_opus_4_7:8 claude_opus_4_7_trimmed:8 gemini:8 gemini_trimmed:8,gemini_trimmed,0,6
126,126_任筆_1918-04,93,1918-04-15,雜俎,任筆錄,滄海居士,42,42~47,6,N,,2026-08-12,Soo,고침,"목차는 「還元一束/滄海居士/42」 「任筆錄/朴炳玉/41」로 밀려 있었다. 지면 42~47은 滄海居士의 任筆錄이다. 폴더명 126_還元 → 126_任筆, series_index·meta.yaml 함께 정정. 「還元一束」은 개별 글이 아니라 부고 고정란(통58~198)",draft,516,18,12,검출,claude_opus_4_7:12 claude_opus_4_7_trimmed:12 gemini:12 gemini_trimmed:12 reread_x3:12,"claude_opus_4_7_trimmed,gemini_trimmed",0,4
127,127_偉大_1918-05,94,1918-05-15,敎理部,偉大ᄒᆞᆫ 心의 世界 其二,滄海居士,15,,5,N,,,,,,draft,325,14,10,검출,claude_opus_4_7:10 claude_opus_4_7_trimmed:10 gemini:10 gemini_trimmed:10,"claude_opus_4_7_trimmed,gemini_trimmed",0,4
128,128_任筆_1918-07,95,1918-07-15,雜俎,任筆錄(其三),滄海居士,30,,3,N,,,,,,draft,199,7,6,검출,claude_opus_4_7:6 claude_opus_4_7_trimmed:6 gemini:6 gemini_trimmed:6,"claude_opus_4_7_trimmed,gemini_trimmed",0,1
129,129_任筆_1918-09,97,1918-09-15,雜俎,任筆錄(其五),滄海居士,31,,4,N,,,,,,draft,291,9,8,검출,claude_opus_4_7:8 claude_opus_4_7_trimmed:8 gemini:8 gemini_trimmed:8,gemini_trimmed,0,7
130,130_任筆_1918-10,98,1918-10-15,雜俎,任筆錄(其六),滄海居士,30,,5,N,,,,,,draft,478,11,10,검출,claude_opus_4_7:10 claude_opus_4_7_trimmed:10 gemini:10 gemini_trimmed:10 reread_x3:10,"claude_opus_4_7_trimmed,gemini_trimmed",0,1
131,131_任筆_1918-11,99,1918-11-15,雜俎,任筆錄(其六),滄海居士,37,,4,N,,,,,,draft,301,14,8,검출,claude_opus_4_7:8 claude_opus_4_7_trimmed:8 gemini:8 gemini_trimmed:8,gemini_trimmed,0,8
132,132_任筆_1918-12,100,1918-12-18,雜俎,任筆錄(其八),滄海居士,63,,4,N,,,,,,draft,318,14,8,검출,claude_opus_4_7:8 claude_opus_4_7_trimmed:8 gemini:8 gemini_trimmed:8,,0,21
133,133_任筆_1919-01,101,1919-01-15,雜俎,任筆錄,滄海居士,40,,4,N,,,,,,draft,263,2,8,검출,claude_opus_4_7:8 claude_opus_4_7_trimmed:8 gemini:8 gemini_trimmed:8,"claude_opus_4_7_trimmed,gemini_trimmed",0,6
134,134_蓬萊_1919-02,102,1919-02-15,雜俎,蓬萊山(其一),滄海居士,39,,6,N,,,,,,draft,383,35,12,검출,claude_opus_4_7:12 claude_opus_4_7_trimmed:12 gemini:12 gemini_trimmed:12,"claude_opus_4_7_trimmed,gemini_trimmed",0,1
135,135_蓬萊_1919-03,103,1919-03-15,雜俎,蓬萊山(其二),滄海居士,30,,6,N,,,,,,draft,420,18,12,검출,claude_opus_4_7:12 claude_opus_4_7_trimmed:12 gemini:12 gemini_trimmed:12,"claude_opus_4_7_trimmed,gemini_trimmed",0,0
136,136_余告_1919-04,104,1919-04-15,講演,余의 告白,白頭山人,31,,4,N,,,,,,draft,210,17,8,검출,claude_opus_4_7:8 claude_opus_4_7_trimmed:8 gemini:8 gemini_trimmed:8,,0,13
137,137_心世_1919-04,104,1919-04-15,敎理部,心의 世界,滄海居士,16,,5,N,,,,,,draft,302,23,10,검출,claude_opus_4_7:10 claude_opus_4_7_trimmed:10 gemini:10 gemini_trimmed:10,,0,3
138,138_處世_1919-05,105,1919-05-15,講演,處世神言,白頭山人,23,,4,N,,,,,,draft,329,8,8,검출,claude_opus_4_7:8 claude_opus_4_7_trimmed:8 gemini:8 gemini_trimmed:8,,0,6
139,139_最後_1919-06,106,1919-06-15,講演,最後宗敎의 大性無量光,白頭山人,24,,5,N,,,,,,draft,407,19,10,검출,claude_opus_4_7:10 claude_opus_4_7_trimmed:10 gemini:10 gemini_trimmed:10,,0,5
140,140_月尾_1919-06,106,1919-06-15,雜俎,月尾島의 春色,滄海居士,39,,5,N,,,,,,draft,543,24,10,검출,claude_opus_4_7:10 claude_opus_4_7_trimmed:10 gemini:10 gemini_trimmed:10 reread_x3:10 reread_x4:10,,0,3
141,141_神人_1919-07,107,1919-07-15,敎理部,神人의 跡,白頭山人,16,,7,N,,,,,,draft,673,38,14,검출,claude_opus_4_7:14 claude_opus_4_7_trimmed:14 gemini:14 gemini_trimmed:14 reread_x3:14,,0,0
142,142_體的_1919-07,107,1919-07-15,講演,體的倫理,滄海居士,27,,4,N,,,,,,draft,292,3,8,검출,claude_opus_4_7:8 claude_opus_4_7_trimmed:8 gemini:8 gemini_trimmed:8,,0,23
143,143_略史_1919-09,109,1919-09-15,敎理部,略史及敎理,白頭山人,13,,4,N,,,,,,draft,343,0,8,검출,claude_opus_4_7:8 claude_opus_4_7_trimmed:8 gemini:8 gemini_trimmed:8,,0,0
144,144_北遊_1919-09,109,1919-09-15,雜俎,北遊半個月,滄海居士,41,,3,N,,,,,,draft,290,17,6,검출,claude_opus_4_7:6 claude_opus_4_7_trimmed:6 gemini:6 gemini_trimmed:6 reread_x3:6,,0,1
145,145_略史_1919-10,110,1919-10-15,敎理部,略史及敎理(其三),白頭山人,12,,4,N,,,,,,draft,402,9,8,검출,claude_opus_4_7:8 claude_opus_4_7_trimmed:8 gemini:8 gemini_trimmed:8 reread_x3:8,,0,0
146,146_略史_1919-11,111,1919-11-15,敎理部,略史及敎理,白頭山人,12,,3,N,,,,,,draft,154,10,6,검출,claude_opus_4_7:6 claude_opus_4_7_trimmed:6 gemini:6 gemini_trimmed:6,,0,0
147,147_活動_1919-11,111,1919-11-15,敎理部,活動主義의 道德,滄海居士,15,,4,N,,,,,,draft,253,15,8,검출,claude_opus_4_7:8 claude_opus_4_7_trimmed:8 gemini:8 gemini_trimmed:8,,0,7
148,148_略史_1919-12,112,1919-12-15,敎理部,略史及敎理,白頭山人,17,,3,N,,,,,,draft,198,15,6,검출,claude_opus_4_7:6 claude_opus_4_7_trimmed:6 gemini:6 gemini_trimmed:6,claude_opus_4_7_trimmed,0,0
149,149_理想_1919-12,112,1919-12-15,敎理部,理想의 力,滄海居士,24,,3,N,,,,,,draft,179,4,6,검출,claude_opus_4_7:6 claude_opus_4_7_trimmed:6 gemini:6 gemini_trimmed:6,,0,1
150,150_略史_1920-01,113,1920-01-15,敎理部,略史及敎理,白頭山人,23,,3,N,,,,,,draft,311,12,6,검출,claude_opus_4_7:6 claude_opus_4_7_trimmed:6 gemini:6 gemini_trimmed:6 reread_x3:6 reread_x4:6,,0,0
151,151_涙_1920-01,113,1920-01-15,讀者文壇,涙,滄海居士,71,,3,N,,,,,,draft,138,29,6,검출,claude_opus_4_7:6 claude_opus_4_7_trimmed:6 gemini:6 gemini_trimmed:6,"claude_opus_4_7_trimmed,gemini_trimmed",0,3
152,152_大神_1920-02,114,1920-02-15,敎理部,大神師이 法言이 時代의 預言的으로 되야음,滄海居士,27,,3,N,,,,,,draft,191,9,6,검출,claude_opus_4_7:6 claude_opus_4_7_trimmed:6 gemini:6 gemini_trimmed:6,"claude_opus_4_7_trimmed,gemini_trimmed",0,2
153,153_略史_1920-03,115,1920-03-15,敎理部,略史及敎理,白頭山人,20,,3,N,,,,,,draft,252,8,6,검출,claude_opus_4_7:6 claude_opus_4_7_trimmed:6 gemini:6 gemini_trimmed:6,,0,1
154,154_遺詞_1920-08,120,1920-08-15,,遺詞中으로 觀한 大神師의 法訓,白頭山人,56,,3,N,,,,,,draft,143,8,6,검출,claude_opus_4_7:6 claude_opus_4_7_trimmed:6 gemini:6 gemini_trimmed:6,"claude_opus_4_7_trimmed,gemini_trimmed",0,1
155,155_問者_1920-09,121,1920-09-15,,問者의게 答함,滄海居士,36,,2,N,,,,,,draft,141,8,4,검출,claude_opus_4_7:4 claude_opus_4_7_trimmed:4 gemini:4 gemini_trimmed:4,,0,0
156,156_年齡_1921-12,136,1921-12-15,,年齡上 問題,白頭山人,73,,8,N,,,,,,draft,651,22,16,검출,claude_opus_4_7:16 claude_opus_4_7_trimmed:16 gemini:16 gemini_trimmed:16,,0,6
157,157_蓬萊_1919-05,105,1919-05-15,雜俎,蓬萊山,滄海居士,38,,3,N,,,,,,draft,266,10,6,검출,claude_opus_4_7:6 claude_opus_4_7_trimmed:6 gemini:6 gemini_trimmed:6 reread_x3:6,,0,0
158,158_我觀_1913-07,36,1913-07-15,講演,我觀苦樂論,李敦化,19,통36 19~23쪽 (5면),2,Y,보유 19~20쪽 (2면) · 결락 21~23쪽,2026-08-12,Soo,지면부족,제목은 論이다(NL 서지의 「說」은 오류). 필자 李敦化는 20쪽 상단에서 확인. 19쪽은 제목과 쪽번호뿐이고 20쪽 하단이 종결되지 않는다. 실제 5면인데 19~20쪽 두 장만 보유 — 21~23쪽 결락. 20쪽 하단의 「今古俚海(第五)」는 다른 란의 글,draft,78,2,4,검출,claude_opus_4_7:4 claude_opus_4_7_trimmed:4 gemini:4 gemini_trimmed:4,"claude_opus_4_7_trimmed,gemini_trimmed",0,1
