group,keyword,first_article,total_count,n_articles,articles_top3
HYEONSANG_SIG,現象即實在,020_光說_1913-02,5,3,075_宗教_1922-05(3); 020_光說_1913-02(1); 040_信仰_1918-03(1)
HYEONSANG_SIG,現象即絶對,020_光說_1913-02,3,1,020_光說_1913-02(3)
HYEONSANG_SIG,絶對即現象,020_光說_1913-02,2,1,020_光說_1913-02(2)
HYEONSANG_SIG,即實在,020_光說_1913-02,5,3,075_宗教_1922-05(3); 020_光說_1913-02(1); 040_信仰_1918-03(1)
HYEONSANG_SIG,即絶對,020_光說_1913-02,3,1,020_光說_1913-02(3)
HYEONSANG_SIG,現象即,020_光說_1913-02,8,3,020_光說_1913-02(4); 075_宗教_1922-05(3); 040_信仰_1918-03(1)
INOUE_C02,唯物,039_宗敎_1918-02,1,1,039_宗敎_1918-02(1)
INOUE_C02,唯心,023_個性_1914-01,2,2,023_個性_1914-01(1); 038_新年_1918-01(1)
INOUE_C02,實在論,020_光說_1913-02,1,1,020_光說_1913-02(1)
INOUE_C02,實在,012_我觀_1912-03,27,12,075_宗教_1922-05(6); 045_新年_1919-01(5); 073_信仰_1922-03(4)
INOUE_LIFE,生命,011_死後_1912-02,41,16,072_進化_1922-02(11); 011_死後_1912-02(7); 053_今日_1919-10(5)
INOUE_LIFE,靈魂,025_吊孫_1914-04,17,7,065_拘束_1920-11(11); 025_吊孫_1914-04(1); 029_真理_1914-11(1)
INOUE_LIFE,精神,002_信念_1911-04,272,48,069_新文_1921-07(15); 017_東經_1912-09(14); 018_靈通_1912-12(14)
INOUE_LIFE,意識,015_東經_1912-06,40,11,059_哲人_1920-05(8); 065_拘束_1920-11(8); 075_宗教_1922-05(6)
INOUE_LIFE,死生,004_人乃_1911-07,19,8,042_大神_1918-07(5); 004_人乃_1911-07(3); 030_最高_1915-05(3)
INOUE_LIFE,生死,011_死後_1912-02,20,13,045_新年_1919-01(3); 058_庚申_1920-04(3); 063_法門_1920-09(3)
INNAECHEON,人乃天,002_信念_1911-04,160,30,075_宗教_1922-05(32); 069_新文_1921-07(26); 071_新紀_1922-01(11)
INNAECHEON,侍天,005_觀感_1911-08,14,7,040_信仰_1918-03(3); 042_大神_1918-07(3); 063_法門_1920-09(3)
INNAECHEON,性靈,002_信念_1911-04,37,11,054_十月_1919-11(10); 042_大神_1918-07(8); 004_人乃_1911-07(7)
INNAECHEON,人性,006_還人_1911-09,17,6,075_宗教_1922-05(6); 006_還人_1911-09(4); 018_靈通_1912-12(3)
INNAECHEON,事人如天,051_愛開_1919-07,8,4,064_布德_1920-10(3); 051_愛開_1919-07(2); 075_宗教_1922-05(2)
INNAECHEON,物物天,005_觀感_1911-08,5,5,005_觀感_1911-08(1); 011_死後_1912-02(1); 013_宇宙_1912-04(1)
INNAECHEON,事事天,005_觀感_1911-08,4,4,005_觀感_1911-08(1); 013_宇宙_1912-04(1); 029_真理_1914-11(1)
DARWINIST,進化,016_東經_1912-07,161,23,072_進化_1922-02(41); 029_真理_1914-11(12); 032_人生_1915-08(12)
DARWINIST,適者生存,060_自己_1920-06,1,1,060_自己_1920-06(1)
DARWINIST,優勝劣敗,057_天道_1920-02,1,1,057_天道_1920-02(1)
DARWINIST,淘汰,047_我觀_1919-03,1,1,047_我觀_1919-03(1)
DARWINIST,生存競爭,039_宗敎_1918-02,3,2,072_進化_1922-02(2); 039_宗敎_1918-02(1)
SUPERMAN,超人,049_默念_1919-05,15,2,075_宗教_1922-05(13); 049_默念_1919-05(2)
SUPERMAN,超現人,075_宗教_1922-05,5,1,075_宗教_1922-05(5)
SUPERMAN,超越,021_默念_1913-03,9,7,048_靈通_1919-04(2); 067_同歸_1921-03(2); 021_默念_1913-03(1)
WESTERN_PHILS,니체,075_宗教_1922-05,1,1,075_宗教_1922-05(1)
WESTERN_PHILS,메치니코,072_進化_1922-02,1,1,072_進化_1922-02(1)
WESTERN_PHILS,哲學者,037_吾敎_1917-12,11,6,037_吾敎_1917-12(4); 040_信仰_1918-03(2); 059_哲人_1920-05(2)
JAP_PHILS,高山,020_光說_1913-02,2,1,020_光說_1913-02(2)
SOCIALISM,社會主義,067_同歸_1921-03,1,1,067_同歸_1921-03(1)
SOCIALISM,階級鬪爭,060_自己_1920-06,3,1,060_自己_1920-06(3)
SOCIALISM,階級,016_東經_1912-07,20,11,061_自己_1920-07(7); 060_自己_1920-06(3); 037_吾敎_1917-12(2)
SOCIALISM,勞働,061_自己_1920-07,3,2,061_自己_1920-07(2); 072_進化_1922-02(1)
COMP_RELIGION,儒敎,011_死後_1912-02,6,5,075_宗教_1922-05(2); 011_死後_1912-02(1); 018_靈通_1912-12(1)
COMP_RELIGION,佛敎,008_因果_1911-11,11,9,067_同歸_1921-03(2); 075_宗教_1922-05(2); 008_因果_1911-11(1)
COMP_RELIGION,基督,011_死後_1912-02,13,8,065_拘束_1920-11(4); 069_新文_1921-07(2); 075_宗教_1922-05(2)
COMP_RELIGION,回敎,005_觀感_1911-08,2,2,005_觀感_1911-08(1); 012_我觀_1912-03(1)
COMP_RELIGION,回教,043_追悼_1918-09,1,1,043_追悼_1918-09(1)
COMP_RELIGION,婆羅門,003_宗敎_1911-06,3,2,003_宗敎_1911-06(2); 069_新文_1921-07(1)
COMP_RELIGION,猶太,003_宗敎_1911-06,8,4,019_理想_1913-01(3); 003_宗敎_1911-06(2); 065_拘束_1920-11(2)
REFORM,改造,032_人生_1915-08,78,13,055_改造_1919-12(26); 060_自己_1920-06(15); 059_哲人_1920-05(8)
REFORM,解放,059_哲人_1920-05,53,6,060_自己_1920-06(21); 061_自己_1920-07(16); 059_哲人_1920-05(13)
REFORM,革新,060_自己_1920-06,6,3,071_新紀_1922-01(4); 060_自己_1920-06(1); 062_十週_1920-08(1)
REFORM,自由,005_觀感_1911-08,134,18,005_觀感_1911-08(47); 012_我觀_1912-03(25); 065_拘束_1920-11(23)
REFORM,平等,019_理想_1913-01,18,12,069_新文_1921-07(5); 032_人生_1915-08(2); 046_將來_1919-02(2)
REFORM,民族,056_天道_1920-01,28,7,069_新文_1921-07(13); 070_中國_1921-12(8); 060_自己_1920-06(2)
REFORM,데모크라시,060_自己_1920-06,2,1,060_自己_1920-06(2)
