series_index,publish_date,tonggwon,section,title,page_in_journal,n_pages_journal_total,cnts_id,downloaded_pages,downloaded_bytes,partial
1,1911-01-15,6,講演,勸誘天下失樂者,25,60,CNTS-00048033199,3,757627,N
2,1911-04-15,9,講演,信念의 神聖,26,56,CNTS-00048060752,3,661296,N
3,1911-06-15,11,講演,宗敎統一은 自然의 勢,27,70,CNTS-00048060778,3,757751,N
4,1911-07-15,12,敎理部,人乃天,10,65,CNTS-00048060783,3,780511,N
5,1911-08-15,13,敎理部,觀感說,30,71,CNTS-00048033772,4,1070690,N
6,1911-09-15,14,敎理部,還人欲이라야 眞樂生이오 眞樂이라야 世界得幸福이라,14,59,CNTS-00048047533,4,1026691,N
7,1911-10-15,15,講演,大雄無畏觀,23,70,CNTS-00048074995,5,1266540,N
8,1911-11-15,16,講演,因果의 神案,24,71,CNTS-00048033811,4,960643,N
9,1911-12-15,17,講演,運命說,29,70,CNTS-00048075020,3,713845,N
10,1912-01-15,18,講演,新年에 對ᄒᆞᆫ 新感想으로 新發明을 公告言,19,71,CNTS-00048061346,4,935349,N
11,1912-02-15,19,講演,死後問題,21,72,CNTS-00048033844,6,1501073,N
12,1912-03-15,20,講演,我觀人生,32,71,CNTS-00048033855,6,1445692,N
13,1912-04-15,21,敎理部,宇宙說,9,70,CNTS-00048033863,4,923390,N
14,1912-05-15,22,講演,自修喻人의 解,25,67,CNTS-00048075088,3,756172,N
15,1912-06-15,23,敎理部,東經大全要旨講解,9,68,CNTS-00048075104,4,1003451,N
16,1912-07-15,24,敎理部,東經大全要旨講解(續),7,61,CNTS-00048075115,4,969279,N
17,1912-09-15,26,敎理部,東經要旨講解(續),14,65,CNTS-00048075139,4,993893,N
18,1912-12-15,29,敎理部,靈通力의 事實됨을 解明言(續),12,72,CNTS-00048033953,5,1233701,N
19,1913-01-15,30,雜俎,理想中新光陰,37,67,CNTS-00048075206,3,711763,N
20,1913-02-15,31,雜俎,光의 說,34,70,CNTS-00048061495,5,1274023,N
21,1913-03-15,32,講演,默念中三我,24,66,CNTS-00048075223,2,529152,N
22,1913-08-15,37,敎門訂議,紀念과 余의 告白,6,70,CNTS-00048077949,6,1526114,N
23,1914-01-15,42,敎理部,個性中心說,15,55,CNTS-00048050609,3,711411,N
24,1914-03-15,44,敎門訂議,定州郡敎區室實記,4,64,CNTS-00048064297,5,1172817,N
25,1914-04-15,45,雜俎,吊孫鳳奎文幷小引,32,67,CNTS-00048064313,3,724089,N
26,1914-05-15,46,雜俎,韓錫泰君追悼會席에서,28,60,CNTS-00048050664,3,714043,N
27,1914-08-15,49,雜俎,定州로 붓터 高原에,32,67,CNTS-00048078073,4,965807,N
28,1914-10-15,51,雜俎,余의 暗遊,28,63,CNTS-00048051116,3,736907,N
29,1914-11-15,52,敎理部,真理의 根底를 誤解치 勿하라,7,67,CNTS-00048064794,5,1167875,N
30,1915-05-15,58,講演,最高消遣法,25,74,CNTS-00048064840,3,660342,N
31,1915-06-15,59,雜俎,篤心者의 精靈不滅,38,78,CNTS-00048078602,3,702647,N
32,1915-08-15,61,敎理部,人生은 神에 出ᄒᆞ야 神에 歸言故로 人生의 目的은 道를 覺홈에 在함,12,75,CNTS-00048078620,7,1780799,N
33,1915-09-15,62,雜俎,金剛山追憶大神師,34,72,CNTS-00048051212,3,697411,N
34,1915-10-15,63,講演,大宇宙之戀愛,26,74,CNTS-00048051218,3,758056,N
35,1917-01-15,78,敎門訂議,人生과 新年,5,70,CNTS-00048078754,3,684042,N
36,1917-11-15,88,敎理部,是我修養,10,67,CNTS-00048065094,3,789139,N
37,1917-12-15,89,敎門訂議,吾敎의 大宗,2,64,CNTS-00048051447,7,1845316,N
38,1918-01-15,90,敎門訂議,新年과 人生,5,71,CNTS-00048037653,3,759592,N
39,1918-02-15,91,敎理部,宗敎의 兩側面,9,81,CNTS-00048078878,3,855515,N
40,1918-03-15,92,講演,信仰上으로 觀ᄒᆞᆯ 吾人의 努力,18,88,CNTS-00048078891,5,1242418,N
41,1918-05-15,94,敎門訂議,兩道師巡回와 關北敎友,8,92,CNTS-00048037691,5,1398259,N
42,1918-07-15,95,敎理部,大神師性靈出世說(其一),10,82,CNTS-00048065154,5,1141336,N
43,1918-09-15,97,雜俎,追悼香山文,37,86,CNTS-00048065182,3,653373,N
44,1918-12-18,100,敎門訂議,百號紀念에 對ᄒᆞᆫ 余의 感想,9,179,CNTS-00048037751,5,1117063,N
45,1919-01-15,101,敎門訂議,新年元旦,8,86,CNTS-00048037771,5,1178058,N
46,1919-02-15,102,敎門訂議,將來의 宗敎,1,98,CNTS-00048051596,6,1303100,N
47,1919-03-15,103,敎理部,我觀東經,14,79,CNTS-00048079000,5,1092308,N
48,1919-04-15,104,敎理部,靈通說,24,86,CNTS-00048065272,5,1167944,N
49,1919-05-15,105,敎理部,默念論(續),11,89,CNTS-00048079021,7,1576033,N
50,1919-06-15,106,敎門訂議,眞實된 信仰生活,1,91,CNTS-00048079026,8,1719460,N
51,1919-07-15,107,敎門訂議,愛의 開放,6,84,CNTS-00048037824,5,973371,N
52,1919-09-15,109,敎門訂議,自覺ᄒᆞ야써 其根에 歸ᄒᆞ라,1,92,CNTS-00048037837,6,1138710,N
53,1919-10-15,110,敎門訂議,今日以後의 宗敎,2,99,CNTS-00048037846,5,1092587,N
54,1919-11-15,111,敎門訂議,十月二十八日大祈禱,2,102,CNTS-00048051660,5,1052844,N
55,1919-12-15,112,敎門訂議,改造와 宗敎,4,104,CNTS-00048065323,5,1061390,N
56,1920-01-15,113,敎門訂議,天道敎六十一歲花甲庚申을 迎喜,7,124,CNTS-00048065337,6,1056938,Y
57,1920-02-15,114,敎門訂議,天道敎靑年臨時敎理講習會에 就하야,1,108,CNTS-00048079093,6,1173971,N
58,1920-04-15,116,,庚申四月五日,3,146,CNTS-00048065358,6,1527492,N
59,1920-05-15,117,敎門訂議,哲人主義의 將來와 新宗敎의 價値,8,114,CNTS-00048037930,5,1103922,N
60,1920-06-15,118,,自己解放과 人乃天主義,1,103,CNTS-00048065377,8,1680314,N
61,1920-07-15,119,,自己解放과 人乃天主義(續),1,108,CNTS-00048079146,5,1006608,N
62,1920-08-15,120,,十週年,1,121,CNTS-00048051778,9,1812105,N
63,1920-09-15,121,,오로지 法門에 依信하라,1,110,CNTS-00048037962,8,1641114,N
64,1920-10-15,122,,布德天下는 活誠에 在하니라,7,109,CNTS-00048037974,5,1052333,N
65,1920-11-15,123,,拘束의 宗敎로부터 自由의 宗敎,1,102,CNTS-00048079183,8,1747977,N
66,1921-02-15,126,,布德天下,1,112,CNTS-00048065445,8,1835346,N
67,1921-03-15,127,,同歸一體,1,122,CNTS-00048079209,7,1444087,N
68,1921-06-15,130,,사람性의 無窮을 論하노라(續),1,114,CNTS-00048079229,5,1183016,N
69,1921-07-15,131,,新文化는 무엇에 依하야 建設되랴,1,106,CNTS-00048038033,5,1098261,N
70,1921-12-15,136,,中國 北京의 傳敎室 問題를 둣고 吾敎의 對外 發展을 賀함,12,108,CNTS-00048079251,6,1393135,N
71,1922-01-15,137,,新紀元을 劃한 우리敎의 新面目,10,123,CNTS-00048051863,6,1425197,N
72,1922-02-15,138,,進化의 側面으로 본 人乃天,8,106,CNTS-00133846655,5,1647330,N
73,1922-03-15,139,,信仰 觀念의 本體,8,112,CNTS-00048065516,8,2115780,N
74,1922-04-15,140,,信仰 觀念의 本體(續),15,101,CNTS-00048051884,6,1278332,N
75,1922-05-15,141,,宗教의 六大 要素,10,104,CNTS-00048065528,3,718657,N
76,1912-08-15,25,敎理部,東經大全要旨講解(續),12,0,,3,716298,N
77,1912-10-15,27,敎理部,靈通力이 事實됨을 解明言,11,0,,8,2015339,N
78,1913-04-15,33,敎理部,靈性的 生活,8,0,,4,1041628,N
79,1918-08-15,96,敎理部,大神師性靈出世說(其二),14,0,,4,904466,N
80,1918-09-15,97,敎理部,大神師性靈出世說(其三),16,0,,3,699607,N
81,1918-10-15,98,敎理部,大神師性靈出世說(其四),14,0,,4,1062410,N
82,1918-11-15,99,敎理部,大神師性靈出世說(其五),16,0,,3,644262,N
83,1920-03-15,115,敎門訂議,現代思潮와 事人如天主義,1,0,,7,1427420,N
84,1920-12-15,124,,年齡論,22,0,,7,1509224,N
85,1921-04-15,128,,사람性의 無窮을 論하노라,1,0,,6,1351634,N
86,1921-11-15,135,,"우리時代의 創造事業, 目下의 急先務를 提案함",9,0,,6,1211585,N
87,1917-12-15,89,雜俎,永久之愛妻,29,0,CNTS-00048065105,2,531194,N
88,1918-01-15,90,諺文部,우리ᄂᆞᆫ 무슨 필요로 도를 닥는가,4,0,CNTS-00048037658,4,966433,N
89,1918-02-15,91,雜俎,枕上雜感,30,0,CNTS-00048037666,3,819612,N
90,1918-03-15,92,雜俎,孤灯의 下에셔,32,0,CNTS-00048078893,5,1258083,N
91,1918-04-15,93,敎門訂議,因襲的主觀에 拘束된 世人의 誤解,1,0,CNTS-00048051495,7,1927390,N
92,1918-05-15,94,雜俎,京城에셔 永興까지,43,0,CNTS-00048065151,4,1022085,N
93,1918-07-15,95,敎門訂議,宗敎的修養과 處世方法(其一),1,0,CNTS-00048051512,4,898318,N
94,1918-08-15,96,敎門訂議,宗敎的修養과 處世方法(其二),6,0,CNTS-00048037717,5,1188107,N
95,1918-09-15,97,敎門訂議,迷의 信仰으로 覺의 信仰에,1,0,CNTS-00048051530,6,1458786,N
96,1918-10-15,98,敎門訂議,各其所信을 反省ᄒᆞ라,8,0,CNTS-00048065192,5,1288590,N
97,1918-11-15,99,敎門訂議,信仰性과 社會性,6,0,CNTS-00048037734,5,1127133,N
98,1918-12-18,100,敎理部,信仰性과 社會性(其二),19,0,CNTS-00048078969,5,1191177,N
99,1919-01-15,101,敎理部,信仰性과 社會性(續),13,0,CNTS-00048037772,4,881301,N
100,1919-02-15,102,敎理部,信仰性과 社會性(其四),11,0,CNTS-00048078992,5,1119984,N
101,1919-03-15,103,敎門訂議,將來의 宗敎(續),1,0,CNTS-00048037792,8,1761300,N
102,1919-04-15,104,敎門訂議,默念論,1,0,CNTS-00048065270,12,2874537,N
103,1919-05-15,105,敎門訂議,將來의 宗敎(其三),6,0,CNTS-00048037809,5,1253148,N
104,1919-06-15,106,敎理部,默念論(續),15,0,CNTS-00048079027,5,1007718,N
105,1919-07-15,107,講演,處世神言,23,0,CNTS-00048065278,6,1405322,N
106,1919-09-15,109,敎理部,自力的敎化,17,0,CNTS-00048037838,4,708943,N
107,1919-10-15,110,讀者文壇,動物園訪問記,37,0,CNTS-00048079050,5,1081107,N
108,1919-11-15,111,敎理部,新信仰,19,0,CNTS-00048079064,3,482238,N
109,1919-12-15,112,敎理部,萬事知,20,0,CNTS-00048079075,4,834811,N
110,1920-01-15,113,敎理部,宇宙의 中心,27,0,CNTS-00048065340,5,996948,N
111,1920-02-15,114,敎理部,眞의 人生,15,0,CNTS-00048051700,4,755892,N
112,1920-03-15,115,敎理部,經傳의 硏究,23,0,CNTS-00048065355,3,614419,N
113,1920-04-15,116,,混沌으로 나와 混沌에 도라가는 人生,38,0,CNTS-00048079120,4,819008,N
114,1920-05-15,117,講演,水陸三千里,80,0,CNTS-00048037937,8,1797057,N
115,1920-06-15,118,,朝鮮에 特有한 宗敎思想을 論함,38,0,CNTS-00048051761,5,1017675,N
116,1920-08-15,120,,本報의 三界,39,0,CNTS-00048037958,4,895744,N
117,1920-09-15,121,,呪文의 哲學的 意義,18,0,CNTS-00048037963,2,394693,N
118,1920-11-15,123,,實在論으로 觀한 人乃天主義,31,0,CNTS-00048051798,6,1327490,N
119,1921-04-15,128,,質疑者에게 答함,53,0,CNTS-00048051824,8,1877111,N
120,1921-07-15,131,,質疑者의게 答함,58,0,CNTS-00048079238,3,593524,N
121,1917-11-15,88,雜俎,追僧과 活僧,24,0,CNTS-00048078852,3,806034,N
122,1917-12-15,89,敎理部,野花千萬枝遊客忘歸家,11,0,CNTS-00048051448,3,794177,N
123,1918-01-15,90,敎理部,龍潭心法,9,0,CNTS-00133846413,4,1461516,N
124,1918-02-15,91,講演,是我死生觀,16,0,CNTS-00048051476,4,1077422,N
125,1918-03-15,92,敎門訂議,近ᄒᆞ야 오ᄂᆞᆫ 庚申四月,5,0,CNTS-00048065130,4,1030643,N
126,1918-04-15,93,雜俎,任筆錄,42,0,CNTS-00048065141,6,1515066,N
127,1918-05-15,94,敎理部,偉大ᄒᆞᆫ 心의 世界 其二,15,0,CNTS-00048037693,5,1355141,N
128,1918-07-15,95,雜俎,任筆錄(其三),30,0,CNTS-00048078918,3,696330,N
129,1918-09-15,97,雜俎,任筆錄(其五),31,0,CNTS-00048065181,4,906395,N
130,1918-10-15,98,雜俎,任筆錄(其六),30,0,CNTS-00048037726,5,1317855,N
131,1918-11-15,99,雜俎,任筆錄(其六),37,0,CNTS-00048051555,4,953663,N
132,1918-12-18,100,雜俎,任筆錄(其八),63,0,CNTS-00048065229,4,922656,N
133,1919-01-15,101,雜俎,任筆錄,40,0,CNTS-00048051588,4,900514,N
134,1919-02-15,102,雜俎,蓬萊山(其一),39,0,CNTS-00048037784,6,1319143,N
135,1919-03-15,103,雜俎,蓬萊山(其二),30,0,CNTS-00048079004,6,1258062,N
136,1919-04-15,104,講演,余의 告白,31,0,CNTS-00048037801,4,898525,N
137,1919-04-15,104,敎理部,心의 世界,16,0,CNTS-00048079013,5,1208499,N
138,1919-05-15,105,講演,處世神言,23,0,CNTS-00048037826,4,768201,N
139,1919-06-15,106,講演,最後宗敎의 大性無量光,24,0,CNTS-00048065284,5,1095571,N
140,1919-06-15,106,雜俎,月尾島의 春色,39,0,CNTS-00048037816,5,1028943,N
141,1919-07-15,107,敎理部,神人의 跡,16,0,CNTS-00048051635,7,1372564,N
142,1919-07-15,107,講演,體的倫理,27,0,CNTS-00048037827,4,856948,N
143,1919-09-15,109,敎理部,略史及敎理,13,0,CNTS-00048051645,4,731659,N
144,1919-09-15,109,雜俎,北遊半個月,41,0,CNTS-00048051649,3,524769,N
145,1919-10-15,110,敎理部,略史及敎理(其三),12,0,CNTS-00048037847,4,933153,N
146,1919-11-15,111,敎理部,略史及敎理,12,0,CNTS-00048051661,3,629836,N
147,1919-11-15,111,敎理部,活動主義의 道德,15,0,CNTS-00048037861,4,807088,N
148,1919-12-15,112,敎理部,略史及敎理,17,0,CNTS-00048037878,3,615071,N
149,1919-12-15,112,敎理部,理想의 力,24,0,CNTS-00048051672,3,642567,N
150,1920-01-15,113,敎理部,略史及敎理,23,0,CNTS-00048037891,3,623924,N
151,1920-01-15,113,讀者文壇,涙,71,0,CNTS-00048065343,3,575297,N
152,1920-02-15,114,敎理部,大神師이 法言이 時代의 預言的으로 되야음,27,0,CNTS-00048079095,3,560422,N
153,1920-03-15,115,敎理部,略史及敎理,20,0,CNTS-00048037914,3,629650,N
154,1920-08-15,120,,遺詞中으로 觀한 大神師의 法訓,56,0,CNTS-00048079157,3,683828,N
155,1920-09-15,121,,問者의게 答함,36,0,CNTS-00048079165,2,433325,N
156,1921-12-15,136,,年齡上 問題,73,0,CNTS-00048065504,8,2050483,N
157,1919-05-15,105,雜俎,蓬萊山,38,0,CNTS-00048079015,3,640574,N
158,1913-07-15,36,講演,我觀苦樂論,19,65,CNTS-00048064195,6,0,N
159,1914-07-15,48,講演,幸福이 何處在오 究竟是精神內觀,18,0,,4,0,N
160,1916-12-15,77,講演,人生,19,0,,5,0,N
161,1918-08-15,96,雜俎,任筆錄(其四),39,0,,5,0,N
162,1919-08-15,108,敎門訂議,事人如天主義,1,0,,6,0,N
163,1919-08-15,108,敎理部,三世一貫心法,13,0,,4,0,N
164,1919-08-15,108,敎理部,略史及敎理,19,0,,4,0,N
165,1919-08-15,108,講演,師訓,35,0,,3,0,N
166,1921-08-15,132,,萬事知는 即實行,1,0,,7,0,N
