series,slug,title,tonggwon,last_held,next_page,blank,divider_y,verdict
1,001_kwonyu_1911-01,勸誘天下失樂者,6,27,27,0.63,1204,끝남
30,030_最高_1915-05,最高消遣法,58,27,27,0.621,1403,끝남
31,031_篤心_1915-06,篤心者의 精靈不滅,59,40,40,0.473,1240,끝남
32,032_人生_1915-08,人生은 神에 出ᄒᆞ야 神에 歸言故로 人生의 目的은 道를 覺홈에 在함,61,18,18,0.445,1204,끝남
33,033_金剛_1915-09,金剛山追憶大神師,62,36,36,0.473,1273,끝남
34,034_大宇_1915-10,大宇宙之戀愛,63,28,29,0.379,1271,끝남
35,035_人生_1917-01,人生과 新年,78,7,7,,,구분선없음
36,036_是我_1917-11,是我修養,88,12,13,0.403,1233,끝남
37,037_吾敎_1917-12,吾敎의 大宗,89,8,8,0.642,1244,끝남
