tonggwon	publish_date	section	title	pen	page	series	status
6	1911-01-15	講演	勸誘天下失樂者	李敦化	25	1	코퍼스
9	1911-04-15	講演	信念의 神聖	李敦化	26	2	코퍼스
11	1911-06-15	講演	宗敎統一은 自然의 勢	李敦化	27	3	코퍼스
12	1911-07-15	敎理部	人乃天	李敦化	10	4	코퍼스
13	1911-08-15	敎理部	觀感說	李敦化	30	5	코퍼스
14	1911-09-15	敎理部	還人欲이라야 眞樂生이오 眞樂이라야 世界得幸福이라	李敦化	14	6	코퍼스
15	1911-10-15	講演	大雄無畏觀	李敦化	23	7	코퍼스
16	1911-11-15	講演	因果의 神案	李敦化	24	8	코퍼스
17	1911-12-15	講演	運命說	李敦化	29	9	코퍼스
18	1912-01-15	講演	新年에 對ᄒᆞᆫ 新感想으로 新發明을 公告言	李敦化	19	10	코퍼스
19	1912-02-15	講演	死後問題	李敦化	21	11	코퍼스
20	1912-03-15	講演	我觀人生	李敦化	32	12	코퍼스
21	1912-04-15	敎理部	宇宙說	李敦化	9	13	코퍼스
22	1912-05-15	講演	自修喻人의 解	李敦化	25	14	코퍼스
23	1912-06-15	敎理部	東經大全要旨講解	李敦化	9	15	코퍼스
24	1912-07-15	敎理部	東經大全要旨講解(續)	李敦化	7	16	코퍼스
25	1912-08-15	敎理部	東經大全要旨講解(續)	李敦化	12	76	코퍼스
26	1912-09-15	敎理部	東經要旨講解(續)	李敦化	14	17	코퍼스
27	1912-10-15	敎理部	靈通力이 事實됨을 解明言	李敦化	11	77	코퍼스
29	1912-12-15	敎理部	靈通力의 事實됨을 解明言(續)	李敦化	12	18	코퍼스
30	1913-01-15	雜俎	理想中新光陰	李敦化	37	19	코퍼스
31	1913-02-15	雜俎	光의 說	李敦化	34	20	코퍼스
32	1913-03-15	講演	默念中三我	李敦化	24	21	코퍼스
33	1913-04-15	敎理部	靈性의 生活	李敦化	8		미확보
36	1913-07-15	講演	我觀苦樂論	李敦化	19		미확보
37	1913-08-15	敎門訂議	紀念과 余의 告白	李敦化	6	22	코퍼스
42	1914-01-15	敎理部	個性中心說	李敦化	15	23	코퍼스
44	1914-03-15	敎門訂議	定州郡敎區室實記	李敦化	4	24	코퍼스
45	1914-04-15	雜俎	吊孫鳳奎文幷小引	李敦化	32	25	코퍼스
46	1914-05-15	雜俎	韓錫泰君追悼會席에서	李敦化	28	26	코퍼스
48	1914-07-15	講演	幸福이 何處在오 究竟是精神內觀	李敦化	18		미확보
49	1914-08-15	雜俎	定州로 붓터 高原에	李敦化	32	27	코퍼스
51	1914-10-15	雜俎	余의 暗遊	李敦化	28	28	코퍼스
52	1914-11-15	敎理部	真理의 根底를 誤解치 勿하라	李敦化	7	29	코퍼스
58	1915-05-15	講演	最高消遣法	李敦化	25	30	코퍼스
59	1915-06-15	雜俎	篤心者의 精靈不滅	李敦化	38	31	코퍼스
61	1915-08-15	敎理部	人生은 神에 出ᄒᆞ야 神에 歸言故로 人生의 目的은 道를 覺홈에 在함	李敦化	12	32	코퍼스
62	1915-09-15	雜俎	金剛山追憶大神師	李敦化	34	33	코퍼스
63	1915-10-15	講演	大宇宙之戀愛	李敦化	26	34	코퍼스
77	1916-12-15	講演	人生	李敦化	19		미확보
78	1917-01-15	敎門訂議	人生과 新年	李敦化	5	35	코퍼스
88	1917-11-15	敎理部	是我修養	李敦化	10	36	코퍼스
88	1917-11-15	雜俎	追僧과 活僧	滄海居士	24	121	코퍼스
89	1917-12-15	敎門訂議	吾敎의 大宗	李敦化	2	37	코퍼스
89	1917-12-15	敎理部	野花千萬枝遊客忘歸家	滄海居士	11	122	코퍼스
89	1917-12-15	雜俎	永久之愛妻	夜雷	29	87	코퍼스
90	1918-01-15	諺文部	우리ᄂᆞᆫ 무슨 필요로 도를 닥는가	夜雷	4	88	코퍼스
90	1918-01-15	敎門訂議	新年과 人生	李敦化	5	38	코퍼스
90	1918-01-15	敎理部	龍潭心法	滄海居士	9	123	코퍼스
91	1918-02-15	敎理部	宗敎의 兩側面	李敦化	9	39	코퍼스
91	1918-02-15	講演	是我死生觀	滄海居士	16	124	코퍼스
91	1918-02-15	雜俎	枕上雜感	夜雷	30	89	코퍼스
92	1918-03-15	敎門訂議	近ᄒᆞ야 오ᄂᆞᆫ 庚申四月	滄海居士	5	125	코퍼스
92	1918-03-15	講演	信仰上으로 觀ᄒᆞᆯ 吾人의 努力	李敦化	18	40	코퍼스
92	1918-03-15	雜俎	孤灯의 下에셔	夜雷	32	90	코퍼스
93	1918-04-15	敎門訂議	因襲的主觀에 拘束된 世人의 誤解	夜雷	1	91	코퍼스
93	1918-04-15	敎理部	神平河善論	李敦化	16		미확보
93	1918-04-15	雜俎	還元一束	滄海居士	42	126	코퍼스
94	1918-05-15	敎門訂議	兩道師巡回와 關北敎友	李敦化	8	41	코퍼스
94	1918-05-15	敎理部	偉大ᄒᆞᆫ 心의 世界 其二	滄海居士	15	127	코퍼스
94	1918-05-15	雜俎	京城에셔 永興까지	夜雷	43	92	코퍼스
95	1918-07-15	敎門訂議	宗敎的修養과 處世方法(其一)	夜雷	1	93	코퍼스
95	1918-07-15	敎理部	大神師性靈出世說(其一)	李敦化	10	42	코퍼스
95	1918-07-15	雜俎	任筆錄(其三)	滄海居士	30	128	코퍼스
96	1918-08-15	敎門訂議	宗敎的修養과 處世方法(其二)	夜雷	6	94	코퍼스
96	1918-08-15	敎理部	大神師性靈出世說(其二)	李敦化	14	79	코퍼스
96	1918-08-15	雜俎	任筆錄(其四)	滄海居士	39		미확보
97	1918-09-15	敎門訂議	迷의 信仰으로 覺의 信仰에	夜雷	1	95	코퍼스
97	1918-09-15	敎理部	大神師性靈出世說(其三)	李敦化	16	80	코퍼스
97	1918-09-15	雜俎	任筆錄(其五)	滄海居士	31	129	코퍼스
97	1918-09-15	雜俎	追悼香山文	李敦化	37	43	코퍼스
98	1918-10-15	敎門訂議	各其所信을 反省ᄒᆞ라	夜雷	8	96	코퍼스
98	1918-10-15	敎理部	大神師性靈出世說(其四)	李敦化	14	81	코퍼스
98	1918-10-15	雜俎	任筆錄(其六)	滄海居士	30	130	코퍼스
99	1918-11-15	敎門訂議	信仰性과 社會性	夜雷	6	97	코퍼스
99	1918-11-15	敎理部	大神師性靈出世說(其五)	李敦化	16	82	코퍼스
99	1918-11-15	雜俎	任筆錄(其六)	滄海居士	37	131	코퍼스
100	1918-12-18	敎門訂議	百號紀念에 對ᄒᆞᆫ 余의 感想	李敦化	9	44	코퍼스
100	1918-12-18	敎理部	信仰性과 社會性(其二)	夜雷	19	98	코퍼스
100	1918-12-18	雜俎	任筆錄(其八)	滄海居士	63	132	코퍼스
101	1919-01-15	敎門訂議	新年元旦	李敦化	8	45	코퍼스
101	1919-01-15	敎理部	信仰性과 社會性(續)	夜雷	13	99	코퍼스
101	1919-01-15	雜俎	任筆錄	滄海居士	40	133	코퍼스
102	1919-02-15	敎門訂議	將來의 宗敎	李敦化	1	46	코퍼스
102	1919-02-15	敎理部	信仰性과 社會性(其四)	夜雷	11	100	코퍼스
102	1919-02-15	雜俎	蓬萊山(其一)	滄海居士	39	134	코퍼스
103	1919-03-15	敎門訂議	將來의 宗敎(續)	夜雷	1	101	코퍼스
103	1919-03-15	敎理部	我觀東經	李敦化	14	47	코퍼스
103	1919-03-15	雜俎	蓬萊山(其二)	滄海居士	30	135	코퍼스
104	1919-04-15	敎門訂議	默念論	夜雷	1	102	코퍼스
104	1919-04-15	敎理部	心의 世界	滄海居士	16	137	코퍼스
104	1919-04-15	敎理部	靈通說	李敦化	24	48	코퍼스
104	1919-04-15	講演	余의 告白	白頭山人	31	136	코퍼스
105	1919-05-15	敎門訂議	將來의 宗敎(其三)	夜雷	6	103	코퍼스
105	1919-05-15	敎理部	默念論(續)	李敦化	11	49	코퍼스
105	1919-05-15	講演	處世神言	白頭山人	23	138	코퍼스
105	1919-05-15	雜俎	蓬萊山	滄海居士	38	157	코퍼스
106	1919-06-15	敎門訂議	眞實된 信仰生活	李敦化	1	50	코퍼스
106	1919-06-15	敎理部	默念論(續)	夜雷	15	104	코퍼스
106	1919-06-15	講演	最後宗敎의 大性無量光	白頭山人	24	139	코퍼스
106	1919-06-15	雜俎	月尾島의 春色	滄海居士	39	140	코퍼스
107	1919-07-15	敎門訂議	愛의 開放	李敦化	6	51	코퍼스
107	1919-07-15	敎理部	神人의 跡	白頭山人	16	141	코퍼스
107	1919-07-15	講演	處世神言	夜雷	23	105	코퍼스
107	1919-07-15	講演	體的倫理	滄海居士	27	142	코퍼스
108	1919-08-15	敎門訂議	事人如天主義	李敦化	1		미확보
108	1919-08-15	敎理部	三世一貫心法	夜雷	13		미확보
108	1919-08-15	敎理部	略史及敎理	白頭山人	19		미확보
108	1919-08-15	講演	師訓	滄海居士	35		미확보
109	1919-09-15	敎門訂議	自覺ᄒᆞ야써 其根에 歸ᄒᆞ라	李敦化	1	52	코퍼스
109	1919-09-15	敎理部	略史及敎理	白頭山人	13	143	코퍼스
109	1919-09-15	敎理部	自力的敎化	夜雷	17	106	코퍼스
109	1919-09-15	雜俎	北遊半個月	滄海居士	41	144	코퍼스
110	1919-10-15	敎門訂議	今日以後의 宗敎	李敦化	2	53	코퍼스
110	1919-10-15	敎理部	略史及敎理(其三)	白頭山人	12	145	코퍼스
110	1919-10-15	讀者文壇	動物園訪問記	夜雷	37	107	코퍼스
111	1919-11-15	敎門訂議	十月二十八日大祈禱	李敦化	2	54	코퍼스
111	1919-11-15	敎理部	略史及敎理	白頭山人	12	146	코퍼스
111	1919-11-15	敎理部	活動主義의 道德	滄海居士	15	147	코퍼스
111	1919-11-15	敎理部	新信仰	夜雷	19	108	코퍼스
112	1919-12-15	敎門訂議	改造와 宗敎	李敦化	4	55	코퍼스
112	1919-12-15	敎理部	略史及敎理	白頭山人	17	148	코퍼스
112	1919-12-15	敎理部	萬事知	夜雷	20	109	코퍼스
112	1919-12-15	敎理部	理想의 力	滄海居士	24	149	코퍼스
113	1920-01-15	敎門訂議	天道敎六十一歲花甲庚申을 迎喜	李敦化	7	56	코퍼스
113	1920-01-15	敎理部	略史及敎理	白頭山人	23	150	코퍼스
113	1920-01-15	敎理部	宇宙의 中心	夜雷	27	110	코퍼스
113	1920-01-15	讀者文壇	涙	滄海居士	71	151	코퍼스
114	1920-02-15	敎門訂議	天道敎靑年臨時敎理講習會에 就하야	李敦化	1	57	코퍼스
114	1920-02-15	敎理部	眞의 人生	夜雷	15	111	코퍼스
114	1920-02-15	敎理部	大神師이 法言이 時代의 預言的으로 되야음	滄海居士	27	152	코퍼스
115	1920-03-15	敎門訂議	現代思潮와 事人如天主義	李敦化	1	83	코퍼스
115	1920-03-15	敎理部	略史及敎理	白頭山人	20	153	코퍼스
115	1920-03-15	敎理部	經傳의 硏究	夜雷	23	112	코퍼스
116	1920-04-15		庚申四月五日	李敦化	3	58	코퍼스
116	1920-04-15		混沌으로 나와 混沌에 도라가는 人生	夜雷	38	113	코퍼스
117	1920-05-15	敎門訂議	哲人主義의 將來와 新宗敎의 價値	李敦化	8	59	코퍼스
117	1920-05-15	講演	水陸三千里	夜雷	80	114	코퍼스
118	1920-06-15		自己解放과 人乃天主義	李敦化	1	60	코퍼스
118	1920-06-15		朝鮮에 特有한 宗敎思想을 論함	夜雷	38	115	코퍼스
119	1920-07-15		自己解放과 人乃天主義(續)	李敦化	1	61	코퍼스
120	1920-08-15		十週年	李敦化	1	62	코퍼스
120	1920-08-15		本報의 三界	夜雷	39	116	코퍼스
120	1920-08-15		遺詞中으로 觀한 大神師의 法訓	白頭山人	56	154	코퍼스
121	1920-09-15		오로지 法門에 依信하라	李敦化	1	63	코퍼스
121	1920-09-15		呪文의 哲學的 意義	夜雷	18	117	코퍼스
121	1920-09-15		問者의게 答함	滄海居士	36	155	코퍼스
122	1920-10-15		布德天下는 活誠에 在하니라	李敦化	7	64	코퍼스
123	1920-11-15		拘束의 宗敎로부터 自由의 宗敎	李敦化	1	65	코퍼스
123	1920-11-15		實在論으로 觀한 人乃天主義	夜雷	31	118	코퍼스
124	1920-12-15		年齡論	李敦化	22	84	코퍼스
126	1921-02-15		布德天下	李敦化	1	66	코퍼스
127	1921-03-15		同歸一體	李敦化	1	67	코퍼스
128	1921-04-15		사람性의 無窮을 論하노라	李敦化	1	85	코퍼스
128	1921-04-15		質疑者에게 答함	夜雷	53	119	코퍼스
130	1921-06-15		사람性의 無窮을 論하노라(續)	李敦化	1	68	코퍼스
131	1921-07-15		新文化는 무엇에 依하야 建設되랴	李敦化	1	69	코퍼스
131	1921-07-15		質疑者의게 答함	夜雷	58	120	코퍼스
132	1921-08-15		萬事知는 即實行	李敦化	1		미확보
134	1921-10-15		天道敎의 新道德觀(落張)	李敦化	7		미확보
135	1921-11-15		우리時代의 創造事業, 目下의 急先務를 提案함	李敦化	9	86	코퍼스
136	1921-12-15		中國 北京의 傳敎室 問題를 둣고 吾敎의 對外 發展을 賀함	李敦化	12	70	코퍼스
136	1921-12-15		年齡上 問題	白頭山人	73	156	코퍼스
137	1922-01-15		新紀元을 劃한 우리敎의 新面目	李敦化	10	71	코퍼스
138	1922-02-15		進化의 側面으로 본 人乃天	李敦化	8	72	코퍼스
139	1922-03-15		信仰 觀念의 本體	李敦化	8	73	코퍼스
140	1922-04-15		信仰 觀念의 本體(續)	李敦化	15	74	코퍼스
141	1922-05-15		宗教의 六大 要素	李敦化	10	75	코퍼스
