series_index,article_folder,title,cnts_id,source_folder,page_file,hash_status,expected_sha256,actual_sha256,expected_bytes,actual_bytes,expected_pixels,actual_pixels,unit_ids,unit_count_for_page,layout_visual_status,warning
30,30_最高_1915-05,最高消遣法,CNTS-00048064840,raw/journals/cheondogyo_wolbo/nl_bibliography/articles/CNTS-00048064840,page_001.jpg,ok,d04861fdfd73fbd8df73b5f7a05cbd06c2b109f0aa2c3524bf51b86eb5ccca09,d04861fdfd73fbd8df73b5f7a05cbd06c2b109f0aa2c3524bf51b86eb5ccca09,220980,220980,1500x2307,1500x2307,unit_1_p1u;unit_2_p1l,2,pending_visual_review,
30,30_最高_1915-05,最高消遣法,CNTS-00048064840,raw/journals/cheondogyo_wolbo/nl_bibliography/articles/CNTS-00048064840,page_002.jpg,ok,ad3edaf683af6fdbf05d2624a5ddc4b5f42ce9b60c33c536d7581e362e5272c5,ad3edaf683af6fdbf05d2624a5ddc4b5f42ce9b60c33c536d7581e362e5272c5,221086,221086,1500x2167,1500x2167,unit_3_p2u;unit_4_p2l,2,pending_visual_review,
30,30_最高_1915-05,最高消遣法,CNTS-00048064840,raw/journals/cheondogyo_wolbo/nl_bibliography/articles/CNTS-00048064840,page_003.jpg,ok,d5ea69114a94bca093833f4b93c70de8fee6f3d6d8a65205cab8eb7d92353753,d5ea69114a94bca093833f4b93c70de8fee6f3d6d8a65205cab8eb7d92353753,218276,218276,1500x2309,1500x2309,unit_5_p3u;unit_6_p3l,2,pending_visual_review,
31,31_篤心_1915-06,篤心者의 精靈不滅,CNTS-00048078602,raw/journals/cheondogyo_wolbo/nl_bibliography/articles/CNTS-00048078602,page_001.jpg,ok,70bc99de0bd06a31984fb0907c4077ea57373215f10bafcb7db1ea81e829c46b,70bc99de0bd06a31984fb0907c4077ea57373215f10bafcb7db1ea81e829c46b,220028,220028,1500x2356,1500x2356,unit_1_p1u;unit_2_p1l,2,pending_visual_review,
31,31_篤心_1915-06,篤心者의 精靈不滅,CNTS-00048078602,raw/journals/cheondogyo_wolbo/nl_bibliography/articles/CNTS-00048078602,page_002.jpg,ok,d4b0e797514eea86c00e50e5af42a562a5f5c4f966e078a505246007888f5862,d4b0e797514eea86c00e50e5af42a562a5f5c4f966e078a505246007888f5862,257430,257430,1500x2410,1500x2410,unit_3_p2u;unit_4_p2l,2,pending_visual_review,
31,31_篤心_1915-06,篤心者의 精靈不滅,CNTS-00048078602,raw/journals/cheondogyo_wolbo/nl_bibliography/articles/CNTS-00048078602,page_003.jpg,ok,5ee885547a8a73359b414b8eb44136828a9f989b9869706ffd1e119c360bc719,5ee885547a8a73359b414b8eb44136828a9f989b9869706ffd1e119c360bc719,225189,225189,1500x2352,1500x2352,unit_5_p3u;unit_6_p3l,2,pending_visual_review,
32,32_人生_1915-08,人生은 神에 出ᄒᆞ야 神에 歸言故로 人生의 目的은 道를 覺홈에 在함,CNTS-00048078620,raw/journals/cheondogyo_wolbo/nl_bibliography/articles/CNTS-00048078620,page_001.jpg,ok,1a6294abcff7113f28188fce1edc14df41649147fa796c9505ca04e1c7cd7c90,1a6294abcff7113f28188fce1edc14df41649147fa796c9505ca04e1c7cd7c90,231463,231463,1500x2309,1500x2309,unit_1_p1u;unit_2_p1l,2,pending_visual_review,
32,32_人生_1915-08,人生은 神에 出ᄒᆞ야 神에 歸言故로 人生의 目的은 道를 覺홈에 在함,CNTS-00048078620,raw/journals/cheondogyo_wolbo/nl_bibliography/articles/CNTS-00048078620,page_002.jpg,ok,12cb1be6ba41aacb362d4a6c0d002ac381e5777e3a9073b78ec46dc6b8bb108d,12cb1be6ba41aacb362d4a6c0d002ac381e5777e3a9073b78ec46dc6b8bb108d,266142,266142,1500x2331,1500x2331,unit_3_p2u;unit_4_p2l,2,pending_visual_review,
32,32_人生_1915-08,人生은 神에 出ᄒᆞ야 神에 歸言故로 人生의 目的은 道를 覺홈에 在함,CNTS-00048078620,raw/journals/cheondogyo_wolbo/nl_bibliography/articles/CNTS-00048078620,page_003.jpg,ok,72bd7b716339048d35dc17da74c540908536708451eecaa87143f45f7788cf06,72bd7b716339048d35dc17da74c540908536708451eecaa87143f45f7788cf06,251186,251186,1500x2317,1500x2317,unit_5_p3u;unit_6_p3l,2,pending_visual_review,
32,32_人生_1915-08,人生은 神에 出ᄒᆞ야 神에 歸言故로 人生의 目的은 道를 覺홈에 在함,CNTS-00048078620,raw/journals/cheondogyo_wolbo/nl_bibliography/articles/CNTS-00048078620,page_004.jpg,ok,c5183ee1008fcea7340bb7a69d127714be1e5185ecea057c52613029a656445a,c5183ee1008fcea7340bb7a69d127714be1e5185ecea057c52613029a656445a,269050,269050,1500x2318,1500x2318,unit_7_p4u;unit_8_p4l,2,pending_visual_review,
32,32_人生_1915-08,人生은 神에 出ᄒᆞ야 神에 歸言故로 人生의 目的은 道를 覺홈에 在함,CNTS-00048078620,raw/journals/cheondogyo_wolbo/nl_bibliography/articles/CNTS-00048078620,page_005.jpg,ok,1c02f780a0bc4e29cea438ceec7192fb60ff1a41bf24240f6dc6bbfe290df43e,1c02f780a0bc4e29cea438ceec7192fb60ff1a41bf24240f6dc6bbfe290df43e,254182,254182,1500x2304,1500x2304,unit_9_p5u;unit_10_p5l,2,pending_visual_review,
32,32_人生_1915-08,人生은 神에 出ᄒᆞ야 神에 歸言故로 人生의 目的은 道를 覺홈에 在함,CNTS-00048078620,raw/journals/cheondogyo_wolbo/nl_bibliography/articles/CNTS-00048078620,page_006.jpg,ok,7f10dc8f43a358f22a6523be07c04fde12832d31b5649f874bb886619b1d3f6f,7f10dc8f43a358f22a6523be07c04fde12832d31b5649f874bb886619b1d3f6f,258007,258007,1500x2282,1500x2282,unit_11_p6u;unit_12_p6l,2,pending_visual_review,
32,32_人生_1915-08,人生은 神에 出ᄒᆞ야 神에 歸言故로 人生의 目的은 道를 覺홈에 在함,CNTS-00048078620,raw/journals/cheondogyo_wolbo/nl_bibliography/articles/CNTS-00048078620,page_007.jpg,ok,47d2c75b691fa7c2ccef5e73765ce194cd6204fc2deacd28226b2e58a9ea5b1f,47d2c75b691fa7c2ccef5e73765ce194cd6204fc2deacd28226b2e58a9ea5b1f,250769,250769,1500x2299,1500x2299,unit_13_p7u;unit_14_p7l,2,pending_visual_review,
33,33_金剛_1915-09,金剛山追憶大神師,CNTS-00048051212,raw/journals/cheondogyo_wolbo/nl_bibliography/articles/CNTS-00048051212,page_001.jpg,ok,8e952d5f34718402d7c08dac10bab5607aee1dad82d1e28edecbcc2e00053f11,8e952d5f34718402d7c08dac10bab5607aee1dad82d1e28edecbcc2e00053f11,224346,224346,1500x2299,1500x2299,unit_1_p1u;unit_2_p1l,2,pending_visual_review,
33,33_金剛_1915-09,金剛山追憶大神師,CNTS-00048051212,raw/journals/cheondogyo_wolbo/nl_bibliography/articles/CNTS-00048051212,page_002.jpg,ok,cc6368076c7cfd3cd12ac724ec1c9c8c79518f5c5302c223ab69c5ccc99af39d,cc6368076c7cfd3cd12ac724ec1c9c8c79518f5c5302c223ab69c5ccc99af39d,253025,253025,1500x2381,1500x2381,unit_3_p2u;unit_4_p2l,2,pending_visual_review,
33,33_金剛_1915-09,金剛山追憶大神師,CNTS-00048051212,raw/journals/cheondogyo_wolbo/nl_bibliography/articles/CNTS-00048051212,page_003.jpg,ok,273983489694c69a5cbd847d2c99d82b1a41efef4233c7eef24f91f0f107025f,273983489694c69a5cbd847d2c99d82b1a41efef4233c7eef24f91f0f107025f,220040,220040,1500x2323,1500x2323,unit_5_p3u;unit_6_p3l,2,pending_visual_review,
34,34_大宇_1915-10,大宇宙之戀愛,CNTS-00048051218,raw/journals/cheondogyo_wolbo/nl_bibliography/articles/CNTS-00048051218,page_001.jpg,ok,f66e9d533c3ea300a7771f52820d3d21ff502bb720139ff71c95c04920e39771,f66e9d533c3ea300a7771f52820d3d21ff502bb720139ff71c95c04920e39771,251535,251535,1500x2351,1500x2351,unit_1_p1u;unit_2_p1l,2,pending_visual_review,
34,34_大宇_1915-10,大宇宙之戀愛,CNTS-00048051218,raw/journals/cheondogyo_wolbo/nl_bibliography/articles/CNTS-00048051218,page_002.jpg,ok,109325a9c0a8adb7ade7ed7a392dba77d01e094dd0143e49f12f749cfc284ff9,109325a9c0a8adb7ade7ed7a392dba77d01e094dd0143e49f12f749cfc284ff9,253725,253725,1500x2371,1500x2371,unit_3_p2u;unit_4_p2l,2,pending_visual_review,
34,34_大宇_1915-10,大宇宙之戀愛,CNTS-00048051218,raw/journals/cheondogyo_wolbo/nl_bibliography/articles/CNTS-00048051218,page_003.jpg,ok,04537d5b39a5daa45a2f3cdf12c94c4e283b54e17903d9e72c315b2cd9b9c0b4,04537d5b39a5daa45a2f3cdf12c94c4e283b54e17903d9e72c315b2cd9b9c0b4,252796,252796,1500x2340,1500x2340,unit_5_p3u;unit_6_p3l,2,pending_visual_review,
35,35_人生_1917-01,人生과 新年,CNTS-00048078754,raw/journals/cheondogyo_wolbo/nl_bibliography/articles/CNTS-00048078754,page_001.jpg,ok,2c3ab43b6bc5d2343e4d2a4a07978ce06dd2bfafa4dd48b79b6884cbcc691072,2c3ab43b6bc5d2343e4d2a4a07978ce06dd2bfafa4dd48b79b6884cbcc691072,220952,220952,1500x2370,1500x2370,unit_1_p1u;unit_2_p1l,2,pending_visual_review,
35,35_人生_1917-01,人生과 新年,CNTS-00048078754,raw/journals/cheondogyo_wolbo/nl_bibliography/articles/CNTS-00048078754,page_002.jpg,ok,28f6fb6251abb7112590c9f640a0e6f0a80390196c1502dc67a1223f921eebb1,28f6fb6251abb7112590c9f640a0e6f0a80390196c1502dc67a1223f921eebb1,249957,249957,1500x2378,1500x2378,unit_3_p2u;unit_4_p2l,2,pending_visual_review,
35,35_人生_1917-01,人生과 新年,CNTS-00048078754,raw/journals/cheondogyo_wolbo/nl_bibliography/articles/CNTS-00048078754,page_003.jpg,ok,01c348cd2326bb795f2e5a60aa53c78bde6b13acf6084268b79884d898bef9c3,01c348cd2326bb795f2e5a60aa53c78bde6b13acf6084268b79884d898bef9c3,213133,213133,1500x2370,1500x2370,unit_5_p3u;unit_6_p3l,2,pending_visual_review,
36,36_是我_1917-11,是我修養,CNTS-00048065094,raw/journals/cheondogyo_wolbo/nl_bibliography/articles/CNTS-00048065094,page_001.jpg,ok,3be555ff1ed41d428ba5f9b3a959a2a1da6797d28beda14c9717b96e45addc03,3be555ff1ed41d428ba5f9b3a959a2a1da6797d28beda14c9717b96e45addc03,257973,257973,1500x2380,1500x2380,unit_1_p1u;unit_2_p1l,2,pending_visual_review,
36,36_是我_1917-11,是我修養,CNTS-00048065094,raw/journals/cheondogyo_wolbo/nl_bibliography/articles/CNTS-00048065094,page_002.jpg,ok,8ae64e9f1fa995dd17061269c1894033690270d0c287fc45fd11de3ecd9eb1b1,8ae64e9f1fa995dd17061269c1894033690270d0c287fc45fd11de3ecd9eb1b1,255358,255358,1500x2369,1500x2369,unit_3_p2u;unit_4_p2l,2,pending_visual_review,
36,36_是我_1917-11,是我修養,CNTS-00048065094,raw/journals/cheondogyo_wolbo/nl_bibliography/articles/CNTS-00048065094,page_003.jpg,ok,99a7901e5249449f1d5eba2331198da4bccf68764d71749fbe47c5a2ece0229c,99a7901e5249449f1d5eba2331198da4bccf68764d71749fbe47c5a2ece0229c,275808,275808,1500x2380,1500x2380,unit_5_p3u;unit_6_p3l,2,pending_visual_review,
37,37_吾敎_1917-12,吾敎의 大宗,CNTS-00048051447,raw/journals/cheondogyo_wolbo/nl_bibliography/articles/CNTS-00048051447,page_001.jpg,ok,55a8050c0dff6970a1a8f368be580a2b1913ce18ebea74f2d70535f45ecbf375,55a8050c0dff6970a1a8f368be580a2b1913ce18ebea74f2d70535f45ecbf375,265961,265961,1500x2400,1500x2400,unit_1_p1u;unit_2_p1l,2,pending_visual_review,
37,37_吾敎_1917-12,吾敎의 大宗,CNTS-00048051447,raw/journals/cheondogyo_wolbo/nl_bibliography/articles/CNTS-00048051447,page_002.jpg,ok,45c9cc7f5d4faccf346dfcdd2024d0126cbd3023f3b1108f76788806e8b56d85,45c9cc7f5d4faccf346dfcdd2024d0126cbd3023f3b1108f76788806e8b56d85,246794,246794,1500x2377,1500x2377,unit_3_p2u;unit_4_p2l,2,pending_visual_review,
37,37_吾敎_1917-12,吾敎의 大宗,CNTS-00048051447,raw/journals/cheondogyo_wolbo/nl_bibliography/articles/CNTS-00048051447,page_003.jpg,ok,a72eba9d9bd6d850ccfaaa69a8ed36ae0933a5582a35679594011ed37ea603d4,a72eba9d9bd6d850ccfaaa69a8ed36ae0933a5582a35679594011ed37ea603d4,278303,278303,1500x2400,1500x2400,unit_5_p3u;unit_6_p3l,2,pending_visual_review,
37,37_吾敎_1917-12,吾敎의 大宗,CNTS-00048051447,raw/journals/cheondogyo_wolbo/nl_bibliography/articles/CNTS-00048051447,page_004.jpg,ok,e388275513edb79b94a5668598e080d0d9c0a4866daaf526e361d999d40a3e2a,e388275513edb79b94a5668598e080d0d9c0a4866daaf526e361d999d40a3e2a,254149,254149,1500x2372,1500x2372,unit_7_p4u;unit_8_p4l,2,pending_visual_review,
37,37_吾敎_1917-12,吾敎의 大宗,CNTS-00048051447,raw/journals/cheondogyo_wolbo/nl_bibliography/articles/CNTS-00048051447,page_005.jpg,ok,629c9776d7a2cb2c364708c678eac5d7552fe5114ec0927e0a89864dea39e176,629c9776d7a2cb2c364708c678eac5d7552fe5114ec0927e0a89864dea39e176,275966,275966,1500x2405,1500x2405,unit_9_p5u;unit_10_p5l,2,pending_visual_review,
37,37_吾敎_1917-12,吾敎의 大宗,CNTS-00048051447,raw/journals/cheondogyo_wolbo/nl_bibliography/articles/CNTS-00048051447,page_006.jpg,ok,92755384c0e9ce9dca442f8f768c273ca823574e6bb22b47449d88fb76176753,92755384c0e9ce9dca442f8f768c273ca823574e6bb22b47449d88fb76176753,253381,253381,1500x2372,1500x2372,unit_11_p6u;unit_12_p6l,2,pending_visual_review,
37,37_吾敎_1917-12,吾敎의 大宗,CNTS-00048051447,raw/journals/cheondogyo_wolbo/nl_bibliography/articles/CNTS-00048051447,page_007.jpg,ok,790b060a6a384257418feb0d76ae9090496b6307ef18ab2fc46ddf6b805b8618,790b060a6a384257418feb0d76ae9090496b6307ef18ab2fc46ddf6b805b8618,270762,270762,1500x2405,1500x2405,unit_13_p7u;unit_14_p7l,2,pending_visual_review,
38,38_新年_1918-01,新年과 人生,CNTS-00048037653,raw/journals/cheondogyo_wolbo/nl_bibliography/articles/CNTS-00048037653,page_001.jpg,ok,b6d09f6da23a8895a9491866a81df0e18a83073ff904b6f10eaafbbd6d9ef8d9,b6d09f6da23a8895a9491866a81df0e18a83073ff904b6f10eaafbbd6d9ef8d9,242540,242540,1500x2385,1500x2385,unit_1_p1u;unit_2_p1l,2,pending_visual_review,
38,38_新年_1918-01,新年과 人生,CNTS-00048037653,raw/journals/cheondogyo_wolbo/nl_bibliography/articles/CNTS-00048037653,page_002.jpg,ok,89fc2655ed7d2572052c0127147bd9e6498aadf48d0a20edabb1b14596eb7312,89fc2655ed7d2572052c0127147bd9e6498aadf48d0a20edabb1b14596eb7312,275141,275141,1500x2420,1500x2420,unit_3_p2u;unit_4_p2l,2,pending_visual_review,
38,38_新年_1918-01,新年과 人生,CNTS-00048037653,raw/journals/cheondogyo_wolbo/nl_bibliography/articles/CNTS-00048037653,page_003.jpg,ok,21cf3f43faebfdac8103a02d69b308d4b72556cbedb973e03e72793865df9c33,21cf3f43faebfdac8103a02d69b308d4b72556cbedb973e03e72793865df9c33,241911,241911,1500x2453,1500x2453,unit_5_p3u;unit_6_p3l,2,pending_visual_review,
39,39_宗敎_1918-02,宗敎의 兩側面,CNTS-00048078878,raw/journals/cheondogyo_wolbo/nl_bibliography/articles/CNTS-00048078878,page_001.jpg,ok,b01fb339e25cf8d0032c92ef9f4fcd1df5147c7f03fca37744798179c57e2cc9,b01fb339e25cf8d0032c92ef9f4fcd1df5147c7f03fca37744798179c57e2cc9,280874,280874,1500x2518,1500x2518,unit_1_p1u;unit_2_p1l,2,pending_visual_review,
39,39_宗敎_1918-02,宗敎의 兩側面,CNTS-00048078878,raw/journals/cheondogyo_wolbo/nl_bibliography/articles/CNTS-00048078878,page_002.jpg,ok,bf5da7d2c1dfb8c64ecd401039cdeecc892dc450e3392d147827309c32bf9428,bf5da7d2c1dfb8c64ecd401039cdeecc892dc450e3392d147827309c32bf9428,299149,299149,1500x2551,1500x2551,unit_3_p2u;unit_4_p2l,2,pending_visual_review,
39,39_宗敎_1918-02,宗敎의 兩側面,CNTS-00048078878,raw/journals/cheondogyo_wolbo/nl_bibliography/articles/CNTS-00048078878,page_003.jpg,ok,129ffe2b794eb67dca529f68d73770dd1a5ba0589bc1d961b0699a928951e5d2,129ffe2b794eb67dca529f68d73770dd1a5ba0589bc1d961b0699a928951e5d2,275492,275492,1500x2518,1500x2518,unit_5_p3u;unit_6_p3l,2,pending_visual_review,
40,40_信仰_1918-03,信仰上으로 觀ᄒᆞᆯ 吾人의 努力,CNTS-00048078891,raw/journals/cheondogyo_wolbo/nl_bibliography/articles/CNTS-00048078891,page_001.jpg,ok,b128535ccfabcd4b6e128462d9fadf7417866687ec4d4cc001c82ed439f3adaf,b128535ccfabcd4b6e128462d9fadf7417866687ec4d4cc001c82ed439f3adaf,236078,236078,1500x2474,1500x2474,unit_1_p1u;unit_2_p1l,2,pending_visual_review,
40,40_信仰_1918-03,信仰上으로 觀ᄒᆞᆯ 吾人의 努力,CNTS-00048078891,raw/journals/cheondogyo_wolbo/nl_bibliography/articles/CNTS-00048078891,page_002.jpg,ok,2c67dfc58b8b2b03741721931126e01d59fce7a73a51e4212353651aed1d55bf,2c67dfc58b8b2b03741721931126e01d59fce7a73a51e4212353651aed1d55bf,245785,245785,1500x2385,1500x2385,unit_3_p2u;unit_4_p2l,2,pending_visual_review,
40,40_信仰_1918-03,信仰上으로 觀ᄒᆞᆯ 吾人의 努力,CNTS-00048078891,raw/journals/cheondogyo_wolbo/nl_bibliography/articles/CNTS-00048078891,page_003.jpg,ok,bd1890d7025be5fd8fcd89d30243c3b9be7789a77270a7de012295aa7c6c323d,bd1890d7025be5fd8fcd89d30243c3b9be7789a77270a7de012295aa7c6c323d,257117,257117,1500x2474,1500x2474,unit_5_p3u;unit_6_p3l,2,pending_visual_review,
40,40_信仰_1918-03,信仰上으로 觀ᄒᆞᆯ 吾人의 努力,CNTS-00048078891,raw/journals/cheondogyo_wolbo/nl_bibliography/articles/CNTS-00048078891,page_004.jpg,ok,d3a92c0c22cd1b575bd41676a9162ab449fa79e44d968231b76ac567d3cddc21,d3a92c0c22cd1b575bd41676a9162ab449fa79e44d968231b76ac567d3cddc21,237534,237534,1500x2385,1500x2385,unit_7_p4u;unit_8_p4l,2,pending_visual_review,
40,40_信仰_1918-03,信仰上으로 觀ᄒᆞᆯ 吾人의 努力,CNTS-00048078891,raw/journals/cheondogyo_wolbo/nl_bibliography/articles/CNTS-00048078891,page_005.jpg,ok,001e81dbf03405ca7ee15fddddd9b618e2dca86cb4e5a7f785189f37e8d50577,001e81dbf03405ca7ee15fddddd9b618e2dca86cb4e5a7f785189f37e8d50577,265904,265904,1500x2474,1500x2474,unit_9_p5u;unit_10_p5l,2,pending_visual_review,
41,41_兩道_1918-05,兩道師巡回와 關北敎友,CNTS-00048037691,raw/journals/cheondogyo_wolbo/nl_bibliography/articles/CNTS-00048037691,page_001.jpg,ok,215cfe9d61e27bd7d9b1ee94047e93e8a8053181db2c93de51a1c933811129be,215cfe9d61e27bd7d9b1ee94047e93e8a8053181db2c93de51a1c933811129be,278938,278938,1500x2434,1500x2434,unit_1_p1u;unit_2_p1l,2,pending_visual_review,
41,41_兩道_1918-05,兩道師巡回와 關北敎友,CNTS-00048037691,raw/journals/cheondogyo_wolbo/nl_bibliography/articles/CNTS-00048037691,page_002.jpg,ok,527241a713a8d523933109873eebe027d598bc71e27accab37b304d87a5c7201,527241a713a8d523933109873eebe027d598bc71e27accab37b304d87a5c7201,264584,264584,1500x2373,1500x2373,unit_3_p2u;unit_4_p2l,2,pending_visual_review,
41,41_兩道_1918-05,兩道師巡回와 關北敎友,CNTS-00048037691,raw/journals/cheondogyo_wolbo/nl_bibliography/articles/CNTS-00048037691,page_003.jpg,ok,6145819475e2cb5e0319e9b404909ee30cc3dc20fd013e8889a232dde7771146,6145819475e2cb5e0319e9b404909ee30cc3dc20fd013e8889a232dde7771146,291350,291350,1500x2434,1500x2434,unit_5_p3u;unit_6_p3l,2,pending_visual_review,
41,41_兩道_1918-05,兩道師巡回와 關北敎友,CNTS-00048037691,raw/journals/cheondogyo_wolbo/nl_bibliography/articles/CNTS-00048037691,page_004.jpg,ok,cbd0a43021a37ab91e3ba4c341ace6ea5b8b033059907b663fc4ba88f113d38e,cbd0a43021a37ab91e3ba4c341ace6ea5b8b033059907b663fc4ba88f113d38e,286586,286586,1500x2461,1500x2461,unit_7_p4u;unit_8_p4l,2,pending_visual_review,
41,41_兩道_1918-05,兩道師巡回와 關北敎友,CNTS-00048037691,raw/journals/cheondogyo_wolbo/nl_bibliography/articles/CNTS-00048037691,page_005.jpg,ok,1f9738cbfc0fb85810700dde77148c686123f525610b86ebe0fd5d6ef097a9e6,1f9738cbfc0fb85810700dde77148c686123f525610b86ebe0fd5d6ef097a9e6,276801,276801,1500x2421,1500x2421,unit_9_p5u;unit_10_p5l,2,pending_visual_review,
42,42_大神_1918-07,大神師性靈出世說(其一),CNTS-00048065154,raw/journals/cheondogyo_wolbo/nl_bibliography/articles/CNTS-00048065154,page_001.jpg,ok,22ce69450a8324feca6abb403efdf96de151fb93785f496b1bf17fef18741340,22ce69450a8324feca6abb403efdf96de151fb93785f496b1bf17fef18741340,232078,232078,1500x2451,1500x2451,unit_1_p1u;unit_2_p1l,2,pending_visual_review,
42,42_大神_1918-07,大神師性靈出世說(其一),CNTS-00048065154,raw/journals/cheondogyo_wolbo/nl_bibliography/articles/CNTS-00048065154,page_002.jpg,ok,bfcb921f574caa21dda5f2e21bbcc63254663c47ec80e6941b86e1df14d43242,bfcb921f574caa21dda5f2e21bbcc63254663c47ec80e6941b86e1df14d43242,226370,226370,1500x2442,1500x2442,unit_3_p2u;unit_4_p2l,2,pending_visual_review,
42,42_大神_1918-07,大神師性靈出世說(其一),CNTS-00048065154,raw/journals/cheondogyo_wolbo/nl_bibliography/articles/CNTS-00048065154,page_003.jpg,ok,b037fb31e4b8d911f68ea4a5c122222a70418fccf8a95335db5bbc30e62a008b,b037fb31e4b8d911f68ea4a5c122222a70418fccf8a95335db5bbc30e62a008b,230233,230233,1500x2451,1500x2451,unit_5_p3u;unit_6_p3l,2,pending_visual_review,
42,42_大神_1918-07,大神師性靈出世說(其一),CNTS-00048065154,raw/journals/cheondogyo_wolbo/nl_bibliography/articles/CNTS-00048065154,page_004.jpg,ok,54864160f7b4424f8ef688180edaefd810802392c0d59b1aec5d853c51f4fe33,54864160f7b4424f8ef688180edaefd810802392c0d59b1aec5d853c51f4fe33,210675,210675,1500x2442,1500x2442,unit_7_p4u;unit_8_p4l,2,pending_visual_review,
42,42_大神_1918-07,大神師性靈出世說(其一),CNTS-00048065154,raw/journals/cheondogyo_wolbo/nl_bibliography/articles/CNTS-00048065154,page_005.jpg,ok,028722559226644614d217d975c35483f17c0f9768b74dd1a0a0aeb741f86400,028722559226644614d217d975c35483f17c0f9768b74dd1a0a0aeb741f86400,241980,241980,1500x2489,1500x2489,unit_9_p5u;unit_10_p5l,2,pending_visual_review,
43,43_追悼_1918-09,追悼香山文,CNTS-00048065182,raw/journals/cheondogyo_wolbo/nl_bibliography/articles/CNTS-00048065182,page_001.jpg,ok,7aba5fc6fe9fe67665ea99c2a04298a17b9b5a8fb81c1dd2ebf3b5f9d51b143e,7aba5fc6fe9fe67665ea99c2a04298a17b9b5a8fb81c1dd2ebf3b5f9d51b143e,219611,219611,1500x2527,1500x2527,unit_1_p1u;unit_2_p1l,2,pending_visual_review,
43,43_追悼_1918-09,追悼香山文,CNTS-00048065182,raw/journals/cheondogyo_wolbo/nl_bibliography/articles/CNTS-00048065182,page_002.jpg,ok,9e9a11f48e0e464538cf18bbbe724d06a44f2b8e456de2f7c8482266a5c9a66b,9e9a11f48e0e464538cf18bbbe724d06a44f2b8e456de2f7c8482266a5c9a66b,224281,224281,1500x2515,1500x2515,unit_3_p2u;unit_4_p2l,2,pending_visual_review,
43,43_追悼_1918-09,追悼香山文,CNTS-00048065182,raw/journals/cheondogyo_wolbo/nl_bibliography/articles/CNTS-00048065182,page_003.jpg,ok,655a110e2a3f8557a750b3a8470380cd0bc68730706b8a4ad4ee8ff9b93f6c68,655a110e2a3f8557a750b3a8470380cd0bc68730706b8a4ad4ee8ff9b93f6c68,209481,209481,1500x2535,1500x2535,unit_5_p3u;unit_6_p3l,2,pending_visual_review,
44,44_百號_1918-12,百號紀念에 對ᄒᆞᆫ 余의 感想,CNTS-00048037751,raw/journals/cheondogyo_wolbo/nl_bibliography/articles/CNTS-00048037751,page_001.jpg,ok,76490e3ac2083e25297ea8438b57aefdce458021acedc52bd507739bb6c87825,76490e3ac2083e25297ea8438b57aefdce458021acedc52bd507739bb6c87825,227268,227268,1500x2440,1500x2440,unit_1_p1u;unit_2_p1l,2,pending_visual_review,
44,44_百號_1918-12,百號紀念에 對ᄒᆞᆫ 余의 感想,CNTS-00048037751,raw/journals/cheondogyo_wolbo/nl_bibliography/articles/CNTS-00048037751,page_002.jpg,ok,7e80b79cc7f47e76112e473fc0a15a40cd31ac76da75fb6e07b90a1ef500a46f,7e80b79cc7f47e76112e473fc0a15a40cd31ac76da75fb6e07b90a1ef500a46f,238402,238402,1500x2381,1500x2381,unit_3_p2u;unit_4_p2l,2,pending_visual_review,
44,44_百號_1918-12,百號紀念에 對ᄒᆞᆫ 余의 感想,CNTS-00048037751,raw/journals/cheondogyo_wolbo/nl_bibliography/articles/CNTS-00048037751,page_003.jpg,ok,53782dcf428ba590d89391f8263df5610460a07fbde9937bdafd80544e3f16b8,53782dcf428ba590d89391f8263df5610460a07fbde9937bdafd80544e3f16b8,203665,203665,1500x2448,1500x2448,unit_5_p3u;unit_6_p3l,2,pending_visual_review,
44,44_百號_1918-12,百號紀念에 對ᄒᆞᆫ 余의 感想,CNTS-00048037751,raw/journals/cheondogyo_wolbo/nl_bibliography/articles/CNTS-00048037751,page_004.jpg,ok,d6c5072d2fbe19119bbbd523ebd5734b56518ba6486dc83406f8d33f434fbb67,d6c5072d2fbe19119bbbd523ebd5734b56518ba6486dc83406f8d33f434fbb67,234919,234919,1500x2396,1500x2396,unit_7_p4u;unit_8_p4l,2,pending_visual_review,
44,44_百號_1918-12,百號紀念에 對ᄒᆞᆫ 余의 感想,CNTS-00048037751,raw/journals/cheondogyo_wolbo/nl_bibliography/articles/CNTS-00048037751,page_005.jpg,ok,a31a5db6baea4481afb75a6e51aca89da3903fe4b4d2c0fd08ae958d972e9b3d,a31a5db6baea4481afb75a6e51aca89da3903fe4b4d2c0fd08ae958d972e9b3d,212809,212809,1500x2421,1500x2421,unit_9_p5u;unit_10_p5l,2,pending_visual_review,
45,45_新年_1919-01,新年元旦,CNTS-00048037771,raw/journals/cheondogyo_wolbo/nl_bibliography/articles/CNTS-00048037771,page_001.jpg,ok,4e9cc9ffbe6d9df3f775abcf118ddc981053e433551e0f47de99e9076d286fff,4e9cc9ffbe6d9df3f775abcf118ddc981053e433551e0f47de99e9076d286fff,230673,230673,1500x2457,1500x2457,unit_1_p1,1,pending_visual_review,
45,45_新年_1919-01,新年元旦,CNTS-00048037771,raw/journals/cheondogyo_wolbo/nl_bibliography/articles/CNTS-00048037771,page_002.jpg,ok,f018d3a4273e11a3f5d38f3fe352884a94823ba7c763d1a4cec470fa4ccc7386,f018d3a4273e11a3f5d38f3fe352884a94823ba7c763d1a4cec470fa4ccc7386,240408,240408,1500x2398,1500x2398,unit_2_p2,1,pending_visual_review,
45,45_新年_1919-01,新年元旦,CNTS-00048037771,raw/journals/cheondogyo_wolbo/nl_bibliography/articles/CNTS-00048037771,page_003.jpg,ok,2dfe565c0d4fe72f8ed9be1240a68ced09ab7be7e5ed603b88e9a779a4f2294f,2dfe565c0d4fe72f8ed9be1240a68ced09ab7be7e5ed603b88e9a779a4f2294f,246596,246596,1500x2404,1500x2404,unit_3_p3,1,pending_visual_review,
45,45_新年_1919-01,新年元旦,CNTS-00048037771,raw/journals/cheondogyo_wolbo/nl_bibliography/articles/CNTS-00048037771,page_004.jpg,ok,17779af39a8a0bd2d1e6c2a0c0591c65b1366acb17af984198472def8a110816,17779af39a8a0bd2d1e6c2a0c0591c65b1366acb17af984198472def8a110816,231883,231883,1500x2429,1500x2429,unit_4_p4,1,pending_visual_review,
45,45_新年_1919-01,新年元旦,CNTS-00048037771,raw/journals/cheondogyo_wolbo/nl_bibliography/articles/CNTS-00048037771,page_005.jpg,ok,d88091e44c5bb0e708710467aa4dd8d7c973153f513ab1e9eb9eaf0af75495c7,d88091e44c5bb0e708710467aa4dd8d7c973153f513ab1e9eb9eaf0af75495c7,228498,228498,1500x2429,1500x2429,unit_5_p5,1,pending_visual_review,
46,46_將來_1919-02,將來의 宗敎,CNTS-00048051596,raw/journals/cheondogyo_wolbo/nl_bibliography/articles/CNTS-00048051596,page_001.jpg,ok,bf062e55f7f85119ab4ba7f6897249c48451bb1d9ef411c5028137a8cd543a63,bf062e55f7f85119ab4ba7f6897249c48451bb1d9ef411c5028137a8cd543a63,178181,178181,1500x2469,1500x2469,unit_1_p1,1,pending_visual_review,
46,46_將來_1919-02,將來의 宗敎,CNTS-00048051596,raw/journals/cheondogyo_wolbo/nl_bibliography/articles/CNTS-00048051596,page_002.jpg,ok,ed21f20ca759d113f71f3c84caaf0b5ff3c0b910a566e2f0c45594bfd2ba8337,ed21f20ca759d113f71f3c84caaf0b5ff3c0b910a566e2f0c45594bfd2ba8337,225022,225022,1500x2455,1500x2455,unit_2_p2,1,pending_visual_review,
46,46_將來_1919-02,將來의 宗敎,CNTS-00048051596,raw/journals/cheondogyo_wolbo/nl_bibliography/articles/CNTS-00048051596,page_003.jpg,ok,a2c2b9efdc1f7b908616e551ed1ed731bb38382ae71d80de18cbcbc423df05fd,a2c2b9efdc1f7b908616e551ed1ed731bb38382ae71d80de18cbcbc423df05fd,223446,223446,1500x2459,1500x2459,unit_3_p3,1,pending_visual_review,
46,46_將來_1919-02,將來의 宗敎,CNTS-00048051596,raw/journals/cheondogyo_wolbo/nl_bibliography/articles/CNTS-00048051596,page_004.jpg,ok,187bf313da9b105248a03c032fbef405456975f9870089452fd708f9d1fa3759,187bf313da9b105248a03c032fbef405456975f9870089452fd708f9d1fa3759,232459,232459,1500x2408,1500x2408,unit_4_p4,1,pending_visual_review,
46,46_將來_1919-02,將來의 宗敎,CNTS-00048051596,raw/journals/cheondogyo_wolbo/nl_bibliography/articles/CNTS-00048051596,page_005.jpg,ok,ccb94007a85c3a04fb14b2d3549f6b25bef90d7d32b647651e752abce4216272,ccb94007a85c3a04fb14b2d3549f6b25bef90d7d32b647651e752abce4216272,224514,224514,1500x2430,1500x2430,unit_5_p5,1,pending_visual_review,
46,46_將來_1919-02,將來의 宗敎,CNTS-00048051596,raw/journals/cheondogyo_wolbo/nl_bibliography/articles/CNTS-00048051596,page_006.jpg,ok,08f26ba9b8eafdb59feb3c975a0442294655fbd851dcd523741ded6a342fabc9,08f26ba9b8eafdb59feb3c975a0442294655fbd851dcd523741ded6a342fabc9,219478,219478,1500x2393,1500x2393,unit_6_p6,1,pending_visual_review,
47,47_我觀_1919-03,我觀東經,CNTS-00048079000,raw/journals/cheondogyo_wolbo/nl_bibliography/articles/CNTS-00048079000,page_001.jpg,ok,03761caca9a55f6d7bb83b6b8dc0cc1fe23c4be97c6ad80b7d1a27a63ea27bea,03761caca9a55f6d7bb83b6b8dc0cc1fe23c4be97c6ad80b7d1a27a63ea27bea,202657,202657,1500x2487,1500x2487,unit_1_p1,1,pending_visual_review,
47,47_我觀_1919-03,我觀東經,CNTS-00048079000,raw/journals/cheondogyo_wolbo/nl_bibliography/articles/CNTS-00048079000,page_002.jpg,ok,69b3b9d29c9076501113bc5c0052a7ce567eb544d437894e62222b899bcbd780,69b3b9d29c9076501113bc5c0052a7ce567eb544d437894e62222b899bcbd780,233107,233107,1500x2525,1500x2525,unit_2_p2,1,pending_visual_review,
47,47_我觀_1919-03,我觀東經,CNTS-00048079000,raw/journals/cheondogyo_wolbo/nl_bibliography/articles/CNTS-00048079000,page_003.jpg,ok,27c1a19ddfcf47779518226bc8452e61236cfefd987b41f2fa016c7cb79f1234,27c1a19ddfcf47779518226bc8452e61236cfefd987b41f2fa016c7cb79f1234,235797,235797,1500x2479,1500x2479,unit_3_p3,1,pending_visual_review,
47,47_我觀_1919-03,我觀東經,CNTS-00048079000,raw/journals/cheondogyo_wolbo/nl_bibliography/articles/CNTS-00048079000,page_004.jpg,ok,56a0504d0dfbfdbbf286a2b453ac76acd4ca2308c25937ce8a561efa29b32451,56a0504d0dfbfdbbf286a2b453ac76acd4ca2308c25937ce8a561efa29b32451,229276,229276,1500x2553,1500x2553,unit_4_p4,1,pending_visual_review,
47,47_我觀_1919-03,我觀東經,CNTS-00048079000,raw/journals/cheondogyo_wolbo/nl_bibliography/articles/CNTS-00048079000,page_005.jpg,ok,4dc0b757b8c5d1486c140deba4bbeabf2c47213849aa5a7a814e3f09f9074ee1,4dc0b757b8c5d1486c140deba4bbeabf2c47213849aa5a7a814e3f09f9074ee1,191471,191471,1500x2515,1500x2515,unit_5_p5,1,pending_visual_review,
48,48_靈通_1919-04,靈通說,CNTS-00048065272,raw/journals/cheondogyo_wolbo/nl_bibliography/articles/CNTS-00048065272,page_001.jpg,ok,082ce8bad0806231d90695d217861b092b16703362c5a379a5a122ea30d94b2c,082ce8bad0806231d90695d217861b092b16703362c5a379a5a122ea30d94b2c,226273,226273,1500x2437,1500x2437,unit_1_p1,1,pending_visual_review,
48,48_靈通_1919-04,靈通說,CNTS-00048065272,raw/journals/cheondogyo_wolbo/nl_bibliography/articles/CNTS-00048065272,page_002.jpg,ok,ac6a493357c5d78aeb93184075a8df71bf7e266b7b560241694b4bceb9136a4b,ac6a493357c5d78aeb93184075a8df71bf7e266b7b560241694b4bceb9136a4b,229466,229466,1500x2493,1500x2493,unit_2_p2,1,pending_visual_review,
48,48_靈通_1919-04,靈通說,CNTS-00048065272,raw/journals/cheondogyo_wolbo/nl_bibliography/articles/CNTS-00048065272,page_003.jpg,ok,34127406a9214aee8ea9f0910acb73121c58b5ea39f8fa93de6aef8641d32820,34127406a9214aee8ea9f0910acb73121c58b5ea39f8fa93de6aef8641d32820,259643,259643,1500x2454,1500x2454,unit_3_p3,1,pending_visual_review,
48,48_靈通_1919-04,靈通說,CNTS-00048065272,raw/journals/cheondogyo_wolbo/nl_bibliography/articles/CNTS-00048065272,page_004.jpg,ok,ee6f1b98ac7bd1ada5b59d7e917efc9d0ee22ad5c1e4220a576677aaf9c3d6bc,ee6f1b98ac7bd1ada5b59d7e917efc9d0ee22ad5c1e4220a576677aaf9c3d6bc,255426,255426,1500x2494,1500x2494,unit_4_p4,1,pending_visual_review,
48,48_靈通_1919-04,靈通說,CNTS-00048065272,raw/journals/cheondogyo_wolbo/nl_bibliography/articles/CNTS-00048065272,page_005.jpg,ok,a0ae874b3ec141ddf01dca111c9538fd9fcb548dffb6224368a69d0e7d55c6f6,a0ae874b3ec141ddf01dca111c9538fd9fcb548dffb6224368a69d0e7d55c6f6,197136,197136,1500x2446,1500x2446,unit_5_p5,1,pending_visual_review,
49,49_默念_1919-05,默念論(續),CNTS-00048079021,raw/journals/cheondogyo_wolbo/nl_bibliography/articles/CNTS-00048079021,page_001.jpg,ok,8f2ff5b4dbafaefce35b2459fbb058636ad6e023f84ab0e6641659a83f5e88cf,8f2ff5b4dbafaefce35b2459fbb058636ad6e023f84ab0e6641659a83f5e88cf,209833,209833,1500x2547,1500x2547,unit_1_p1,1,pending_visual_review,
49,49_默念_1919-05,默念論(續),CNTS-00048079021,raw/journals/cheondogyo_wolbo/nl_bibliography/articles/CNTS-00048079021,page_002.jpg,ok,9616bfe58855e5ef639f7841985ba859d442bf1c6545428ffe1a4b890939f549,9616bfe58855e5ef639f7841985ba859d442bf1c6545428ffe1a4b890939f549,236084,236084,1500x2493,1500x2493,unit_2_p2,1,pending_visual_review,
49,49_默念_1919-05,默念論(續),CNTS-00048079021,raw/journals/cheondogyo_wolbo/nl_bibliography/articles/CNTS-00048079021,page_003.jpg,ok,e56d6411aed9e0ce4a1130dbfd2f6010ab58f0856cfde410a28ab00e53bd681f,e56d6411aed9e0ce4a1130dbfd2f6010ab58f0856cfde410a28ab00e53bd681f,226806,226806,1500x2527,1500x2527,unit_3_p3,1,pending_visual_review,
49,49_默念_1919-05,默念論(續),CNTS-00048079021,raw/journals/cheondogyo_wolbo/nl_bibliography/articles/CNTS-00048079021,page_004.jpg,ok,684635d0f8a8c83387eb987371e53855d5e684b68f6db0a0d907a2e73b129a5b,684635d0f8a8c83387eb987371e53855d5e684b68f6db0a0d907a2e73b129a5b,259402,259402,1500x2458,1500x2458,unit_4_p4,1,pending_visual_review,
49,49_默念_1919-05,默念論(續),CNTS-00048079021,raw/journals/cheondogyo_wolbo/nl_bibliography/articles/CNTS-00048079021,page_005.jpg,ok,7f8e5eb02a03b24fd7e5634fb506218fa63adc1fe306e981f360d4613fef4348,7f8e5eb02a03b24fd7e5634fb506218fa63adc1fe306e981f360d4613fef4348,230589,230589,1500x2519,1500x2519,unit_5_p5,1,pending_visual_review,
49,49_默念_1919-05,默念論(續),CNTS-00048079021,raw/journals/cheondogyo_wolbo/nl_bibliography/articles/CNTS-00048079021,page_006.jpg,ok,26a2ba6f57ec89ef4129b75945258ea1de4be0b0e8fdaae9b75b3d59508512a5,26a2ba6f57ec89ef4129b75945258ea1de4be0b0e8fdaae9b75b3d59508512a5,241964,241964,1500x2483,1500x2483,unit_6_p6,1,pending_visual_review,
49,49_默念_1919-05,默念論(續),CNTS-00048079021,raw/journals/cheondogyo_wolbo/nl_bibliography/articles/CNTS-00048079021,page_007.jpg,ok,aaf89811088888af386eb464812c9889dd998c894a42536ed87a26be6169ba1f,aaf89811088888af386eb464812c9889dd998c894a42536ed87a26be6169ba1f,171355,171355,1500x2545,1500x2545,unit_7_p7,1,pending_visual_review,
50,50_眞實_1919-06,眞實된 信仰生活,CNTS-00048079026,raw/journals/cheondogyo_wolbo/nl_bibliography/articles/CNTS-00048079026,page_001.jpg,ok,36ea4235938be01d3aabfb4b8fa59def7bd1c640fa774f509d129917a8743e7e,36ea4235938be01d3aabfb4b8fa59def7bd1c640fa774f509d129917a8743e7e,193587,193587,1500x2439,1500x2439,unit_1_p1,1,pending_visual_review,
50,50_眞實_1919-06,眞實된 信仰生活,CNTS-00048079026,raw/journals/cheondogyo_wolbo/nl_bibliography/articles/CNTS-00048079026,page_002.jpg,ok,f8ab261390f8fd03d08988169924b143bf4c8da20ac24e7daa42baf8771f15ba,f8ab261390f8fd03d08988169924b143bf4c8da20ac24e7daa42baf8771f15ba,220257,220257,1500x2412,1500x2412,unit_2_p2,1,pending_visual_review,
50,50_眞實_1919-06,眞實된 信仰生活,CNTS-00048079026,raw/journals/cheondogyo_wolbo/nl_bibliography/articles/CNTS-00048079026,page_003.jpg,ok,6008791832e110db71311bae7d00076250a383e1ba6965cfea873b2c077ea73e,6008791832e110db71311bae7d00076250a383e1ba6965cfea873b2c077ea73e,225388,225388,1500x2527,1500x2527,unit_3_p3,1,pending_visual_review,
50,50_眞實_1919-06,眞實된 信仰生活,CNTS-00048079026,raw/journals/cheondogyo_wolbo/nl_bibliography/articles/CNTS-00048079026,page_004.jpg,ok,899b994fcb87fb91253d6e625b65b8d9ac319bd574b71e43802292eae4e0f2fb,899b994fcb87fb91253d6e625b65b8d9ac319bd574b71e43802292eae4e0f2fb,219404,219404,1500x2376,1500x2376,unit_4_p4,1,pending_visual_review,
50,50_眞實_1919-06,眞實된 信仰生活,CNTS-00048079026,raw/journals/cheondogyo_wolbo/nl_bibliography/articles/CNTS-00048079026,page_005.jpg,ok,81efcf882acf985eacc65ec3146b495977101af83fed9b8ecc5537f4442793d9,81efcf882acf985eacc65ec3146b495977101af83fed9b8ecc5537f4442793d9,219946,219946,1500x2473,1500x2473,unit_5_p5,1,pending_visual_review,
50,50_眞實_1919-06,眞實된 信仰生活,CNTS-00048079026,raw/journals/cheondogyo_wolbo/nl_bibliography/articles/CNTS-00048079026,page_006.jpg,ok,1f0d2e78ca1a0bde7fc1aff15f2c8f647d577810a7a03cd22c7be53327c7a7e5,1f0d2e78ca1a0bde7fc1aff15f2c8f647d577810a7a03cd22c7be53327c7a7e5,228262,228262,1500x2396,1500x2396,unit_6_p6,1,pending_visual_review,
50,50_眞實_1919-06,眞實된 信仰生活,CNTS-00048079026,raw/journals/cheondogyo_wolbo/nl_bibliography/articles/CNTS-00048079026,page_007.jpg,ok,5cbab7d7481ffb1773a1d4c6440e77ca524273efd3ffd2d6c6ff6f2f7c772c27,5cbab7d7481ffb1773a1d4c6440e77ca524273efd3ffd2d6c6ff6f2f7c772c27,224887,224887,1500x2475,1500x2475,unit_7_p7,1,pending_visual_review,
50,50_眞實_1919-06,眞實된 信仰生活,CNTS-00048079026,raw/journals/cheondogyo_wolbo/nl_bibliography/articles/CNTS-00048079026,page_008.jpg,ok,81bc5f3fa29fddb25f6af325a70412d76a40c45d4e81d6a6e3d1dc0d0f0e53cc,81bc5f3fa29fddb25f6af325a70412d76a40c45d4e81d6a6e3d1dc0d0f0e53cc,187729,187729,1500x2363,1500x2363,unit_8_p8,1,pending_visual_review,
51,51_愛開_1919-07,愛의 開放,CNTS-00048037824,raw/journals/cheondogyo_wolbo/nl_bibliography/articles/CNTS-00048037824,page_001.jpg,ok,bdd66ec6e7a5b52d892649da825b127196767f88bcb80b32466f073ded4d4774,bdd66ec6e7a5b52d892649da825b127196767f88bcb80b32466f073ded4d4774,186084,186084,1500x2272,1500x2272,unit_1_p1,1,pending_visual_review,
51,51_愛開_1919-07,愛의 開放,CNTS-00048037824,raw/journals/cheondogyo_wolbo/nl_bibliography/articles/CNTS-00048037824,page_002.jpg,ok,d8fee2d817e77dfcae2fef52b3732cf056c3b072fa9ef675b87e9c7f3560f408,d8fee2d817e77dfcae2fef52b3732cf056c3b072fa9ef675b87e9c7f3560f408,201383,201383,1500x2326,1500x2326,unit_2_p2,1,pending_visual_review,
51,51_愛開_1919-07,愛의 開放,CNTS-00048037824,raw/journals/cheondogyo_wolbo/nl_bibliography/articles/CNTS-00048037824,page_003.jpg,ok,9922b0fd3ebf2c500f827bea463fa8561ad9207063e06cc002ada8caf9af2a67,9922b0fd3ebf2c500f827bea463fa8561ad9207063e06cc002ada8caf9af2a67,197296,197296,1500x2348,1500x2348,unit_3_p3,1,pending_visual_review,
51,51_愛開_1919-07,愛의 開放,CNTS-00048037824,raw/journals/cheondogyo_wolbo/nl_bibliography/articles/CNTS-00048037824,page_004.jpg,ok,0d5227279055ff5c0770b44ec90be2884c86746862f75194ad9eb9180b5ab8fa,0d5227279055ff5c0770b44ec90be2884c86746862f75194ad9eb9180b5ab8fa,201488,201488,1500x2345,1500x2345,unit_4_p4,1,pending_visual_review,
51,51_愛開_1919-07,愛의 開放,CNTS-00048037824,raw/journals/cheondogyo_wolbo/nl_bibliography/articles/CNTS-00048037824,page_005.jpg,ok,502519ac0a919a70d87f23c4579a1cb050c085e4e3d38bbb827809a2951d8eb5,502519ac0a919a70d87f23c4579a1cb050c085e4e3d38bbb827809a2951d8eb5,187120,187120,1500x2336,1500x2336,unit_5_p5,1,pending_visual_review,
52,52_自覺_1919-09,自覺ᄒᆞ야써 其根에 歸ᄒᆞ라,CNTS-00048037837,raw/journals/cheondogyo_wolbo/nl_bibliography/articles/CNTS-00048037837,page_001.jpg,ok,d2333d97d6adaa338937294173205c0aec3bc73b8604fe918da2124fcd7f9f5f,d2333d97d6adaa338937294173205c0aec3bc73b8604fe918da2124fcd7f9f5f,179292,179292,1500x2421,1500x2421,unit_1_p1,1,pending_visual_review,
52,52_自覺_1919-09,自覺ᄒᆞ야써 其根에 歸ᄒᆞ라,CNTS-00048037837,raw/journals/cheondogyo_wolbo/nl_bibliography/articles/CNTS-00048037837,page_002.jpg,ok,ccd11804a1f134476ba098b7f154dd813e7fb6da108d8e38bd69bf582178e4f3,ccd11804a1f134476ba098b7f154dd813e7fb6da108d8e38bd69bf582178e4f3,198773,198773,1500x2302,1500x2302,unit_2_p2,1,pending_visual_review,
52,52_自覺_1919-09,自覺ᄒᆞ야써 其根에 歸ᄒᆞ라,CNTS-00048037837,raw/journals/cheondogyo_wolbo/nl_bibliography/articles/CNTS-00048037837,page_003.jpg,ok,457080e8851559070e611606409833a42a6df06e60883da6cb45586d08776f52,457080e8851559070e611606409833a42a6df06e60883da6cb45586d08776f52,182134,182134,1500x2368,1500x2368,unit_3_p3,1,pending_visual_review,
52,52_自覺_1919-09,自覺ᄒᆞ야써 其根에 歸ᄒᆞ라,CNTS-00048037837,raw/journals/cheondogyo_wolbo/nl_bibliography/articles/CNTS-00048037837,page_004.jpg,ok,d609cbb8bb84aa894efbbbce73f83b5c973bb8237244f7bfc5bdd7c659166e9b,d609cbb8bb84aa894efbbbce73f83b5c973bb8237244f7bfc5bdd7c659166e9b,200572,200572,1500x2321,1500x2321,unit_4_p4,1,pending_visual_review,
52,52_自覺_1919-09,自覺ᄒᆞ야써 其根에 歸ᄒᆞ라,CNTS-00048037837,raw/journals/cheondogyo_wolbo/nl_bibliography/articles/CNTS-00048037837,page_005.jpg,ok,5ca4e12aba90ac1492bbe6e102d702145fd0a08f17f85684a8ca42cd6f9dece6,5ca4e12aba90ac1492bbe6e102d702145fd0a08f17f85684a8ca42cd6f9dece6,200194,200194,1500x2367,1500x2367,unit_5_p5,1,pending_visual_review,
52,52_自覺_1919-09,自覺ᄒᆞ야써 其根에 歸ᄒᆞ라,CNTS-00048037837,raw/journals/cheondogyo_wolbo/nl_bibliography/articles/CNTS-00048037837,page_006.jpg,ok,7254fb26710cda6bb1e5b1a22da9430e2cc919bee2e87ae876b2fa461a268a76,7254fb26710cda6bb1e5b1a22da9430e2cc919bee2e87ae876b2fa461a268a76,177745,177745,1500x2320,1500x2320,unit_6_p6,1,pending_visual_review,
53,53_今日_1919-10,今日以後의 宗敎,CNTS-00048037846,raw/journals/cheondogyo_wolbo/nl_bibliography/articles/CNTS-00048037846,page_001.jpg,ok,e50cc3175693ade0b3dc4578e5b056669de13c75d71ec607ff9332dd2067a836,e50cc3175693ade0b3dc4578e5b056669de13c75d71ec607ff9332dd2067a836,218140,218140,1500x2400,1500x2400,unit_1_p1,1,pending_visual_review,
53,53_今日_1919-10,今日以後의 宗敎,CNTS-00048037846,raw/journals/cheondogyo_wolbo/nl_bibliography/articles/CNTS-00048037846,page_002.jpg,ok,a6a06fbc3e3d74b602073b1e59d16f540a3594a69cc57eefab3f1fc129615168,a6a06fbc3e3d74b602073b1e59d16f540a3594a69cc57eefab3f1fc129615168,222069,222069,1500x2450,1500x2450,unit_2_p2,1,pending_visual_review,
53,53_今日_1919-10,今日以後의 宗敎,CNTS-00048037846,raw/journals/cheondogyo_wolbo/nl_bibliography/articles/CNTS-00048037846,page_003.jpg,ok,e1a1de8667faa62e6a3c4c2701b20d13d17d7918bd31670b2f69c5586ef931a2,e1a1de8667faa62e6a3c4c2701b20d13d17d7918bd31670b2f69c5586ef931a2,212982,212982,1500x2396,1500x2396,unit_3_p3,1,pending_visual_review,
53,53_今日_1919-10,今日以後의 宗敎,CNTS-00048037846,raw/journals/cheondogyo_wolbo/nl_bibliography/articles/CNTS-00048037846,page_004.jpg,ok,74817fa4f10f38486ea49dc51ee7cdd7b908a2cb81630a58d11567e5b5056274,74817fa4f10f38486ea49dc51ee7cdd7b908a2cb81630a58d11567e5b5056274,210984,210984,1500x2430,1500x2430,unit_4_p4,1,pending_visual_review,
53,53_今日_1919-10,今日以後의 宗敎,CNTS-00048037846,raw/journals/cheondogyo_wolbo/nl_bibliography/articles/CNTS-00048037846,page_005.jpg,ok,9c10d0d9def08de1608ae29e36b4deeca14b9b4244f8fdb9ce0b154c5de8966c,9c10d0d9def08de1608ae29e36b4deeca14b9b4244f8fdb9ce0b154c5de8966c,228412,228412,1500x2404,1500x2404,unit_5_p5,1,pending_visual_review,
54,54_十月_1919-11,十月二十八日大祈禱,CNTS-00048051660,raw/journals/cheondogyo_wolbo/nl_bibliography/articles/CNTS-00048051660,page_001.jpg,ok,b923c68387351e65fc69a0d35de25424b8fc0bde00ab4a58dafc80907cbb1131,b923c68387351e65fc69a0d35de25424b8fc0bde00ab4a58dafc80907cbb1131,208271,208271,1500x2427,1500x2427,unit_1_p1,1,pending_visual_review,
54,54_十月_1919-11,十月二十八日大祈禱,CNTS-00048051660,raw/journals/cheondogyo_wolbo/nl_bibliography/articles/CNTS-00048051660,page_002.jpg,ok,13b3418bf6b53420ed1a59e5d17f69b88063e175a5fcfacb454e7a7df969e1ba,13b3418bf6b53420ed1a59e5d17f69b88063e175a5fcfacb454e7a7df969e1ba,208634,208634,1500x2436,1500x2436,unit_2_p2,1,pending_visual_review,
54,54_十月_1919-11,十月二十八日大祈禱,CNTS-00048051660,raw/journals/cheondogyo_wolbo/nl_bibliography/articles/CNTS-00048051660,page_003.jpg,ok,431cc227f49e5008b4ad3028cc03cc057ec8ec884ab93439ef494da5ea4a9f7c,431cc227f49e5008b4ad3028cc03cc057ec8ec884ab93439ef494da5ea4a9f7c,221498,221498,1500x2439,1500x2439,unit_3_p3,1,pending_visual_review,
54,54_十月_1919-11,十月二十八日大祈禱,CNTS-00048051660,raw/journals/cheondogyo_wolbo/nl_bibliography/articles/CNTS-00048051660,page_004.jpg,ok,189b98a94f0f56fb1bcc22d3b34da4edd102bea06d7c8a0d275d1403f677bec4,189b98a94f0f56fb1bcc22d3b34da4edd102bea06d7c8a0d275d1403f677bec4,202369,202369,1500x2422,1500x2422,unit_4_p4,1,pending_visual_review,
54,54_十月_1919-11,十月二十八日大祈禱,CNTS-00048051660,raw/journals/cheondogyo_wolbo/nl_bibliography/articles/CNTS-00048051660,page_005.jpg,ok,b928e6aca7e74f80d7a26811f5d6dbe459aab5dd7a2d37e0c0efc74de5047c5d,b928e6aca7e74f80d7a26811f5d6dbe459aab5dd7a2d37e0c0efc74de5047c5d,212072,212072,1500x2418,1500x2418,unit_5_p5,1,pending_visual_review,
55,55_改造_1919-12,改造와 宗敎,CNTS-00048065323,raw/journals/cheondogyo_wolbo/nl_bibliography/articles/CNTS-00048065323,page_001.jpg,ok,62e72ef6f0159fc0f1820b8c44410402afab96833de6260caf368b9dfec74bff,62e72ef6f0159fc0f1820b8c44410402afab96833de6260caf368b9dfec74bff,209609,209609,1500x2357,1500x2357,unit_1_p1,1,pending_visual_review,
55,55_改造_1919-12,改造와 宗敎,CNTS-00048065323,raw/journals/cheondogyo_wolbo/nl_bibliography/articles/CNTS-00048065323,page_002.jpg,ok,540fb39272093149b7453f687fbeb77dde697f53c6cb68d63a32b4ad42b3b3a1,540fb39272093149b7453f687fbeb77dde697f53c6cb68d63a32b4ad42b3b3a1,218557,218557,1500x2349,1500x2349,unit_2_p2,1,pending_visual_review,
55,55_改造_1919-12,改造와 宗敎,CNTS-00048065323,raw/journals/cheondogyo_wolbo/nl_bibliography/articles/CNTS-00048065323,page_003.jpg,ok,2ef8e43d199fbde034378b9e2a09e07e221ebc757fcbaf5135a528a8d8e21f0a,2ef8e43d199fbde034378b9e2a09e07e221ebc757fcbaf5135a528a8d8e21f0a,216401,216401,1500x2342,1500x2342,unit_3_p3,1,pending_visual_review,
55,55_改造_1919-12,改造와 宗敎,CNTS-00048065323,raw/journals/cheondogyo_wolbo/nl_bibliography/articles/CNTS-00048065323,page_004.jpg,ok,a1a2fd50a963c0050f8c24c694103d325089e995723d44824836590ae0b3d25b,a1a2fd50a963c0050f8c24c694103d325089e995723d44824836590ae0b3d25b,207767,207767,1500x2367,1500x2367,unit_4_p4,1,pending_visual_review,
55,55_改造_1919-12,改造와 宗敎,CNTS-00048065323,raw/journals/cheondogyo_wolbo/nl_bibliography/articles/CNTS-00048065323,page_005.jpg,ok,518380f7bed8fd68dc051f736085afa66c07e96ae261ce7414ea4e10c04c16de,518380f7bed8fd68dc051f736085afa66c07e96ae261ce7414ea4e10c04c16de,209056,209056,1500x2327,1500x2327,unit_5_p5,1,pending_visual_review,
56,56_天道_1920-01,天道敎六十一歲花甲庚申을 迎喜,CNTS-00048065337,raw/journals/cheondogyo_wolbo/nl_bibliography/articles/CNTS-00048065337,page_001.jpg,ok,a9dbef3d1996f7d052a280481e6c90a732d3d22f5c82a0c0d79c5d688429b1f1,a9dbef3d1996f7d052a280481e6c90a732d3d22f5c82a0c0d79c5d688429b1f1,165883,165883,1500x2432,1500x2432,unit_1_p1,1,pending_visual_review,
56,56_天道_1920-01,天道敎六十一歲花甲庚申을 迎喜,CNTS-00048065337,raw/journals/cheondogyo_wolbo/nl_bibliography/articles/CNTS-00048065337,page_002.jpg,ok,699b60df94498031a8d1e795dc2dbd8fca62db430203ff18ab48e052233b0682,699b60df94498031a8d1e795dc2dbd8fca62db430203ff18ab48e052233b0682,181981,181981,1500x2336,1500x2336,unit_2_p2,1,pending_visual_review,
56,56_天道_1920-01,天道敎六十一歲花甲庚申을 迎喜,CNTS-00048065337,raw/journals/cheondogyo_wolbo/nl_bibliography/articles/CNTS-00048065337,page_003.jpg,ok,9cde893a5ca79435dd814a2ac6a7178feaa069a80ac3e49da9e2b8548717c3ea,9cde893a5ca79435dd814a2ac6a7178feaa069a80ac3e49da9e2b8548717c3ea,171174,171174,1500x2296,1500x2296,unit_3_p3,1,pending_visual_review,
56,56_天道_1920-01,天道敎六十一歲花甲庚申을 迎喜,CNTS-00048065337,raw/journals/cheondogyo_wolbo/nl_bibliography/articles/CNTS-00048065337,page_004.jpg,ok,c28ac1bf04a3bd69b2408a4681a7fbe014c831188eca4a114c4f509a0f03462d,c28ac1bf04a3bd69b2408a4681a7fbe014c831188eca4a114c4f509a0f03462d,179408,179408,1500x2234,1500x2234,unit_4_p4,1,pending_visual_review,
56,56_天道_1920-01,天道敎六十一歲花甲庚申을 迎喜,CNTS-00048065337,raw/journals/cheondogyo_wolbo/nl_bibliography/articles/CNTS-00048065337,page_005.jpg,ok,ad2f65700c85caab880cb3bb1afefeac8df321962b99656649a8cbafe916947d,ad2f65700c85caab880cb3bb1afefeac8df321962b99656649a8cbafe916947d,179595,179595,1500x2337,1500x2337,unit_5_p5,1,pending_visual_review,
56,56_天道_1920-01,天道敎六十一歲花甲庚申을 迎喜,CNTS-00048065337,raw/journals/cheondogyo_wolbo/nl_bibliography/articles/CNTS-00048065337,page_006.jpg,ok,c36386b4b532259f4977032b9a6c0ac4a5df272ce49d48ad836643312f2c2496,c36386b4b532259f4977032b9a6c0ac4a5df272ce49d48ad836643312f2c2496,178897,178897,1500x2308,1500x2308,unit_6_p6,1,pending_visual_review,
57,57_天道_1920-02,天道敎靑年臨時敎理講習會에 就하야,CNTS-00048079093,raw/journals/cheondogyo_wolbo/nl_bibliography/articles/CNTS-00048079093,page_001.jpg,ok,584324754d9c63888eb0c705677352c68a292dcd5615885e6552cc1ad593a162,584324754d9c63888eb0c705677352c68a292dcd5615885e6552cc1ad593a162,176339,176339,1500x2495,1500x2495,unit_1_p1,1,pending_visual_review,
57,57_天道_1920-02,天道敎靑年臨時敎理講習會에 就하야,CNTS-00048079093,raw/journals/cheondogyo_wolbo/nl_bibliography/articles/CNTS-00048079093,page_002.jpg,ok,427def09478b4388c9e23d0292e35cf5a0a8fb81f7b80a4211ee2131fbfb72e7,427def09478b4388c9e23d0292e35cf5a0a8fb81f7b80a4211ee2131fbfb72e7,216408,216408,1500x2317,1500x2317,unit_2_p2,1,pending_visual_review,
57,57_天道_1920-02,天道敎靑年臨時敎理講習會에 就하야,CNTS-00048079093,raw/journals/cheondogyo_wolbo/nl_bibliography/articles/CNTS-00048079093,page_003.jpg,ok,c5e2ec6662e4a2ce731222e9fc85e609b04e26597152f1d848e5700063e0e16c,c5e2ec6662e4a2ce731222e9fc85e609b04e26597152f1d848e5700063e0e16c,202565,202565,1500x2395,1500x2395,unit_3_p3,1,pending_visual_review,
57,57_天道_1920-02,天道敎靑年臨時敎理講習會에 就하야,CNTS-00048079093,raw/journals/cheondogyo_wolbo/nl_bibliography/articles/CNTS-00048079093,page_004.jpg,ok,8295d09aafdbabf5bab6c27a87494070422a4848b676eff747febca6ab86ed6f,8295d09aafdbabf5bab6c27a87494070422a4848b676eff747febca6ab86ed6f,199581,199581,1500x2294,1500x2294,unit_4_p4,1,pending_visual_review,
57,57_天道_1920-02,天道敎靑年臨時敎理講習會에 就하야,CNTS-00048079093,raw/journals/cheondogyo_wolbo/nl_bibliography/articles/CNTS-00048079093,page_005.jpg,ok,fa01300e3a06fe619c03f0bfaf9ed4c7c828e529845643bef82563058f3b5d47,fa01300e3a06fe619c03f0bfaf9ed4c7c828e529845643bef82563058f3b5d47,200577,200577,1500x2373,1500x2373,unit_5_p5,1,pending_visual_review,
57,57_天道_1920-02,天道敎靑年臨時敎理講習會에 就하야,CNTS-00048079093,raw/journals/cheondogyo_wolbo/nl_bibliography/articles/CNTS-00048079093,page_006.jpg,ok,0dab6b88cebdc97ece6e708f5c1018b7ee3071a6ade0efcd536988954b244d1a,0dab6b88cebdc97ece6e708f5c1018b7ee3071a6ade0efcd536988954b244d1a,178501,178501,1500x2375,1500x2375,unit_6_p6,1,pending_visual_review,
58,58_庚申_1920-04,庚申四月五日,CNTS-00048065358,raw/journals/cheondogyo_wolbo/nl_bibliography/articles/CNTS-00048065358,page_001.jpg,ok,e06b99ee34f140b7cb1d7cc582181521052acdb2a77484a5e9978455e2892bc6,e06b99ee34f140b7cb1d7cc582181521052acdb2a77484a5e9978455e2892bc6,190437,190437,1500x2474,1500x2474,unit_1_p1,1,pending_visual_review,
58,58_庚申_1920-04,庚申四月五日,CNTS-00048065358,raw/journals/cheondogyo_wolbo/nl_bibliography/articles/CNTS-00048065358,page_002.jpg,ok,2ef478b37ec80a5a505d38e229d61de226ea5a09b3c45f3e02106235cd7463c7,2ef478b37ec80a5a505d38e229d61de226ea5a09b3c45f3e02106235cd7463c7,200918,200918,1500x2397,1500x2397,unit_2_p2,1,pending_visual_review,
58,58_庚申_1920-04,庚申四月五日,CNTS-00048065358,raw/journals/cheondogyo_wolbo/nl_bibliography/articles/CNTS-00048065358,page_003.jpg,ok,3a49eb5e1ddd59990700b58d218f3aa6c52279feee83eb77344e809c0d949e5b,3a49eb5e1ddd59990700b58d218f3aa6c52279feee83eb77344e809c0d949e5b,197694,197694,1500x2441,1500x2441,unit_3_p3,1,pending_visual_review,
58,58_庚申_1920-04,庚申四月五日,CNTS-00048065358,raw/journals/cheondogyo_wolbo/nl_bibliography/articles/CNTS-00048065358,page_004.jpg,ok,c4fe321a0a7c0c432f481349d5fb15de64527a20a5f276611d30dd425882bb2c,c4fe321a0a7c0c432f481349d5fb15de64527a20a5f276611d30dd425882bb2c,207270,207270,1500x2390,1500x2390,unit_4_p4,1,pending_visual_review,
58,58_庚申_1920-04,庚申四月五日,CNTS-00048065358,raw/journals/cheondogyo_wolbo/nl_bibliography/articles/CNTS-00048065358,page_005.jpg,ok,5f65d29cddaa3c1da3cd2891d4d167ed6f161e7eb62ae0f5d3a97f74fe3aee3c,5f65d29cddaa3c1da3cd2891d4d167ed6f161e7eb62ae0f5d3a97f74fe3aee3c,371588,371588,1500x2409,1500x2409,unit_5_p5,1,pending_visual_review,
58,58_庚申_1920-04,庚申四月五日,CNTS-00048065358,raw/journals/cheondogyo_wolbo/nl_bibliography/articles/CNTS-00048065358,page_006.jpg,ok,042aa8c80bfe4336bcdf608b484a72d79101e69985bf1b8185ef76ee3b877941,042aa8c80bfe4336bcdf608b484a72d79101e69985bf1b8185ef76ee3b877941,359585,359585,1500x2441,1500x2441,unit_6_p6,1,pending_visual_review,
59,59_哲人_1920-05,哲人主義의 將來와 新宗敎의 價値,CNTS-00048037930,raw/journals/cheondogyo_wolbo/nl_bibliography/articles/CNTS-00048037930,page_001.jpg,ok,530b43ededa8525ccecb77ba504315b26a2c1e079b496ebebdd54057b65da896,530b43ededa8525ccecb77ba504315b26a2c1e079b496ebebdd54057b65da896,327842,327842,1500x2340,1500x2340,unit_1_p1,1,pending_visual_review,
59,59_哲人_1920-05,哲人主義의 將來와 新宗敎의 價値,CNTS-00048037930,raw/journals/cheondogyo_wolbo/nl_bibliography/articles/CNTS-00048037930,page_002.jpg,ok,09140c003e899fd01ede9cd168df7fa471c9a87a7e99d0cb7ccd5c91cebbba92,09140c003e899fd01ede9cd168df7fa471c9a87a7e99d0cb7ccd5c91cebbba92,170057,170057,1500x2319,1500x2319,unit_2_p2,1,pending_visual_review,
59,59_哲人_1920-05,哲人主義의 將來와 新宗敎의 價値,CNTS-00048037930,raw/journals/cheondogyo_wolbo/nl_bibliography/articles/CNTS-00048037930,page_003.jpg,ok,6438f2cf2bbc74950f2d8fde313273e19cda44ca375b97ddaa7934d625918d95,6438f2cf2bbc74950f2d8fde313273e19cda44ca375b97ddaa7934d625918d95,210556,210556,1500x2357,1500x2357,unit_3_p3,1,pending_visual_review,
59,59_哲人_1920-05,哲人主義의 將來와 新宗敎의 價値,CNTS-00048037930,raw/journals/cheondogyo_wolbo/nl_bibliography/articles/CNTS-00048037930,page_004.jpg,ok,7da51729f1c9c8597fde8eaa86389b50aae93682e4a5a8a4098c51781ac1360b,7da51729f1c9c8597fde8eaa86389b50aae93682e4a5a8a4098c51781ac1360b,199024,199024,1500x2336,1500x2336,unit_4_p4,1,pending_visual_review,
59,59_哲人_1920-05,哲人主義의 將來와 新宗敎의 價値,CNTS-00048037930,raw/journals/cheondogyo_wolbo/nl_bibliography/articles/CNTS-00048037930,page_005.jpg,ok,b8cc1e8701318ca0f35e7d4172bc164c7a0a67a720aecbe8e3c36067439c9ac2,b8cc1e8701318ca0f35e7d4172bc164c7a0a67a720aecbe8e3c36067439c9ac2,196443,196443,1500x2360,1500x2360,unit_5_p5,1,pending_visual_review,
60,60_自己_1920-06,自己解放과 人乃天主義,CNTS-00048065377,raw/journals/cheondogyo_wolbo/nl_bibliography/articles/CNTS-00048065377,page_001.jpg,ok,3ebb5d634cc02aa512f82bd463e11c753d2ce9915ac6d04584ade382a28e3545,3ebb5d634cc02aa512f82bd463e11c753d2ce9915ac6d04584ade382a28e3545,192515,192515,1500x2399,1500x2399,unit_1_p1,1,pending_visual_review,
60,60_自己_1920-06,自己解放과 人乃天主義,CNTS-00048065377,raw/journals/cheondogyo_wolbo/nl_bibliography/articles/CNTS-00048065377,page_002.jpg,ok,7a7dcfa3dd99406a0f0e924f40fe7a4d294f28c4c6086c6c22968795905ff09c,7a7dcfa3dd99406a0f0e924f40fe7a4d294f28c4c6086c6c22968795905ff09c,235159,235159,1500x2323,1500x2323,unit_2_p2,1,pending_visual_review,
60,60_自己_1920-06,自己解放과 人乃天主義,CNTS-00048065377,raw/journals/cheondogyo_wolbo/nl_bibliography/articles/CNTS-00048065377,page_003.jpg,ok,0c4f5042397cd9e712853163d70571f8b4a78e408b8a34ca52f0c239ebe725ee,0c4f5042397cd9e712853163d70571f8b4a78e408b8a34ca52f0c239ebe725ee,198996,198996,1500x2300,1500x2300,unit_3_p3,1,pending_visual_review,
60,60_自己_1920-06,自己解放과 人乃天主義,CNTS-00048065377,raw/journals/cheondogyo_wolbo/nl_bibliography/articles/CNTS-00048065377,page_004.jpg,ok,bf97006a8e69fd75de663bb221f7ced6f9dec2b02919cc51cbe8ad39cdff8b8e,bf97006a8e69fd75de663bb221f7ced6f9dec2b02919cc51cbe8ad39cdff8b8e,206444,206444,1500x2298,1500x2298,unit_4_p4,1,pending_visual_review,
60,60_自己_1920-06,自己解放과 人乃天主義,CNTS-00048065377,raw/journals/cheondogyo_wolbo/nl_bibliography/articles/CNTS-00048065377,page_005.jpg,ok,2167aeb7d6aadae559ca930673c2e0e7af31fab306a7bfb44ab5e61fca56b355,2167aeb7d6aadae559ca930673c2e0e7af31fab306a7bfb44ab5e61fca56b355,211530,211530,1500x2394,1500x2394,unit_5_p5,1,pending_visual_review,
60,60_自己_1920-06,自己解放과 人乃天主義,CNTS-00048065377,raw/journals/cheondogyo_wolbo/nl_bibliography/articles/CNTS-00048065377,page_006.jpg,ok,a72935caf856471cefdfc5a5b943d0d5cfc9411dde71230ca8791ae78d5988f6,a72935caf856471cefdfc5a5b943d0d5cfc9411dde71230ca8791ae78d5988f6,226871,226871,1500x2404,1500x2404,unit_6_p6,1,pending_visual_review,
60,60_自己_1920-06,自己解放과 人乃天主義,CNTS-00048065377,raw/journals/cheondogyo_wolbo/nl_bibliography/articles/CNTS-00048065377,page_007.jpg,ok,d577ea3357b766c79fc04031abe1f1a2d87a3724ed02a70f578333c0c57b86e6,d577ea3357b766c79fc04031abe1f1a2d87a3724ed02a70f578333c0c57b86e6,211176,211176,1500x2385,1500x2385,unit_7_p7,1,pending_visual_review,
60,60_自己_1920-06,自己解放과 人乃天主義,CNTS-00048065377,raw/journals/cheondogyo_wolbo/nl_bibliography/articles/CNTS-00048065377,page_008.jpg,ok,b249e7a7730c07d3366ff15b49000bec0f4c269281a7c23413b369a273e3bdbb,b249e7a7730c07d3366ff15b49000bec0f4c269281a7c23413b369a273e3bdbb,197623,197623,1500x2388,1500x2388,unit_8_p8,1,pending_visual_review,
61,61_自己_1920-07,自己解放과 人乃天主義(續),CNTS-00048079146,raw/journals/cheondogyo_wolbo/nl_bibliography/articles/CNTS-00048079146,page_001.jpg,ok,5052d09be7e6845a60cfb3e80374b668b86bb39eae3ad83ac9b29ae4431988e6,5052d09be7e6845a60cfb3e80374b668b86bb39eae3ad83ac9b29ae4431988e6,187859,187859,1500x2472,1500x2472,unit_1_p1,1,pending_visual_review,
61,61_自己_1920-07,自己解放과 人乃天主義(續),CNTS-00048079146,raw/journals/cheondogyo_wolbo/nl_bibliography/articles/CNTS-00048079146,page_002.jpg,ok,f5b95e4014586d9943985aae19e709353184c5901006f614ef3aa9829f954753,f5b95e4014586d9943985aae19e709353184c5901006f614ef3aa9829f954753,193992,193992,1500x2472,1500x2472,unit_2_p2,1,pending_visual_review,
61,61_自己_1920-07,自己解放과 人乃天主義(續),CNTS-00048079146,raw/journals/cheondogyo_wolbo/nl_bibliography/articles/CNTS-00048079146,page_003.jpg,ok,3182eb149b9a863a304c784899119ce24786f1013fa6a5049c64a6f8ea34b163,3182eb149b9a863a304c784899119ce24786f1013fa6a5049c64a6f8ea34b163,203367,203367,1500x2417,1500x2417,unit_3_p3,1,pending_visual_review,
61,61_自己_1920-07,自己解放과 人乃天主義(續),CNTS-00048079146,raw/journals/cheondogyo_wolbo/nl_bibliography/articles/CNTS-00048079146,page_004.jpg,ok,ad40b9d9f556cb38699a827e8bba4c080f48d4c9872fa12eaa35c21066bee0a6,ad40b9d9f556cb38699a827e8bba4c080f48d4c9872fa12eaa35c21066bee0a6,202927,202927,1500x2461,1500x2461,unit_4_p4,1,pending_visual_review,
61,61_自己_1920-07,自己解放과 人乃天主義(續),CNTS-00048079146,raw/journals/cheondogyo_wolbo/nl_bibliography/articles/CNTS-00048079146,page_005.jpg,ok,bfb8ed354943ae57cc0da6969bcd5b2cdb2882403aa2e9908a318eaab8ecfbf6,bfb8ed354943ae57cc0da6969bcd5b2cdb2882403aa2e9908a318eaab8ecfbf6,218463,218463,1500x2391,1500x2391,unit_5_p5,1,pending_visual_review,
62,62_十週_1920-08,十週年,CNTS-00048051778,raw/journals/cheondogyo_wolbo/nl_bibliography/articles/CNTS-00048051778,page_001.jpg,ok,1700c69caa578779d61e1020a350aceb3ea180c976b563c129310dc21736d9de,1700c69caa578779d61e1020a350aceb3ea180c976b563c129310dc21736d9de,202648,202648,1500x2379,1500x2379,unit_1_p1,1,pending_visual_review,
62,62_十週_1920-08,十週年,CNTS-00048051778,raw/journals/cheondogyo_wolbo/nl_bibliography/articles/CNTS-00048051778,page_002.jpg,ok,9f47fefcd2f050a4e5a52496a8b81eadcef64a0e1b2848397a5960621fa53978,9f47fefcd2f050a4e5a52496a8b81eadcef64a0e1b2848397a5960621fa53978,220993,220993,1500x2448,1500x2448,unit_2_p2,1,pending_visual_review,
62,62_十週_1920-08,十週年,CNTS-00048051778,raw/journals/cheondogyo_wolbo/nl_bibliography/articles/CNTS-00048051778,page_003.jpg,ok,b4e8c53d5a8ed319665c4655ac0290effd67e03c1ffdd1dd6c923ababfab278a,b4e8c53d5a8ed319665c4655ac0290effd67e03c1ffdd1dd6c923ababfab278a,187221,187221,1500x2374,1500x2374,unit_3_p3,1,pending_visual_review,
62,62_十週_1920-08,十週年,CNTS-00048051778,raw/journals/cheondogyo_wolbo/nl_bibliography/articles/CNTS-00048051778,page_004.jpg,ok,b108192d75954e2c29a2ed98630e015f5f191ce3615d9d8e9dcbb7d99e955b39,b108192d75954e2c29a2ed98630e015f5f191ce3615d9d8e9dcbb7d99e955b39,215304,215304,1500x2405,1500x2405,unit_4_p4,1,pending_visual_review,
62,62_十週_1920-08,十週年,CNTS-00048051778,raw/journals/cheondogyo_wolbo/nl_bibliography/articles/CNTS-00048051778,page_005.jpg,ok,16b362ec8b9eab3448711e9247c4c0e94b1ef87ddebf25d136c3a496054e07b0,16b362ec8b9eab3448711e9247c4c0e94b1ef87ddebf25d136c3a496054e07b0,227920,227920,1500x2419,1500x2419,unit_5_p5,1,pending_visual_review,
62,62_十週_1920-08,十週年,CNTS-00048051778,raw/journals/cheondogyo_wolbo/nl_bibliography/articles/CNTS-00048051778,page_006.jpg,ok,915883b0382afa7157ed8f28ad6e757d16047f609f9603f2a7756185d2c8bd9d,915883b0382afa7157ed8f28ad6e757d16047f609f9603f2a7756185d2c8bd9d,225504,225504,1500x2419,1500x2419,unit_6_p6,1,pending_visual_review,
62,62_十週_1920-08,十週年,CNTS-00048051778,raw/journals/cheondogyo_wolbo/nl_bibliography/articles/CNTS-00048051778,page_007.jpg,ok,3653657ad8bb28bf318884abbf7f35dfd304927355f4f13d162f680604418754,3653657ad8bb28bf318884abbf7f35dfd304927355f4f13d162f680604418754,189599,189599,1500x2410,1500x2410,unit_7_p7,1,pending_visual_review,
62,62_十週_1920-08,十週年,CNTS-00048051778,raw/journals/cheondogyo_wolbo/nl_bibliography/articles/CNTS-00048051778,page_008.jpg,ok,bcfd516c35f373a1f516124c7d419bbf809eb409d4f28287fa843ac81fe6cf2f,bcfd516c35f373a1f516124c7d419bbf809eb409d4f28287fa843ac81fe6cf2f,168794,168794,1500x2377,1500x2377,unit_8_p8,1,pending_visual_review,
62,62_十週_1920-08,十週年,CNTS-00048051778,raw/journals/cheondogyo_wolbo/nl_bibliography/articles/CNTS-00048051778,page_009.jpg,ok,55b4a06302f3032909c4c45ace96874f1dcc163c13081d2feb8fe2d4dfe8f6e1,55b4a06302f3032909c4c45ace96874f1dcc163c13081d2feb8fe2d4dfe8f6e1,174122,174122,1500x2392,1500x2392,unit_9_p9,1,pending_visual_review,
63,63_法門_1920-09,오로지 法門에 依信하라,CNTS-00048037962,raw/journals/cheondogyo_wolbo/nl_bibliography/articles/CNTS-00048037962,page_001.jpg,ok,bad5a5173c8d99a0ffc25c0e8571a28f834b6488c067446a51ebcbe9d37af1d6,bad5a5173c8d99a0ffc25c0e8571a28f834b6488c067446a51ebcbe9d37af1d6,218567,218567,1500x2443,1500x2443,unit_1_p1,1,pending_visual_review,
63,63_法門_1920-09,오로지 法門에 依信하라,CNTS-00048037962,raw/journals/cheondogyo_wolbo/nl_bibliography/articles/CNTS-00048037962,page_002.jpg,ok,2d1e817ff5c62883f7c03a299aef5f0d6c91a33127401c80ba22247938cfc6d9,2d1e817ff5c62883f7c03a299aef5f0d6c91a33127401c80ba22247938cfc6d9,218628,218628,1500x2463,1500x2463,unit_2_p2,1,pending_visual_review,
63,63_法門_1920-09,오로지 法門에 依信하라,CNTS-00048037962,raw/journals/cheondogyo_wolbo/nl_bibliography/articles/CNTS-00048037962,page_003.jpg,ok,363855033b6340cb3c5e4ff48810efad6da6a3aaddc38c38f048f6dc687805cd,363855033b6340cb3c5e4ff48810efad6da6a3aaddc38c38f048f6dc687805cd,203085,203085,1500x2347,1500x2347,unit_3_p3,1,pending_visual_review,
63,63_法門_1920-09,오로지 法門에 依信하라,CNTS-00048037962,raw/journals/cheondogyo_wolbo/nl_bibliography/articles/CNTS-00048037962,page_004.jpg,ok,60a082c34a5db927197cb3df78617ce693737a9341f34d6ee4c8762738615d74,60a082c34a5db927197cb3df78617ce693737a9341f34d6ee4c8762738615d74,213073,213073,1500x2414,1500x2414,unit_4_p4,1,pending_visual_review,
63,63_法門_1920-09,오로지 法門에 依信하라,CNTS-00048037962,raw/journals/cheondogyo_wolbo/nl_bibliography/articles/CNTS-00048037962,page_005.jpg,ok,487ff199dc0ec1528a806f2ad4a455627439228a1c61fca38a1a94f5dfaa1ea3,487ff199dc0ec1528a806f2ad4a455627439228a1c61fca38a1a94f5dfaa1ea3,192450,192450,1500x2405,1500x2405,unit_5_p5,1,pending_visual_review,
63,63_法門_1920-09,오로지 法門에 依信하라,CNTS-00048037962,raw/journals/cheondogyo_wolbo/nl_bibliography/articles/CNTS-00048037962,page_006.jpg,ok,8fa186f69c3ec727d770be76972daf88f9981b69bda5a311665412f987e46c42,8fa186f69c3ec727d770be76972daf88f9981b69bda5a311665412f987e46c42,193736,193736,1500x2414,1500x2414,unit_6_p6,1,pending_visual_review,
63,63_法門_1920-09,오로지 法門에 依信하라,CNTS-00048037962,raw/journals/cheondogyo_wolbo/nl_bibliography/articles/CNTS-00048037962,page_007.jpg,ok,e56ca099eef6646a48712b94d94d5244864a9ef360c1473a5eb2d15f331b6ef5,e56ca099eef6646a48712b94d94d5244864a9ef360c1473a5eb2d15f331b6ef5,210311,210311,1500x2381,1500x2381,unit_7_p7,1,pending_visual_review,
63,63_法門_1920-09,오로지 法門에 依信하라,CNTS-00048037962,raw/journals/cheondogyo_wolbo/nl_bibliography/articles/CNTS-00048037962,page_008.jpg,ok,f1472d946bc7f497777032cd78d8af1b9c88e5e31cf27b5bf05eb2ecd8e6a676,f1472d946bc7f497777032cd78d8af1b9c88e5e31cf27b5bf05eb2ecd8e6a676,191264,191264,1500x2432,1500x2432,unit_8_p8,1,pending_visual_review,
64,64_布德_1920-10,布德天下는 活誠에 在하니라,CNTS-00048037974,raw/journals/cheondogyo_wolbo/nl_bibliography/articles/CNTS-00048037974,page_001.jpg,ok,97664c999fcf9a947e36f31e42a5d1b905ff260ae31896a8bc75db7713870b4a,97664c999fcf9a947e36f31e42a5d1b905ff260ae31896a8bc75db7713870b4a,193998,193998,1500x2487,1500x2487,unit_1_p1,1,pending_visual_review,
64,64_布德_1920-10,布德天下는 活誠에 在하니라,CNTS-00048037974,raw/journals/cheondogyo_wolbo/nl_bibliography/articles/CNTS-00048037974,page_002.jpg,ok,aef411395685230a76c3d928c47b396845591d96e7e47b9fce91ab219c2e56f9,aef411395685230a76c3d928c47b396845591d96e7e47b9fce91ab219c2e56f9,209678,209678,1500x2416,1500x2416,unit_2_p2,1,pending_visual_review,
64,64_布德_1920-10,布德天下는 活誠에 在하니라,CNTS-00048037974,raw/journals/cheondogyo_wolbo/nl_bibliography/articles/CNTS-00048037974,page_003.jpg,ok,e26eef03a372d49eacdf4bdc4a0dbe51ed0e6d3d077742575c7466a11c1927b3,e26eef03a372d49eacdf4bdc4a0dbe51ed0e6d3d077742575c7466a11c1927b3,218761,218761,1500x2469,1500x2469,unit_3_p3,1,pending_visual_review,
64,64_布德_1920-10,布德天下는 活誠에 在하니라,CNTS-00048037974,raw/journals/cheondogyo_wolbo/nl_bibliography/articles/CNTS-00048037974,page_004.jpg,ok,a73ce48e69146493d99f058d7f1f2a0bcca84a1154aa00d3fd84302c64b8d93b,a73ce48e69146493d99f058d7f1f2a0bcca84a1154aa00d3fd84302c64b8d93b,213930,213930,1500x2416,1500x2416,unit_4_p4,1,pending_visual_review,
64,64_布德_1920-10,布德天下는 活誠에 在하니라,CNTS-00048037974,raw/journals/cheondogyo_wolbo/nl_bibliography/articles/CNTS-00048037974,page_005.jpg,ok,072026e12f54f69742164882432244ef09393b8c89d85bebd6189dafc4ad9f5b,072026e12f54f69742164882432244ef09393b8c89d85bebd6189dafc4ad9f5b,215966,215966,1500x2497,1500x2497,unit_5_p5,1,pending_visual_review,
65,65_拘束_1920-11,拘束의 宗敎로부터 自由의 宗敎,CNTS-00048079183,raw/journals/cheondogyo_wolbo/nl_bibliography/articles/CNTS-00048079183,page_001.jpg,ok,1cd57f37fee0b3389dec2d6183d9d71235d4d84fe122393f475e7d7db567cf7e,1cd57f37fee0b3389dec2d6183d9d71235d4d84fe122393f475e7d7db567cf7e,215822,215822,1500x2467,1500x2467,unit_1_p1,1,pending_visual_review,
65,65_拘束_1920-11,拘束의 宗敎로부터 自由의 宗敎,CNTS-00048079183,raw/journals/cheondogyo_wolbo/nl_bibliography/articles/CNTS-00048079183,page_002.jpg,ok,a3b9c4db8c35f96eaf664772e1ebbbe03fce2929b4a79b155aed7887557ddf4d,a3b9c4db8c35f96eaf664772e1ebbbe03fce2929b4a79b155aed7887557ddf4d,216864,216864,1500x2454,1500x2454,unit_2_p2,1,pending_visual_review,
65,65_拘束_1920-11,拘束의 宗敎로부터 自由의 宗敎,CNTS-00048079183,raw/journals/cheondogyo_wolbo/nl_bibliography/articles/CNTS-00048079183,page_003.jpg,ok,7f201bec39a92072a5888d8adede8f629799777a1b614033ea57e5834794ab5e,7f201bec39a92072a5888d8adede8f629799777a1b614033ea57e5834794ab5e,230372,230372,1500x2418,1500x2418,unit_3_p3,1,pending_visual_review,
65,65_拘束_1920-11,拘束의 宗敎로부터 自由의 宗敎,CNTS-00048079183,raw/journals/cheondogyo_wolbo/nl_bibliography/articles/CNTS-00048079183,page_004.jpg,ok,a402269abb88cb07b7808cb79f0815198a78b742fd0d54a2ac1a61530ae188b7,a402269abb88cb07b7808cb79f0815198a78b742fd0d54a2ac1a61530ae188b7,221113,221113,1500x2463,1500x2463,unit_4_p4,1,pending_visual_review,
65,65_拘束_1920-11,拘束의 宗敎로부터 自由의 宗敎,CNTS-00048079183,raw/journals/cheondogyo_wolbo/nl_bibliography/articles/CNTS-00048079183,page_005.jpg,ok,e189554169eca5a927a0f7e15843c153533ee6600a68e472075627bca910df00,e189554169eca5a927a0f7e15843c153533ee6600a68e472075627bca910df00,231843,231843,1500x2416,1500x2416,unit_5_p5,1,pending_visual_review,
65,65_拘束_1920-11,拘束의 宗敎로부터 自由의 宗敎,CNTS-00048079183,raw/journals/cheondogyo_wolbo/nl_bibliography/articles/CNTS-00048079183,page_006.jpg,ok,34d9d36e9137b96b47bac8c098ff0f63c32ed96f163b2d716db24b8a65c42537,34d9d36e9137b96b47bac8c098ff0f63c32ed96f163b2d716db24b8a65c42537,227276,227276,1500x2482,1500x2482,unit_6_p6,1,pending_visual_review,
65,65_拘束_1920-11,拘束의 宗敎로부터 自由의 宗敎,CNTS-00048079183,raw/journals/cheondogyo_wolbo/nl_bibliography/articles/CNTS-00048079183,page_007.jpg,ok,95fbd47d0bd8537cf2c80459795cacb6c4b82c74086e3778aec8855f2a088bd2,95fbd47d0bd8537cf2c80459795cacb6c4b82c74086e3778aec8855f2a088bd2,225359,225359,1500x2459,1500x2459,unit_7_p7,1,pending_visual_review,
65,65_拘束_1920-11,拘束의 宗敎로부터 自由의 宗敎,CNTS-00048079183,raw/journals/cheondogyo_wolbo/nl_bibliography/articles/CNTS-00048079183,page_008.jpg,ok,5d19152864c6a34c0a885efa407685ab7a9b4e2f9846d327658c9c8fc0273e84,5d19152864c6a34c0a885efa407685ab7a9b4e2f9846d327658c9c8fc0273e84,179328,179328,1500x2468,1500x2468,unit_8_p8,1,pending_visual_review,
66,66_布德_1921-02,布德天下,CNTS-00048065445,raw/journals/cheondogyo_wolbo/nl_bibliography/articles/CNTS-00048065445,page_001.jpg,ok,9d1d6b0d59604065e139b7948720168f79c06770e018957c6b8e2eb6201ab439,9d1d6b0d59604065e139b7948720168f79c06770e018957c6b8e2eb6201ab439,239394,239394,1500x2702,1500x2702,unit_1_p1,1,pending_visual_review,
66,66_布德_1921-02,布德天下,CNTS-00048065445,raw/journals/cheondogyo_wolbo/nl_bibliography/articles/CNTS-00048065445,page_002.jpg,ok,b48a7b68a87c2e9de9234e69091339ed45965fc5f4b975f7fcb9c64bfe4d8be8,b48a7b68a87c2e9de9234e69091339ed45965fc5f4b975f7fcb9c64bfe4d8be8,229564,229564,1500x2590,1500x2590,unit_2_p2,1,pending_visual_review,
66,66_布德_1921-02,布德天下,CNTS-00048065445,raw/journals/cheondogyo_wolbo/nl_bibliography/articles/CNTS-00048065445,page_003.jpg,ok,140394d47913d0c407968958c690309d8a154b4f6110a96ecd9c99a5e8b969aa,140394d47913d0c407968958c690309d8a154b4f6110a96ecd9c99a5e8b969aa,249951,249951,1500x2578,1500x2578,unit_3_p3,1,pending_visual_review,
66,66_布德_1921-02,布德天下,CNTS-00048065445,raw/journals/cheondogyo_wolbo/nl_bibliography/articles/CNTS-00048065445,page_004.jpg,ok,c1ea5eda70f87244e24a35d87565a2c477381eea51d224346071b645f8523441,c1ea5eda70f87244e24a35d87565a2c477381eea51d224346071b645f8523441,245169,245169,1500x2544,1500x2544,unit_4_p4,1,pending_visual_review,
66,66_布德_1921-02,布德天下,CNTS-00048065445,raw/journals/cheondogyo_wolbo/nl_bibliography/articles/CNTS-00048065445,page_005.jpg,ok,e73aafdb1017104f08b9bd470036779f585147602e4bf79f21256808bcf589e0,e73aafdb1017104f08b9bd470036779f585147602e4bf79f21256808bcf589e0,250338,250338,1500x2545,1500x2545,unit_5_p5,1,pending_visual_review,
66,66_布德_1921-02,布德天下,CNTS-00048065445,raw/journals/cheondogyo_wolbo/nl_bibliography/articles/CNTS-00048065445,page_006.jpg,ok,085095e866911253b25dbef9cd33bad9750a453c99a2feb6fde70f090e1186a1,085095e866911253b25dbef9cd33bad9750a453c99a2feb6fde70f090e1186a1,215220,215220,1500x2510,1500x2510,unit_6_p6,1,pending_visual_review,
66,66_布德_1921-02,布德天下,CNTS-00048065445,raw/journals/cheondogyo_wolbo/nl_bibliography/articles/CNTS-00048065445,page_007.jpg,ok,a795ed4cc5f02cc02308e6d589f41e0e1b2a9a4203d0f01cb6243771ea701819,a795ed4cc5f02cc02308e6d589f41e0e1b2a9a4203d0f01cb6243771ea701819,213370,213370,1500x2553,1500x2553,unit_7_p7,1,pending_visual_review,
66,66_布德_1921-02,布德天下,CNTS-00048065445,raw/journals/cheondogyo_wolbo/nl_bibliography/articles/CNTS-00048065445,page_008.jpg,ok,215f7c0a8b233534502475cd7c9edaf973bc7f4254d071ee09ba21b9abca1dbe,215f7c0a8b233534502475cd7c9edaf973bc7f4254d071ee09ba21b9abca1dbe,192340,192340,1500x2605,1500x2605,unit_8_p8,1,pending_visual_review,
67,67_同歸_1921-03,同歸一體,CNTS-00048079209,raw/journals/cheondogyo_wolbo/nl_bibliography/articles/CNTS-00048079209,page_001.jpg,ok,1f975553ee6be1d12bbca1f18b7673731545290be17884d285bfc33befcee6a4,1f975553ee6be1d12bbca1f18b7673731545290be17884d285bfc33befcee6a4,194056,194056,1500x2497,1500x2497,unit_1_p1,1,pending_visual_review,
67,67_同歸_1921-03,同歸一體,CNTS-00048079209,raw/journals/cheondogyo_wolbo/nl_bibliography/articles/CNTS-00048079209,page_002.jpg,ok,6ce366d47aaba91c0181cfa6d576fdfbebbf0fa0cd814b65f517657a2e14a759,6ce366d47aaba91c0181cfa6d576fdfbebbf0fa0cd814b65f517657a2e14a759,212911,212911,1500x2513,1500x2513,unit_2_p2,1,pending_visual_review,
67,67_同歸_1921-03,同歸一體,CNTS-00048079209,raw/journals/cheondogyo_wolbo/nl_bibliography/articles/CNTS-00048079209,page_003.jpg,ok,0ddb2449ac6c84cb8c4309735ef7e13d1d8596f1da14305fba01788926f5ff41,0ddb2449ac6c84cb8c4309735ef7e13d1d8596f1da14305fba01788926f5ff41,218398,218398,1500x2521,1500x2521,unit_3_p3,1,pending_visual_review,
67,67_同歸_1921-03,同歸一體,CNTS-00048079209,raw/journals/cheondogyo_wolbo/nl_bibliography/articles/CNTS-00048079209,page_004.jpg,ok,e60fdad2d95e0ecf457fada0888bc190ad1e657506bcba98aac8e5d472670ddf,e60fdad2d95e0ecf457fada0888bc190ad1e657506bcba98aac8e5d472670ddf,230246,230246,1500x2489,1500x2489,unit_4_p4,1,pending_visual_review,
67,67_同歸_1921-03,同歸一體,CNTS-00048079209,raw/journals/cheondogyo_wolbo/nl_bibliography/articles/CNTS-00048079209,page_005.jpg,ok,8a83408d124c6ad2d65c554e0dabd8b87628fe8616867e291ded9e7cfe490b8e,8a83408d124c6ad2d65c554e0dabd8b87628fe8616867e291ded9e7cfe490b8e,221179,221179,1500x2497,1500x2497,unit_5_p5,1,pending_visual_review,
67,67_同歸_1921-03,同歸一體,CNTS-00048079209,raw/journals/cheondogyo_wolbo/nl_bibliography/articles/CNTS-00048079209,page_006.jpg,ok,a083f2a185417297a711d8e1ce41847d167e75fd56b3ca6bcd76c8f3d16d7a5e,a083f2a185417297a711d8e1ce41847d167e75fd56b3ca6bcd76c8f3d16d7a5e,193915,193915,1500x2489,1500x2489,unit_6_p6,1,pending_visual_review,
67,67_同歸_1921-03,同歸一體,CNTS-00048079209,raw/journals/cheondogyo_wolbo/nl_bibliography/articles/CNTS-00048079209,page_007.jpg,ok,1f91ba418b781817052234e82f2975ecbb0e6e87428d9b06aca5f8f8a873ce9c,1f91ba418b781817052234e82f2975ecbb0e6e87428d9b06aca5f8f8a873ce9c,173382,173382,1500x2493,1500x2493,unit_7_p7,1,pending_visual_review,
68,68_性無_1921-06,사람性의 無窮을 論하노라(續),CNTS-00048079229,raw/journals/cheondogyo_wolbo/nl_bibliography/articles/CNTS-00048079229,page_001.jpg,ok,99bbc27c04bd135f3240f1d4a73113bbe8f43b31774b3d476f2d90ab2c5b56d3,99bbc27c04bd135f3240f1d4a73113bbe8f43b31774b3d476f2d90ab2c5b56d3,229570,229570,1500x2524,1500x2524,unit_1_p1,1,pending_visual_review,
68,68_性無_1921-06,사람性의 無窮을 論하노라(續),CNTS-00048079229,raw/journals/cheondogyo_wolbo/nl_bibliography/articles/CNTS-00048079229,page_002.jpg,ok,df425d534f228f2d082ecdd072d68a64574cb11599d29202ee83939a2c5d3c92,df425d534f228f2d082ecdd072d68a64574cb11599d29202ee83939a2c5d3c92,256951,256951,1500x2524,1500x2524,unit_2_p2,1,pending_visual_review,
68,68_性無_1921-06,사람性의 無窮을 論하노라(續),CNTS-00048079229,raw/journals/cheondogyo_wolbo/nl_bibliography/articles/CNTS-00048079229,page_003.jpg,ok,8292cf5a28f8ba37aa485f2e6553e12bfa331ed4b928098a0452746ff0a2a19f,8292cf5a28f8ba37aa485f2e6553e12bfa331ed4b928098a0452746ff0a2a19f,236401,236401,1500x2516,1500x2516,unit_3_p3,1,pending_visual_review,
68,68_性無_1921-06,사람性의 無窮을 論하노라(續),CNTS-00048079229,raw/journals/cheondogyo_wolbo/nl_bibliography/articles/CNTS-00048079229,page_004.jpg,ok,40f491c705b56a234b7baf6b1e346e590eae21638f3f3504abf410f349a7e137,40f491c705b56a234b7baf6b1e346e590eae21638f3f3504abf410f349a7e137,226033,226033,1500x2503,1500x2503,unit_4_p4,1,pending_visual_review,
68,68_性無_1921-06,사람性의 無窮을 論하노라(續),CNTS-00048079229,raw/journals/cheondogyo_wolbo/nl_bibliography/articles/CNTS-00048079229,page_005.jpg,ok,fa274c2ba74dda9a9a17d52b3280cc8302dfa5c65c8c29a749c1149ddd6d9399,fa274c2ba74dda9a9a17d52b3280cc8302dfa5c65c8c29a749c1149ddd6d9399,234061,234061,1500x2458,1500x2458,unit_5_p5,1,pending_visual_review,
69,69_新文_1921-07,新文化는 무엇에 依하야 建設되랴,CNTS-00048038033,raw/journals/cheondogyo_wolbo/nl_bibliography/articles/CNTS-00048038033,page_001.jpg,ok,4f8f841d4da4b53d55314fbb3b352466742e09e46692fe08532f3c3ff0bb0252,4f8f841d4da4b53d55314fbb3b352466742e09e46692fe08532f3c3ff0bb0252,199109,199109,1500x2525,1500x2525,unit_1_p1,1,pending_visual_review,
69,69_新文_1921-07,新文化는 무엇에 依하야 建設되랴,CNTS-00048038033,raw/journals/cheondogyo_wolbo/nl_bibliography/articles/CNTS-00048038033,page_002.jpg,ok,58e9e240a5b0e13a1bda48878916a0769c706c2ff0a8427a5112fd91eb4d8810,58e9e240a5b0e13a1bda48878916a0769c706c2ff0a8427a5112fd91eb4d8810,223702,223702,1500x2452,1500x2452,unit_2_p2,1,pending_visual_review,
69,69_新文_1921-07,新文化는 무엇에 依하야 建設되랴,CNTS-00048038033,raw/journals/cheondogyo_wolbo/nl_bibliography/articles/CNTS-00048038033,page_003.jpg,ok,b93a6ee104847712dc9a4930a79526c41c320c2a04868893f12fb9e557370ebb,b93a6ee104847712dc9a4930a79526c41c320c2a04868893f12fb9e557370ebb,225363,225363,1500x2501,1500x2501,unit_3_p3,1,pending_visual_review,
69,69_新文_1921-07,新文化는 무엇에 依하야 建設되랴,CNTS-00048038033,raw/journals/cheondogyo_wolbo/nl_bibliography/articles/CNTS-00048038033,page_004.jpg,ok,8ca4295d012d62b3f1aa90266ddcbd9c1663d7d622cad7f8777717d0eb6fe239,8ca4295d012d62b3f1aa90266ddcbd9c1663d7d622cad7f8777717d0eb6fe239,228097,228097,1500x2425,1500x2425,unit_4_p4,1,pending_visual_review,
69,69_新文_1921-07,新文化는 무엇에 依하야 建設되랴,CNTS-00048038033,raw/journals/cheondogyo_wolbo/nl_bibliography/articles/CNTS-00048038033,page_005.jpg,ok,e1fb81f5922d600fdc11940e60b8b9d8dd96396ae9feb46b1c0ff787211e0d44,e1fb81f5922d600fdc11940e60b8b9d8dd96396ae9feb46b1c0ff787211e0d44,221990,221990,1500x2445,1500x2445,unit_5_p5,1,pending_visual_review,
70,70_中國_1921-12,中國 北京의 傳敎室 問題를 둣고 吾敎의 對外 發展을 賀함,CNTS-00048079251,raw/journals/cheondogyo_wolbo/nl_bibliography/articles/CNTS-00048079251,page_001.jpg,ok,67a9d7820e70509dcdfd299dfc14198d48215f3e2157d2fda7c3dc714cf71c4e,67a9d7820e70509dcdfd299dfc14198d48215f3e2157d2fda7c3dc714cf71c4e,313494,313494,1500x2427,1500x2427,unit_1_p1,1,pending_visual_review,
70,70_中國_1921-12,中國 北京의 傳敎室 問題를 둣고 吾敎의 對外 發展을 賀함,CNTS-00048079251,raw/journals/cheondogyo_wolbo/nl_bibliography/articles/CNTS-00048079251,page_002.jpg,ok,2bfcee55a68eb12599689a54fd6713b9b6dd5cf80f3dbec754e9ccb044e1b16d,2bfcee55a68eb12599689a54fd6713b9b6dd5cf80f3dbec754e9ccb044e1b16d,227929,227929,1500x2425,1500x2425,unit_2_p2,1,pending_visual_review,
70,70_中國_1921-12,中國 北京의 傳敎室 問題를 둣고 吾敎의 對外 發展을 賀함,CNTS-00048079251,raw/journals/cheondogyo_wolbo/nl_bibliography/articles/CNTS-00048079251,page_003.jpg,ok,29897219f60381541632c7c207e2e87f31bc5d5e48fe0a6a67e742ede8e5e8be,29897219f60381541632c7c207e2e87f31bc5d5e48fe0a6a67e742ede8e5e8be,212848,212848,1500x2389,1500x2389,unit_3_p3,1,pending_visual_review,
70,70_中國_1921-12,中國 北京의 傳敎室 問題를 둣고 吾敎의 對外 發展을 賀함,CNTS-00048079251,raw/journals/cheondogyo_wolbo/nl_bibliography/articles/CNTS-00048079251,page_004.jpg,ok,54ec3d7ee90a965884dc308fd6af31a7973117c59c94eb8a9027ec7e58c23229,54ec3d7ee90a965884dc308fd6af31a7973117c59c94eb8a9027ec7e58c23229,211150,211150,1500x2408,1500x2408,unit_4_p4,1,pending_visual_review,
70,70_中國_1921-12,中國 北京의 傳敎室 問題를 둣고 吾敎의 對外 發展을 賀함,CNTS-00048079251,raw/journals/cheondogyo_wolbo/nl_bibliography/articles/CNTS-00048079251,page_005.jpg,ok,3524ff9b06b5c58959d02becd299f1deb4e4012cb86fdf73e2e0181a93b6e3f7,3524ff9b06b5c58959d02becd299f1deb4e4012cb86fdf73e2e0181a93b6e3f7,230970,230970,1500x2397,1500x2397,unit_5_p5,1,pending_visual_review,
70,70_中國_1921-12,中國 北京의 傳敎室 問題를 둣고 吾敎의 對外 發展을 賀함,CNTS-00048079251,raw/journals/cheondogyo_wolbo/nl_bibliography/articles/CNTS-00048079251,page_006.jpg,ok,236b7a6594ffbfda6df043d4df28c9974f07af86afc69dd62c3e17fea7e1ee9b,236b7a6594ffbfda6df043d4df28c9974f07af86afc69dd62c3e17fea7e1ee9b,196744,196744,1500x2382,1500x2382,unit_6_p6,1,pending_visual_review,
71,71_新紀_1922-01,新紀元을 劃한 우리敎의 新面目,CNTS-00048051863,raw/journals/cheondogyo_wolbo/nl_bibliography/articles/CNTS-00048051863,page_001.jpg,ok,d2395ab4f5671a32936bb49344ce61ade39db1a3f4a00748de9c0511a039b652,d2395ab4f5671a32936bb49344ce61ade39db1a3f4a00748de9c0511a039b652,218717,218717,1500x2433,1500x2433,unit_1_p1,1,pending_visual_review,
71,71_新紀_1922-01,新紀元을 劃한 우리敎의 新面目,CNTS-00048051863,raw/journals/cheondogyo_wolbo/nl_bibliography/articles/CNTS-00048051863,page_002.jpg,ok,7adcc0e1648b215c5daebe37e3823ef9d5781c416084a3e465d43756261e828c,7adcc0e1648b215c5daebe37e3823ef9d5781c416084a3e465d43756261e828c,252445,252445,1500x2385,1500x2385,unit_2_p2,1,pending_visual_review,
71,71_新紀_1922-01,新紀元을 劃한 우리敎의 新面目,CNTS-00048051863,raw/journals/cheondogyo_wolbo/nl_bibliography/articles/CNTS-00048051863,page_003.jpg,ok,4db6bc040f98cfa0f239cc8333536359638d890839e9ea934037774ec040c0aa,4db6bc040f98cfa0f239cc8333536359638d890839e9ea934037774ec040c0aa,244022,244022,1500x2404,1500x2404,unit_3_p3,1,pending_visual_review,
71,71_新紀_1922-01,新紀元을 劃한 우리敎의 新面目,CNTS-00048051863,raw/journals/cheondogyo_wolbo/nl_bibliography/articles/CNTS-00048051863,page_004.jpg,ok,5dd27feae12594ea8a20c5c3d50c60b3c5bf1a948543d923ced7c2610b4f8e35,5dd27feae12594ea8a20c5c3d50c60b3c5bf1a948543d923ced7c2610b4f8e35,252327,252327,1500x2403,1500x2403,unit_4_p4,1,pending_visual_review,
71,71_新紀_1922-01,新紀元을 劃한 우리敎의 新面目,CNTS-00048051863,raw/journals/cheondogyo_wolbo/nl_bibliography/articles/CNTS-00048051863,page_005.jpg,ok,15cee99ce13aca4382ab755fb5c9d3d16b4b309a142581aa0bcebf83706ffda9,15cee99ce13aca4382ab755fb5c9d3d16b4b309a142581aa0bcebf83706ffda9,245016,245016,1500x2451,1500x2451,unit_5_p5,1,pending_visual_review,
71,71_新紀_1922-01,新紀元을 劃한 우리敎의 新面目,CNTS-00048051863,raw/journals/cheondogyo_wolbo/nl_bibliography/articles/CNTS-00048051863,page_006.jpg,ok,28fe45c3caea5a0493f1c9d4b681ae8accfc331eafd96da21288c2c0044a0ff0,28fe45c3caea5a0493f1c9d4b681ae8accfc331eafd96da21288c2c0044a0ff0,212670,212670,1500x2403,1500x2403,unit_6_p6,1,pending_visual_review,
72,72_進化_1922-02,進化의 側面으로 본 人乃天,CNTS-00133846655,raw/journals/cheondogyo_wolbo/nl_bibliography/articles/CNTS-00133846655,page_001.jpg,ok,cad230d5483d16550e4c0a4789f861912667ab18539f0869a23f3fe661a69b2d,cad230d5483d16550e4c0a4789f861912667ab18539f0869a23f3fe661a69b2d,304826,304826,1500x2489,1500x2489,unit_1_p1,1,pending_visual_review,
72,72_進化_1922-02,進化의 側面으로 본 人乃天,CNTS-00133846655,raw/journals/cheondogyo_wolbo/nl_bibliography/articles/CNTS-00133846655,page_002.jpg,ok,956327744bdc2cb4ba00de241d14986adddcaf3fc79778fd9df6d79f030e04f8,956327744bdc2cb4ba00de241d14986adddcaf3fc79778fd9df6d79f030e04f8,327518,327518,1500x2489,1500x2489,unit_2_p2,1,pending_visual_review,
72,72_進化_1922-02,進化의 側面으로 본 人乃天,CNTS-00133846655,raw/journals/cheondogyo_wolbo/nl_bibliography/articles/CNTS-00133846655,page_003.jpg,ok,4e620d5e323a2ff56a67b50e5a39dc86f324641896529501bd5523706cbc6bde,4e620d5e323a2ff56a67b50e5a39dc86f324641896529501bd5523706cbc6bde,356063,356063,1500x2489,1500x2489,unit_3_p3,1,pending_visual_review,
72,72_進化_1922-02,進化의 側面으로 본 人乃天,CNTS-00133846655,raw/journals/cheondogyo_wolbo/nl_bibliography/articles/CNTS-00133846655,page_004.jpg,ok,e4bf7cd5a3cfdadbb37c73a60ca90fb1b331f6f5f7abfcc4cee6f963f8aea26f,e4bf7cd5a3cfdadbb37c73a60ca90fb1b331f6f5f7abfcc4cee6f963f8aea26f,335071,335071,1500x2489,1500x2489,unit_4_p4,1,pending_visual_review,
72,72_進化_1922-02,進化의 側面으로 본 人乃天,CNTS-00133846655,raw/journals/cheondogyo_wolbo/nl_bibliography/articles/CNTS-00133846655,page_005.jpg,ok,12b2dab3909c2ff91e174dbacf3db0fee8941dfd65fe6cdfb6ca9f7c9f05b4f7,12b2dab3909c2ff91e174dbacf3db0fee8941dfd65fe6cdfb6ca9f7c9f05b4f7,323852,323852,1500x2489,1500x2489,unit_5_p5,1,pending_visual_review,
73,73_信仰_1922-03,信仰 觀念의 本體,CNTS-00048065516,raw/journals/cheondogyo_wolbo/nl_bibliography/articles/CNTS-00048065516,page_001.jpg,ok,0ae14e427196cf7f6d9e1b6d8df67a96dd7c61795684b02b67922903bd0f754c,0ae14e427196cf7f6d9e1b6d8df67a96dd7c61795684b02b67922903bd0f754c,249410,249410,1500x2482,1500x2482,unit_1_p1,1,pending_visual_review,
73,73_信仰_1922-03,信仰 觀念의 本體,CNTS-00048065516,raw/journals/cheondogyo_wolbo/nl_bibliography/articles/CNTS-00048065516,page_002.jpg,ok,1ae0a11fe814ee14a16e68d000a50580c44ada3dbac21b5616ed822d9c6b5cac,1ae0a11fe814ee14a16e68d000a50580c44ada3dbac21b5616ed822d9c6b5cac,261831,261831,1500x2468,1500x2468,unit_2_p2,1,pending_visual_review,
73,73_信仰_1922-03,信仰 觀念의 本體,CNTS-00048065516,raw/journals/cheondogyo_wolbo/nl_bibliography/articles/CNTS-00048065516,page_003.jpg,ok,916690c07844e0e4986cd4441d03321a4a1ae641e20a663f88d069d9444474aa,916690c07844e0e4986cd4441d03321a4a1ae641e20a663f88d069d9444474aa,271809,271809,1500x2458,1500x2458,unit_3_p3,1,pending_visual_review,
73,73_信仰_1922-03,信仰 觀念의 本體,CNTS-00048065516,raw/journals/cheondogyo_wolbo/nl_bibliography/articles/CNTS-00048065516,page_004.jpg,ok,e48ea6d570aeba08dfbf61b422373b13d124d1b6b157f9ead8c89f65d014be4f,e48ea6d570aeba08dfbf61b422373b13d124d1b6b157f9ead8c89f65d014be4f,273186,273186,1500x2473,1500x2473,unit_4_p4,1,pending_visual_review,
73,73_信仰_1922-03,信仰 觀念의 本體,CNTS-00048065516,raw/journals/cheondogyo_wolbo/nl_bibliography/articles/CNTS-00048065516,page_005.jpg,ok,a377b2eb179639fb5246d4bf49e9d5b1301fbe08acc4d7d2518ce979be4acbb6,a377b2eb179639fb5246d4bf49e9d5b1301fbe08acc4d7d2518ce979be4acbb6,272043,272043,1500x2443,1500x2443,unit_5_p5,1,pending_visual_review,
73,73_信仰_1922-03,信仰 觀念의 本體,CNTS-00048065516,raw/journals/cheondogyo_wolbo/nl_bibliography/articles/CNTS-00048065516,page_006.jpg,ok,040552ab17d53b8d94aa85999a6a7a5c5b6194f4c39a9b34bc401e6797a62aa7,040552ab17d53b8d94aa85999a6a7a5c5b6194f4c39a9b34bc401e6797a62aa7,269193,269193,1500x2453,1500x2453,unit_6_p6,1,pending_visual_review,
73,73_信仰_1922-03,信仰 觀念의 本體,CNTS-00048065516,raw/journals/cheondogyo_wolbo/nl_bibliography/articles/CNTS-00048065516,page_007.jpg,ok,66469fd87ba092c67e257015edd1e2136ec8cad01e2cee0b1abf6129b976b5a2,66469fd87ba092c67e257015edd1e2136ec8cad01e2cee0b1abf6129b976b5a2,280034,280034,1500x2443,1500x2443,unit_7_p7,1,pending_visual_review,
73,73_信仰_1922-03,信仰 觀念의 本體,CNTS-00048065516,raw/journals/cheondogyo_wolbo/nl_bibliography/articles/CNTS-00048065516,page_008.jpg,ok,41c986f95aef77062361ef7cffa894dde5993df429b3f9a0449b2782802b89ac,41c986f95aef77062361ef7cffa894dde5993df429b3f9a0449b2782802b89ac,238274,238274,1500x2453,1500x2453,unit_8_p8,1,pending_visual_review,
74,74_信仰_1922-04,信仰 觀念의 本體(續),CNTS-00048051884,raw/journals/cheondogyo_wolbo/nl_bibliography/articles/CNTS-00048051884,page_001.jpg,ok,3d53385e0d94a3bc8cd41c24330d1313df560c9c0208b34d8a5fac1aa95c539e,3d53385e0d94a3bc8cd41c24330d1313df560c9c0208b34d8a5fac1aa95c539e,230637,230637,1500x2482,1500x2482,unit_1_p1,1,pending_visual_review,
74,74_信仰_1922-04,信仰 觀念의 本體(續),CNTS-00048051884,raw/journals/cheondogyo_wolbo/nl_bibliography/articles/CNTS-00048051884,page_002.jpg,ok,bfff7abb783ad19fbb4915c27af0e52f7faff879e4b591db14662d6728c5b863,bfff7abb783ad19fbb4915c27af0e52f7faff879e4b591db14662d6728c5b863,255871,255871,1500x2458,1500x2458,unit_2_p2,1,pending_visual_review,
74,74_信仰_1922-04,信仰 觀念의 本體(續),CNTS-00048051884,raw/journals/cheondogyo_wolbo/nl_bibliography/articles/CNTS-00048051884,page_003.jpg,ok,bfa509290979fe06cc207ddfef7ae34af9230e375d023e1957b3896ce3c0c32c,bfa509290979fe06cc207ddfef7ae34af9230e375d023e1957b3896ce3c0c32c,245263,245263,1500x2452,1500x2452,unit_3_p3,1,pending_visual_review,
74,74_信仰_1922-04,信仰 觀念의 本體(續),CNTS-00048051884,raw/journals/cheondogyo_wolbo/nl_bibliography/articles/CNTS-00048051884,page_004.jpg,ok,5073de8fca58592ce298233f95cdd557bc4ad4c7fe22c8b7d657d93225181e67,5073de8fca58592ce298233f95cdd557bc4ad4c7fe22c8b7d657d93225181e67,265903,265903,1500x2438,1500x2438,unit_4_p4,1,pending_visual_review,
74,74_信仰_1922-04,信仰 觀念의 本體(續),CNTS-00048051884,raw/journals/cheondogyo_wolbo/nl_bibliography/articles/CNTS-00048051884,page_005.jpg,ok,2390f6c74c597ec0517c087db651826708f18b40db12b204a33fa8cccea6208d,2390f6c74c597ec0517c087db651826708f18b40db12b204a33fa8cccea6208d,255063,255063,1500x2467,1500x2467,unit_5_p5,1,pending_visual_review,
74,74_信仰_1922-04,信仰 觀念의 本體(續),CNTS-00048051884,raw/journals/cheondogyo_wolbo/nl_bibliography/articles/CNTS-00048051884,page_006.jpg,ok,48723380d7e6ab200a68ae92eabd418106b0ed44a8dc83f6fc0ed7a7ded829ae,48723380d7e6ab200a68ae92eabd418106b0ed44a8dc83f6fc0ed7a7ded829ae,25595,25595,1500x2417,1500x2417,unit_6_p6,1,pending_visual_review,
75,75_宗教_1922-05,宗教의 六大 要素,CNTS-00048065528,raw/journals/cheondogyo_wolbo/nl_bibliography/articles/CNTS-00048065528,page_001.jpg,ok,24d33a561566aa4ac137365506239bbfc0b63ad34e2c81873aeae62188185c21,24d33a561566aa4ac137365506239bbfc0b63ad34e2c81873aeae62188185c21,229828,229828,1500x2422,1500x2422,unit_1_p1u;unit_2_p1l,2,pending_visual_review,
75,75_宗教_1922-05,宗教의 六大 要素,CNTS-00048065528,raw/journals/cheondogyo_wolbo/nl_bibliography/articles/CNTS-00048065528,page_002.jpg,ok,a2287895a26ca2028bd93412c5f5373c6d18c8c96bc4449f4560dc7c13e6cb90,a2287895a26ca2028bd93412c5f5373c6d18c8c96bc4449f4560dc7c13e6cb90,242833,242833,1500x2443,1500x2443,unit_3_p2u;unit_4_p2l,2,pending_visual_review,
75,75_宗教_1922-05,宗教의 六大 要素,CNTS-00048065528,raw/journals/cheondogyo_wolbo/nl_bibliography/articles/CNTS-00048065528,page_003.jpg,ok,9ee2ed73b52bcb0b8cb7d4fafac1bd97fc69e592d5716b283684afeba3878ab5,9ee2ed73b52bcb0b8cb7d4fafac1bd97fc69e592d5716b283684afeba3878ab5,245996,245996,1500x2446,1500x2446,unit_5_p3u;unit_6_p3l,2,pending_visual_review,
79,79_大神2_1918-08,大神師性靈出世說(其二),,raw/journals/cheondogyo_wolbo/nl_bibliography/articles/79_大神2_1918-08,page_001.jpg,ok,78405a2a871f84e2eeac6a05d885691b1b890b0b979e733be1cc94bdcd4b3ba5,78405a2a871f84e2eeac6a05d885691b1b890b0b979e733be1cc94bdcd4b3ba5,199307,199307,1500x2407,1500x2407,unit_1_p1,1,pending_visual_review,cnts_id_null_named_source
79,79_大神2_1918-08,大神師性靈出世說(其二),,raw/journals/cheondogyo_wolbo/nl_bibliography/articles/79_大神2_1918-08,page_002.jpg,ok,baf5ce47202d2efe3438876046d5c66a15b51578ada142f39250105d84bc71fa,baf5ce47202d2efe3438876046d5c66a15b51578ada142f39250105d84bc71fa,252825,252825,1500x2507,1500x2507,unit_2_p2,1,pending_visual_review,cnts_id_null_named_source
79,79_大神2_1918-08,大神師性靈出世說(其二),,raw/journals/cheondogyo_wolbo/nl_bibliography/articles/79_大神2_1918-08,page_003.jpg,ok,b9bc9e95b074172a6292eb81e84461b4ac9330c9f695597d597fc47d785201a3,b9bc9e95b074172a6292eb81e84461b4ac9330c9f695597d597fc47d785201a3,229653,229653,1500x2499,1500x2499,unit_3_p3,1,pending_visual_review,cnts_id_null_named_source
79,79_大神2_1918-08,大神師性靈出世說(其二),,raw/journals/cheondogyo_wolbo/nl_bibliography/articles/79_大神2_1918-08,page_004.jpg,ok,b8a5eae2782d54ec63f44169e9b7a0b4158462f81c6881419afd5e9bab799015,b8a5eae2782d54ec63f44169e9b7a0b4158462f81c6881419afd5e9bab799015,222681,222681,1500x2467,1500x2467,unit_4_p4,1,pending_visual_review,cnts_id_null_named_source
80,80_大神3_1918-09,大神師性靈出世說(其三),,raw/journals/cheondogyo_wolbo/nl_bibliography/articles/80_大神3_1918-09,page_001.jpg,ok,31a337a5866db3ae7f39cba9f4888a9058424575568e46f9338ab4824398da90,31a337a5866db3ae7f39cba9f4888a9058424575568e46f9338ab4824398da90,219335,219335,1500x2511,1500x2511,unit_1_p1,1,pending_visual_review,cnts_id_null_named_source
80,80_大神3_1918-09,大神師性靈出世說(其三),,raw/journals/cheondogyo_wolbo/nl_bibliography/articles/80_大神3_1918-09,page_002.jpg,ok,e641ef66028374fb55d125c72e42ca415de31ec95c555e3cdc84758d2e2b4cba,e641ef66028374fb55d125c72e42ca415de31ec95c555e3cdc84758d2e2b4cba,246474,246474,1500x2593,1500x2593,unit_2_p2,1,pending_visual_review,cnts_id_null_named_source
80,80_大神3_1918-09,大神師性靈出世說(其三),,raw/journals/cheondogyo_wolbo/nl_bibliography/articles/80_大神3_1918-09,page_003.jpg,ok,3a8f0ce4a471b7f7b1e7055604f7cbf978f462a693233ff3ae4a797c392c96f1,3a8f0ce4a471b7f7b1e7055604f7cbf978f462a693233ff3ae4a797c392c96f1,233798,233798,1500x2555,1500x2555,unit_3_p3,1,pending_visual_review,cnts_id_null_named_source
81,81_大神4_1918-10,大神師性靈出世說(其四),,raw/journals/cheondogyo_wolbo/nl_bibliography/articles/81_大神4_1918-10,page_001.jpg,ok,9271285b34caacd5fc7f9bb2797070e3289ec40f5851d88af194990bd8f1529c,9271285b34caacd5fc7f9bb2797070e3289ec40f5851d88af194990bd8f1529c,246784,246784,1500x2487,1500x2487,unit_1_p1,1,pending_visual_review,cnts_id_null_named_source
81,81_大神4_1918-10,大神師性靈出世說(其四),,raw/journals/cheondogyo_wolbo/nl_bibliography/articles/81_大神4_1918-10,page_002.jpg,ok,fa5a387635448faa4d401319a072505d69a8345b5ebdc0faa3cb3d327c6dc53f,fa5a387635448faa4d401319a072505d69a8345b5ebdc0faa3cb3d327c6dc53f,280890,280890,1500x2523,1500x2523,unit_2_p2,1,pending_visual_review,cnts_id_null_named_source
81,81_大神4_1918-10,大神師性靈出世說(其四),,raw/journals/cheondogyo_wolbo/nl_bibliography/articles/81_大神4_1918-10,page_003.jpg,ok,a5242c29a8a5e1fb37c9e8daf41fd26348f06c8357dcdf1c1fd12353e06c3532,a5242c29a8a5e1fb37c9e8daf41fd26348f06c8357dcdf1c1fd12353e06c3532,265997,265997,1500x2471,1500x2471,unit_3_p3,1,pending_visual_review,cnts_id_null_named_source
81,81_大神4_1918-10,大神師性靈出世說(其四),,raw/journals/cheondogyo_wolbo/nl_bibliography/articles/81_大神4_1918-10,page_004.jpg,ok,d32e004753c64c22c4b5c079a43ae4d4bcfb842f905c3e981af768e965271d90,d32e004753c64c22c4b5c079a43ae4d4bcfb842f905c3e981af768e965271d90,268739,268739,1500x2503,1500x2503,unit_4_p4,1,pending_visual_review,cnts_id_null_named_source
82,82_大神5_1918-11,大神師性靈出世說(其五),,raw/journals/cheondogyo_wolbo/nl_bibliography/articles/82_大神5_1918-11,page_001.jpg,ok,5d7c851bbdc55b96dad974e3d80c23ca679f955f4d8edc470b6b11f4f81e7230,5d7c851bbdc55b96dad974e3d80c23ca679f955f4d8edc470b6b11f4f81e7230,188785,188785,1500x2441,1500x2441,unit_1_p1,1,pending_visual_review,cnts_id_null_named_source
82,82_大神5_1918-11,大神師性靈出世說(其五),,raw/journals/cheondogyo_wolbo/nl_bibliography/articles/82_大神5_1918-11,page_002.jpg,ok,94f3d62020801bab066ecb627651d9a7b6dad310da546465b89a90b7d71e0c3e,94f3d62020801bab066ecb627651d9a7b6dad310da546465b89a90b7d71e0c3e,243084,243084,1500x2531,1500x2531,unit_2_p2,1,pending_visual_review,cnts_id_null_named_source
82,82_大神5_1918-11,大神師性靈出世說(其五),,raw/journals/cheondogyo_wolbo/nl_bibliography/articles/82_大神5_1918-11,page_003.jpg,ok,ace45e79d4eaf9b01a8ac5b45de3fcd4e37aa58edf9f7a795f5df9fd2feb5324,ace45e79d4eaf9b01a8ac5b45de3fcd4e37aa58edf9f7a795f5df9fd2feb5324,212393,212393,1500x2459,1500x2459,unit_3_p3,1,pending_visual_review,cnts_id_null_named_source
83,83_現代_1920-03,現代思潮와 事人如天主義,,raw/journals/cheondogyo_wolbo/nl_bibliography/articles/83_現代_1920-03,page_001.jpg,ok,b598bdff95bc118aafef5eb3a7262c6e19349a43833b5586333dcd8c20752702,b598bdff95bc118aafef5eb3a7262c6e19349a43833b5586333dcd8c20752702,183121,183121,1500x2385,1500x2385,unit_1_p1,1,pending_visual_review,cnts_id_null_named_source
83,83_現代_1920-03,現代思潮와 事人如天主義,,raw/journals/cheondogyo_wolbo/nl_bibliography/articles/83_現代_1920-03,page_002.jpg,ok,f5c204b718466a3870b4c68e1071d72c6caaf25fc5f36880b202fdbd5b925416,f5c204b718466a3870b4c68e1071d72c6caaf25fc5f36880b202fdbd5b925416,197401,197401,1500x2391,1500x2391,unit_2_p2,1,pending_visual_review,cnts_id_null_named_source
83,83_現代_1920-03,現代思潮와 事人如天主義,,raw/journals/cheondogyo_wolbo/nl_bibliography/articles/83_現代_1920-03,page_003.jpg,ok,c95b16910b283e27b1781dedcc9fd2a5f1b510bec781d00359f0d7c85ceccb9b,c95b16910b283e27b1781dedcc9fd2a5f1b510bec781d00359f0d7c85ceccb9b,209027,209027,1500x2358,1500x2358,unit_3_p3,1,pending_visual_review,cnts_id_null_named_source
83,83_現代_1920-03,現代思潮와 事人如天主義,,raw/journals/cheondogyo_wolbo/nl_bibliography/articles/83_現代_1920-03,page_004.jpg,ok,1824a0221c2458b4b325320b3b6ef81c21f1cd13b9857889c31d374cd5e4f933,1824a0221c2458b4b325320b3b6ef81c21f1cd13b9857889c31d374cd5e4f933,223421,223421,1500x2398,1500x2398,unit_4_p4,1,pending_visual_review,cnts_id_null_named_source
83,83_現代_1920-03,現代思潮와 事人如天主義,,raw/journals/cheondogyo_wolbo/nl_bibliography/articles/83_現代_1920-03,page_005.jpg,ok,3efec851d3c5c4ec1e4e75488039de01a9d05437ba1eeae15a73ce6c659ba8cf,3efec851d3c5c4ec1e4e75488039de01a9d05437ba1eeae15a73ce6c659ba8cf,215511,215511,1500x2374,1500x2374,unit_5_p5,1,pending_visual_review,cnts_id_null_named_source
83,83_現代_1920-03,現代思潮와 事人如天主義,,raw/journals/cheondogyo_wolbo/nl_bibliography/articles/83_現代_1920-03,page_006.jpg,ok,960e394e66f006a7568991c1ee9ebc9cbb4c2b8c561173f8558304816b1f8895,960e394e66f006a7568991c1ee9ebc9cbb4c2b8c561173f8558304816b1f8895,213264,213264,1500x2369,1500x2369,unit_6_p6,1,pending_visual_review,cnts_id_null_named_source
83,83_現代_1920-03,現代思潮와 事人如天主義,,raw/journals/cheondogyo_wolbo/nl_bibliography/articles/83_現代_1920-03,page_007.jpg,ok,429c970f4b8ab13b3dff1f9afe16da3aa739738c18d048a1bd707355b7e58086,429c970f4b8ab13b3dff1f9afe16da3aa739738c18d048a1bd707355b7e58086,185675,185675,1500x2361,1500x2361,unit_7_p7,1,pending_visual_review,cnts_id_null_named_source
84,84_年齡_1920-12,年齡論,,raw/journals/cheondogyo_wolbo/nl_bibliography/articles/84_年齡_1920-12,page_001.jpg,ok,d234ef18ea251b00bc4f53fde09c94f99ecb8aa561f1e07c049f16277d2923b2,d234ef18ea251b00bc4f53fde09c94f99ecb8aa561f1e07c049f16277d2923b2,204954,204954,1500x2429,1500x2429,unit_1_p1,1,pending_visual_review,cnts_id_null_named_source
84,84_年齡_1920-12,年齡論,,raw/journals/cheondogyo_wolbo/nl_bibliography/articles/84_年齡_1920-12,page_002.jpg,ok,456d10ea9393b9edeb79904bfce8032b46f3addd272e3df7f6f1a0fc085561a0,456d10ea9393b9edeb79904bfce8032b46f3addd272e3df7f6f1a0fc085561a0,239580,239580,1500x2443,1500x2443,unit_2_p2,1,pending_visual_review,cnts_id_null_named_source
84,84_年齡_1920-12,年齡論,,raw/journals/cheondogyo_wolbo/nl_bibliography/articles/84_年齡_1920-12,page_003.jpg,ok,2111ce56f3253dd27b7a1c3ad130c93ba4769dde6fad99913967c92a790df2dd,2111ce56f3253dd27b7a1c3ad130c93ba4769dde6fad99913967c92a790df2dd,217192,217192,1500x2407,1500x2407,unit_3_p3,1,pending_visual_review,cnts_id_null_named_source
84,84_年齡_1920-12,年齡論,,raw/journals/cheondogyo_wolbo/nl_bibliography/articles/84_年齡_1920-12,page_004.jpg,ok,d4cc44c992988fc86720a085d6da4f2d3b340ea41711e4254b4ab735275213c7,d4cc44c992988fc86720a085d6da4f2d3b340ea41711e4254b4ab735275213c7,228031,228031,1500x2452,1500x2452,unit_4_p4,1,pending_visual_review,cnts_id_null_named_source
84,84_年齡_1920-12,年齡論,,raw/journals/cheondogyo_wolbo/nl_bibliography/articles/84_年齡_1920-12,page_005.jpg,ok,0830022d517ac2d2c792108ac35924804119f99ed0652549476489f7376c197b,0830022d517ac2d2c792108ac35924804119f99ed0652549476489f7376c197b,219216,219216,1500x2388,1500x2388,unit_5_p5,1,pending_visual_review,cnts_id_null_named_source
84,84_年齡_1920-12,年齡論,,raw/journals/cheondogyo_wolbo/nl_bibliography/articles/84_年齡_1920-12,page_006.jpg,ok,fa2ddcc5f1f9b689521fe77d630df7cd80af61592a4fad9cda01e17cee02478b,fa2ddcc5f1f9b689521fe77d630df7cd80af61592a4fad9cda01e17cee02478b,230751,230751,1500x2455,1500x2455,unit_6_p6,1,pending_visual_review,cnts_id_null_named_source
84,84_年齡_1920-12,年齡論,,raw/journals/cheondogyo_wolbo/nl_bibliography/articles/84_年齡_1920-12,page_007.jpg,ok,fcd38ad600f2e3e86c408d3bd6d5c010eeb0d0c200c25f004685f260e491f891,fcd38ad600f2e3e86c408d3bd6d5c010eeb0d0c200c25f004685f260e491f891,169500,169500,1500x2383,1500x2383,unit_7_p7,1,pending_visual_review,cnts_id_null_named_source
85,85_사람性_1921-04,사람性의 無窮을 論하노라,,raw/journals/cheondogyo_wolbo/nl_bibliography/articles/85_사람性_1921-04,page_001.jpg,ok,44ffb582eb4e9cd72565ff4b2f3dfbe7f9e8a2b0e0cfc9907cad96e368f503b7,44ffb582eb4e9cd72565ff4b2f3dfbe7f9e8a2b0e0cfc9907cad96e368f503b7,185048,185048,1500x2541,1500x2541,unit_1_p1,1,pending_visual_review,cnts_id_null_named_source
85,85_사람性_1921-04,사람性의 無窮을 論하노라,,raw/journals/cheondogyo_wolbo/nl_bibliography/articles/85_사람性_1921-04,page_002.jpg,ok,b226054ab086da6305caa770d05ccc0199883049c9f5660952e9f2a614c10bc7,b226054ab086da6305caa770d05ccc0199883049c9f5660952e9f2a614c10bc7,233102,233102,1500x2466,1500x2466,unit_2_p2,1,pending_visual_review,cnts_id_null_named_source
85,85_사람性_1921-04,사람性의 無窮을 論하노라,,raw/journals/cheondogyo_wolbo/nl_bibliography/articles/85_사람性_1921-04,page_003.jpg,ok,e543828a38a49c0f1e9d74d06586dd535b7acd3400d12cff6d6085a637757d94,e543828a38a49c0f1e9d74d06586dd535b7acd3400d12cff6d6085a637757d94,252635,252635,1500x2477,1500x2477,unit_3_p3,1,pending_visual_review,cnts_id_null_named_source
85,85_사람性_1921-04,사람性의 無窮을 論하노라,,raw/journals/cheondogyo_wolbo/nl_bibliography/articles/85_사람性_1921-04,page_004.jpg,ok,5cd505221bd6bcee22bb347d64d6e7d455f90b7554037665156138f3644696b8,5cd505221bd6bcee22bb347d64d6e7d455f90b7554037665156138f3644696b8,226640,226640,1500x2481,1500x2481,unit_4_p4,1,pending_visual_review,cnts_id_null_named_source
85,85_사람性_1921-04,사람性의 無窮을 論하노라,,raw/journals/cheondogyo_wolbo/nl_bibliography/articles/85_사람性_1921-04,page_005.jpg,ok,b350187c069a71d67238ceec76119db158a0c4ab30183f78e4aaf7c0f999324b,b350187c069a71d67238ceec76119db158a0c4ab30183f78e4aaf7c0f999324b,216288,216288,1500x2525,1500x2525,unit_5_p5,1,pending_visual_review,cnts_id_null_named_source
85,85_사람性_1921-04,사람性의 無窮을 論하노라,,raw/journals/cheondogyo_wolbo/nl_bibliography/articles/85_사람性_1921-04,page_006.jpg,ok,8fad3e678f5359bb093590583b0837a802ea14de3d1e20dd53b16c3f11ba96a9,8fad3e678f5359bb093590583b0837a802ea14de3d1e20dd53b16c3f11ba96a9,237921,237921,1500x2497,1500x2497,unit_6_p6,1,pending_visual_review,cnts_id_null_named_source
86,86_우리_1921-11,"우리時代의 創造事業, 目下의 急先務를 提案함",,raw/journals/cheondogyo_wolbo/nl_bibliography/articles/86_우리_1921-11,page_001.jpg,ok,7ecaf8cd1cec4cf8f582c863f8ee4499b6ed06fa2653430c79b5f507e44542f5,7ecaf8cd1cec4cf8f582c863f8ee4499b6ed06fa2653430c79b5f507e44542f5,174879,174879,1500x2563,1500x2563,unit_1_p1,1,pending_visual_review,cnts_id_null_named_source
86,86_우리_1921-11,"우리時代의 創造事業, 目下의 急先務를 提案함",,raw/journals/cheondogyo_wolbo/nl_bibliography/articles/86_우리_1921-11,page_002.jpg,ok,300391f4f19d9ce644a67317dd6950c8b5117a4a29f8be8e3d99e4c6ed4150f1,300391f4f19d9ce644a67317dd6950c8b5117a4a29f8be8e3d99e4c6ed4150f1,211961,211961,1500x2481,1500x2481,unit_2_p2,1,pending_visual_review,cnts_id_null_named_source
86,86_우리_1921-11,"우리時代의 創造事業, 目下의 急先務를 提案함",,raw/journals/cheondogyo_wolbo/nl_bibliography/articles/86_우리_1921-11,page_003.jpg,ok,9e7a2d834df186d4454b11f8390bdd0408bec165989e5c4752d2ba668cf5724a,9e7a2d834df186d4454b11f8390bdd0408bec165989e5c4752d2ba668cf5724a,208345,208345,1500x2524,1500x2524,unit_3_p3,1,pending_visual_review,cnts_id_null_named_source
86,86_우리_1921-11,"우리時代의 創造事業, 目下의 急先務를 提案함",,raw/journals/cheondogyo_wolbo/nl_bibliography/articles/86_우리_1921-11,page_004.jpg,ok,b695919aa28edff7321f1f6d33a46943f35b477a9eaf7e7cc7b158e7e7536abf,b695919aa28edff7321f1f6d33a46943f35b477a9eaf7e7cc7b158e7e7536abf,202473,202473,1500x2452,1500x2452,unit_4_p4,1,pending_visual_review,cnts_id_null_named_source
86,86_우리_1921-11,"우리時代의 創造事業, 目下의 急先務를 提案함",,raw/journals/cheondogyo_wolbo/nl_bibliography/articles/86_우리_1921-11,page_005.jpg,ok,60e3ca17ec24849ac5c568e3ebd0d2bb89e059552b8f299d38681d811781340c,60e3ca17ec24849ac5c568e3ebd0d2bb89e059552b8f299d38681d811781340c,209592,209592,1500x2549,1500x2549,unit_5_p5,1,pending_visual_review,cnts_id_null_named_source
86,86_우리_1921-11,"우리時代의 創造事業, 目下의 急先務를 提案함",,raw/journals/cheondogyo_wolbo/nl_bibliography/articles/86_우리_1921-11,page_006.jpg,ok,508f1c579400207cd93fd940753c0506d3de700da8b20effbd2d2e53438a0a1a,508f1c579400207cd93fd940753c0506d3de700da8b20effbd2d2e53438a0a1a,204335,204335,1500x2443,1500x2443,unit_6_p6,1,pending_visual_review,cnts_id_null_named_source
