word,count,rel_freq_permille,rank,source
人乃天,173,10.902,1,1924
生命,138,8.697,2,1924
自己,137,8.634,3,1924
人類,135,8.508,4,1924
無窮,125,7.877,5,1924
生活,121,7.625,6,1924
時代,91,5.735,7,1924
進化,90,5.672,8,1924
大神師,90,5.672,9,1924
自然,89,5.609,10,1924
宗敎,84,5.294,11,1924
宗敎的,74,4.663,12,1924
世界,70,4.411,13,1924
宇宙,69,4.348,14,1924
信仰,66,4.159,15,1924
理想,65,4.096,16,1924
意識,64,4.033,17,1924
組織,63,3.97,18,1924
自由,62,3.907,19,1924
萬有,62,3.907,20,1924
意味,59,3.718,21,1924
存在,58,3.655,22,1924
行爲,56,3.529,23,1924
吾人,56,3.529,24,1924
精神,55,3.466,25,1924
天道,52,3.277,26,1924
創造的,51,3.214,27,1924
目的,50,3.151,28,1924
創造,49,3.088,29,1924
實在,49,3.088,30,1924
眞理,48,3.025,31,1924
意志,48,3.025,32,1924
物質,46,2.899,33,1924
本能,45,2.836,34,1924
原因,45,2.836,35,1924
以上,43,2.71,36,1924
觀念,43,2.71,37,1924
同一,41,2.584,38,1924
天國,40,2.521,39,1924
大槪,39,2.458,40,1924
境涯,39,2.458,41,1924
今日,39,2.458,42,1924
事實,38,2.395,43,1924
幸福,38,2.395,44,1924
如斯,38,2.395,45,1924
表顯,38,2.395,46,1924
本來,38,2.395,47,1924
過去,38,2.395,48,1924
關係,37,2.332,49,1924
思想,37,2.332,50,1924
敎化,36,2.269,51,1924
原理,35,2.206,52,1924
思考,35,2.206,53,1924
良心,34,2.143,54,1924
如何,34,2.143,55,1924
問題,34,2.143,56,1924
基督敎,33,2.08,57,1924
精神的,33,2.08,58,1924
神秘,33,2.08,59,1924
永生,32,2.017,60,1924
區別,32,2.017,61,1924
建設,32,2.017,62,1924
制度,32,2.017,63,1924
要素,31,1.954,64,1924
作用,30,1.891,65,1924
運動,30,1.891,66,1924
新社會,30,1.891,67,1924
程度,29,1.828,68,1924
發見,29,1.828,69,1924
必要,28,1.765,70,1924
肉體,28,1.765,71,1924
現在,28,1.765,72,1924
苦痛,28,1.765,73,1924
天道敎,28,1.765,74,1924
部分,28,1.765,75,1924
無限,27,1.702,76,1924
社會,27,1.702,77,1924
現代,27,1.702,78,1924
過程,27,1.702,79,1924
平等,26,1.639,80,1924
畢竟,26,1.639,81,1924
生物,26,1.639,82,1924
萬一,26,1.639,83,1924
階級,26,1.639,84,1924
世上,26,1.639,85,1924
一言,25,1.575,86,1924
發達,25,1.575,87,1924
神性,25,1.575,88,1924
各其,25,1.575,89,1924
全宇宙,25,1.575,90,1924
包容,25,1.575,91,1924
差別,24,1.512,92,1924
天地,24,1.512,93,1924
第一,24,1.512,94,1924
自我,24,1.512,95,1924
認定,23,1.449,96,1924
勿論,23,1.449,97,1924
崇拜,23,1.449,98,1924
解釋,22,1.386,99,1924
全體,22,1.386,100,1924
修煉,21,1.323,101,1924
偉大,21,1.323,102,1924
敎訓,21,1.323,103,1924
虛僞,21,1.323,104,1924
完全,21,1.323,105,1924
超越,21,1.323,106,1924
所謂,21,1.323,107,1924
解脫,21,1.323,108,1924
個性,21,1.323,109,1924
否認,21,1.323,110,1924
消滅,20,1.26,111,1924
統一力,20,1.26,112,1924
佛敎,20,1.26,113,1924
要求,20,1.26,114,1924
動物,20,1.26,115,1924
元來,20,1.26,116,1924
呪文,20,1.26,117,1924
人乃天主義,20,1.26,118,1924
連帶性,20,1.26,119,1924
運命,20,1.26,120,1924
個體,19,1.197,121,1924
敎理,19,1.197,122,1924
現象,19,1.197,123,1924
興味,19,1.197,124,1924
方法,19,1.197,125,1924
努力,19,1.197,126,1924
細胞,19,1.197,127,1924
未來,19,1.197,128,1924
價値,19,1.197,129,1924
根本,19,1.197,130,1924
心理,19,1.197,131,1924
父母,19,1.197,132,1924
害惡,19,1.197,133,1924
統一,18,1.134,134,1924
實行,18,1.134,135,1924
當然,18,1.134,136,1924
破壞,18,1.134,137,1924
靈魂,18,1.134,138,1924
民衆,18,1.134,139,1924
動機,18,1.134,140,1924
結果,18,1.134,141,1924
支配,18,1.134,142,1924
植物,18,1.134,143,1924
禍福,18,1.134,144,1924
證明,18,1.134,145,1924
實現,18,1.134,146,1924
差異,17,1.071,147,1924
一種,17,1.071,148,1924
全知全能,17,1.071,149,1924
先天的,17,1.071,150,1924
唯一,17,1.071,151,1924
欲望,17,1.071,152,1924
權力,17,1.071,153,1924
何故,17,1.071,154,1924
德治時代,17,1.071,155,1924
知力,17,1.071,156,1924
心法,17,1.071,157,1924
弊害,17,1.071,158,1924
徹底,17,1.071,159,1924
祖先,17,1.071,160,1924
素質,17,1.071,161,1924
人間,17,1.071,162,1924
發揮,17,1.071,163,1924
本源,17,1.071,164,1924
地球,17,1.071,165,1924
硏究,17,1.071,166,1924
一定,17,1.071,167,1924
自體,16,1.008,168,1924
歸依,16,1.008,169,1924
現實,16,1.008,170,1924
前者,16,1.008,171,1924
意識界,16,1.008,172,1924
理法,16,1.008,173,1924
方面,16,1.008,174,1924
本位,16,1.008,175,1924
除去,16,1.008,176,1924
第二,16,1.008,177,1924
所以,16,1.008,178,1924
靈符,16,1.008,179,1924
確實,16,1.008,180,1924
其他,16,1.008,181,1924
無機物,16,1.008,182,1924
人心,15,0.945,183,1924
覺悟,15,0.945,184,1924
萬物,15,0.945,185,1924
子孫,15,0.945,186,1924
唯物,15,0.945,187,1924
必然,15,0.945,188,1924
理由,15,0.945,189,1924
向上,15,0.945,190,1924
妙法,15,0.945,191,1924
他動物,15,0.945,192,1924
因襲,15,0.945,193,1924
主義,15,0.945,194,1924
法則,15,0.945,195,1924
信念,15,0.945,196,1924
科學,15,0.945,197,1924
天心,15,0.945,198,1924
順應,15,0.945,199,1924
來世,15,0.945,200,1924
性格,15,0.945,201,1924
種子,15,0.945,202,1924
將來,14,0.882,203,1924
一層,14,0.882,204,1924
法性,14,0.882,205,1924
由來,14,0.882,206,1924
大覺,14,0.882,207,1924
根據,14,0.882,208,1924
一神敎,14,0.882,209,1924
除却,14,0.882,210,1924
活動,14,0.882,211,1924
死生在天,14,0.882,212,1924
不能,14,0.882,213,1924
理想的,14,0.882,214,1924
伏在,14,0.882,215,1924
各自,14,0.882,216,1924
一物,14,0.882,217,1924
默念,14,0.882,218,1924
現象的,14,0.882,219,1924
比較,14,0.882,220,1924
大概,14,0.882,221,1924
唯心,14,0.882,222,1924
儒敎,14,0.882,223,1924
上帝,13,0.819,224,1924
普遍的,13,0.819,225,1924
意識論,13,0.819,226,1924
迷信,13,0.819,227,1924
萬人,13,0.819,228,1924
發生,13,0.819,229,1924
或是,13,0.819,230,1924
科學的,13,0.819,231,1924
後者,13,0.819,232,1924
希望,13,0.819,233,1924
神秘的,13,0.819,234,1924
機械的,13,0.819,235,1924
原子,13,0.819,236,1924
無極,13,0.819,237,1924
第三,13,0.819,238,1924
記錄,13,0.819,239,1924
唯物論,13,0.819,240,1924
一般,13,0.819,241,1924
內的,13,0.819,242,1924
道德,13,0.819,243,1924
不完全,13,0.819,244,1924
知識,13,0.819,245,1924
神話,13,0.819,246,1924
生死,13,0.819,247,1924
慰安,13,0.819,248,1924
人格,12,0.756,249,1924
全的,12,0.756,250,1924
內有神靈,12,0.756,251,1924
其者,12,0.756,252,1924
勢力,12,0.756,253,1924
罪惡,12,0.756,254,1924
釋迦,12,0.756,255,1924
開闢,12,0.756,256,1924
哲理,12,0.756,257,1924
相異,12,0.756,258,1924
廣大無量,12,0.756,259,1924
恒常,12,0.756,260,1924
圓滿,12,0.756,261,1924
對照,12,0.756,262,1924
盲腸,12,0.756,263,1924
不過,12,0.756,264,1924
人格的,12,0.756,265,1924
開拓,12,0.756,266,1924
歷史,12,0.756,267,1924
永遠,12,0.756,268,1924
反對,12,0.756,269,1924
大宇宙,12,0.756,270,1924
不可思議,12,0.756,271,1924
始作,12,0.756,272,1924
合一,12,0.756,273,1924
他力,12,0.756,274,1924
責任,12,0.756,275,1924
精神上,12,0.756,276,1924
假令,12,0.756,277,1924
特殊,12,0.756,278,1924
經典,12,0.756,279,1924
態度,11,0.693,280,1924
缺陷,11,0.693,281,1924
明白,11,0.693,282,1924
狀態,11,0.693,283,1924
構成,11,0.693,284,1924
能力,11,0.693,285,1924
外的,11,0.693,286,1924
偉力,11,0.693,287,1924
平等自由,11,0.693,288,1924
考察,11,0.693,289,1924
根本的,11,0.693,290,1924
民族,11,0.693,291,1924
到底,11,0.693,292,1924
天地自然,11,0.693,293,1924
意思,11,0.693,294,1924
無所不在,11,0.693,295,1924
自覺,11,0.693,296,1924
變化,11,0.693,297,1924
適合,10,0.63,298,1924
進步,10,0.63,299,1924
心告,10,0.63,300,1924
以後,10,0.63,301,1924
標準,10,0.63,302,1924
神聖,10,0.63,303,1924
物質的,10,0.63,304,1924
乃至,10,0.63,305,1924
現代人,10,0.63,306,1924
性質,10,0.63,307,1924
不然,10,0.63,308,1924
創造力,10,0.63,309,1924
無窮性,10,0.63,310,1924
疾病,10,0.63,311,1924
究竟,10,0.63,312,1924
對象,10,0.63,313,1924
空氣,10,0.63,314,1924
躍動,10,0.63,315,1924
古來,10,0.63,316,1924
真正,10,0.63,317,1924
改造,10,0.63,318,1924
下等動物,10,0.63,319,1924
發展,10,0.63,320,1924
善惡,10,0.63,321,1924
人爲的,10,0.63,322,1924
鬼神,10,0.63,323,1924
複雜,10,0.63,324,1924
宿命,10,0.63,325,1924
包含,10,0.63,326,1924
影響,10,0.63,327,1924
太陽,10,0.63,328,1924
人民,10,0.63,329,1924
不可,10,0.63,330,1924
人生,10,0.63,331,1924
階段,10,0.63,332,1924
符合,10,0.63,333,1924
變遷,10,0.63,334,1924
其實,9,0.567,335,1924
判斷,9,0.567,336,1924
漸次,9,0.567,337,1924
無爲自然,9,0.567,338,1924
幼稚,9,0.567,339,1924
感情,9,0.567,340,1924
神的,9,0.567,341,1924
發明,9,0.567,342,1924
政治,9,0.567,343,1924
貧富,9,0.567,344,1924
以前,9,0.567,345,1924
意義,9,0.567,346,1924
方式,9,0.567,347,1924
唯心論,9,0.567,348,1924
證據,9,0.567,349,1924
簡單,9,0.567,350,1924
吾道,9,0.567,351,1924
道德的,9,0.567,352,1924
自力,9,0.567,353,1924
永久,9,0.567,354,1924
直接,9,0.567,355,1924
時間的,9,0.567,356,1924
空間的,9,0.567,357,1924
亦是,9,0.567,358,1924
莫大,9,0.567,359,1924
經營,9,0.567,360,1924
團體生活,9,0.567,361,1924
條件,9,0.567,362,1924
孤立,9,0.567,363,1924
時間,9,0.567,364,1924
深遠,9,0.567,365,1924
律法,9,0.567,366,1924
各各,9,0.567,367,1924
大德力,9,0.567,368,1924
進化論,9,0.567,369,1924
行動,9,0.567,370,1924
到達,9,0.567,371,1924
形成,9,0.567,372,1924
矛盾,9,0.567,373,1924
孔子,9,0.567,374,1924
發源,9,0.567,375,1924
槪義,8,0.504,376,1924
壽命,8,0.504,377,1924
緣故,8,0.504,378,1924
老子,8,0.504,379,1924
一例,8,0.504,380,1924
四百兆,8,0.504,381,1924
一致,8,0.504,382,1924
科學者,8,0.504,383,1924
根底,8,0.504,384,1924
互相,8,0.504,385,1924
大道,8,0.504,386,1924
太古,8,0.504,387,1924
參照,8,0.504,388,1924
古人,8,0.504,389,1924
理致,8,0.504,390,1924
結局,8,0.504,391,1924
猿類,8,0.504,392,1924
客觀的,8,0.504,393,1924
習慣,8,0.504,394,1924
靈的,8,0.504,395,1924
裡面,8,0.504,396,1924
基礎,8,0.504,397,1924
至公無私,8,0.504,398,1924
國家,8,0.504,399,1924
法治時代,8,0.504,400,1924
空想的,8,0.504,401,1924
戰爭,8,0.504,402,1924
靈長,8,0.504,403,1924
秩序,8,0.504,404,1924
神人合一,8,0.504,405,1924
自由意志,8,0.504,406,1924
形貌,8,0.504,407,1924
復活,8,0.504,408,1924
相對,8,0.504,409,1924
果實,8,0.504,410,1924
害毒,8,0.504,411,1924
近代,8,0.504,412,1924
純粹,8,0.504,413,1924
基因,8,0.504,414,1924
天語,8,0.504,415,1924
極致,8,0.504,416,1924
憧憬,8,0.504,417,1924
當時,8,0.504,418,1924
絶對,8,0.504,419,1924
桃子,8,0.504,420,1924
生理的,8,0.504,421,1924
萬事,8,0.504,422,1924
地上,8,0.504,423,1924
經驗,8,0.504,424,1924
不自然,7,0.441,425,1924
活精,7,0.441,426,1924
人性,7,0.441,427,1924
天然,7,0.441,428,1924
共同,7,0.441,429,1924
完成,7,0.441,430,1924
形像,7,0.441,431,1924
宗旨,7,0.441,432,1924
因襲的,7,0.441,433,1924
一個人,7,0.441,434,1924
天良,7,0.441,435,1924
化生,7,0.441,436,1924
新陳代謝,7,0.441,437,1924
惑世,7,0.441,438,1924
全的生活,7,0.441,439,1924
一身,7,0.441,440,1924
自身,7,0.441,441,1924
注意,7,0.441,442,1924
普遍,7,0.441,443,1924
順序,7,0.441,444,1924
合致,7,0.441,445,1924
主張,7,0.441,446,1924
社會的,7,0.441,447,1924
結合,7,0.441,448,1924
汎神敎,7,0.441,449,1924
有無,7,0.441,450,1924
有機的,7,0.441,451,1924
第四,7,0.441,452,1924
天道自然,7,0.441,453,1924
肉體的,7,0.441,454,1924
不調和,7,0.441,455,1924
推測,7,0.441,456,1924
違反,7,0.441,457,1924
創造性,7,0.441,458,1924
種族,7,0.441,459,1924
同時,7,0.441,460,1924
運用,7,0.441,461,1924
排斥,7,0.441,462,1924
體驗,7,0.441,463,1924
祈禱,7,0.441,464,1924
繼續,7,0.441,465,1924
主觀的,7,0.441,466,1924
普通,7,0.441,467,1924
支那,7,0.441,468,1924
公式的,7,0.441,469,1924
基督,7,0.441,470,1924
文明,7,0.441,471,1924
無用,7,0.441,472,1924
一切,7,0.441,473,1924
敎育,7,0.441,474,1924
進化性,7,0.441,475,1924
別別,7,0.441,476,1924
一生,7,0.441,477,1924
彼此,7,0.441,478,1924
理想鄕,7,0.441,479,1924
進化的,7,0.441,480,1924
退屈的,7,0.441,481,1924
神靈,7,0.441,482,1924
統一的,7,0.441,483,1924
蜉蝣,7,0.441,484,1924
權力的,7,0.441,485,1924
聯想,7,0.441,486,1924
氣分,7,0.441,487,1924
所見,6,0.378,488,1924
千差萬別,6,0.378,489,1924
突然,6,0.378,490,1924
神經,6,0.378,491,1924
物件,6,0.378,492,1924
自然死,6,0.378,493,1924
餘地,6,0.378,494,1924
至氣,6,0.378,495,1924
體得,6,0.378,496,1924
恐怖,6,0.378,497,1924
四大誠命,6,0.378,498,1924
靈性,6,0.378,499,1924
生前,6,0.378,500,1924
化學的,6,0.378,501,1924
盲目的,6,0.378,502,1924
歲月,6,0.378,503,1924
無量,6,0.378,504,1924
遺傳,6,0.378,505,1924
組織的,6,0.378,506,1924
酌定,6,0.378,507,1924
天地萬有,6,0.378,508,1924
偶然,6,0.378,509,1924
超人的,6,0.378,510,1924
拒力,6,0.378,511,1924
吸力,6,0.378,512,1924
効果,6,0.378,513,1924
重要,6,0.378,514,1924
特別,6,0.378,515,1924
天然界,6,0.378,516,1924
有限,6,0.378,517,1924
哲學,6,0.378,518,1924
舊社會,6,0.378,519,1924
成長,6,0.378,520,1924
不幸,6,0.378,521,1924
十三字,6,0.378,522,1924
實在的,6,0.378,523,1924
多數,6,0.378,524,1924
尊貴,6,0.378,525,1924
比較的,6,0.378,526,1924
地上天國,6,0.378,527,1924
宿命的,6,0.378,528,1924
此世,6,0.378,529,1924
可知,6,0.378,530,1924
修養,6,0.378,531,1924
哲人,6,0.378,532,1924
發動,6,0.378,533,1924
積極的,6,0.378,534,1924
領地,6,0.378,535,1924
屬性,6,0.378,536,1924
說明,6,0.378,537,1924
人類全體,6,0.378,538,1924
政治的,6,0.378,539,1924
一步,6,0.378,540,1924
後天時代,6,0.378,541,1924
彼岸,6,0.378,542,1924
這間,6,0.378,543,1924
神話的,6,0.378,544,1924
思索,6,0.378,545,1924
可得,6,0.378,546,1924
改善,6,0.378,547,1924
本性,6,0.378,548,1924
以外,6,0.378,549,1924
物體,6,0.378,550,1924
過言,6,0.378,551,1924
天命,6,0.378,552,1924
連帶,6,0.378,553,1924
道德上,6,0.378,554,1924
運命觀,6,0.378,555,1924
判異,6,0.378,556,1924
全人類,6,0.378,557,1924
競爭,6,0.378,558,1924
第一節,5,0.315,559,1924
一部分,5,0.315,560,1924
形式,5,0.315,561,1924
世人,5,0.315,562,1924
億兆,5,0.315,563,1924
災變,5,0.315,564,1924
本心,5,0.315,565,1924
個人,5,0.315,566,1924
會社,5,0.315,567,1924
神政敎,5,0.315,568,1924
兩者,5,0.315,569,1924
大海,5,0.315,570,1924
神秘主義,5,0.315,571,1924
單獨的,5,0.315,572,1924
進化上,5,0.315,573,1924
霄壤,5,0.315,574,1924
對立,5,0.315,575,1924
原動力,5,0.315,576,1924
先天,5,0.315,577,1924
新宗敎,5,0.315,578,1924
動作,5,0.315,579,1924
人物,5,0.315,580,1924
成立,5,0.315,581,1924
原理上,5,0.315,582,1924
無宗敎的,5,0.315,583,1924
無意味,5,0.315,584,1924
設使,5,0.315,585,1924
明明,5,0.315,586,1924
傳說,5,0.315,587,1924
流行,5,0.315,588,1924
儀式,5,0.315,589,1924
拘束,5,0.315,590,1924
區區,5,0.315,591,1924
事物,5,0.315,592,1924
利用,5,0.315,593,1924
差別性,5,0.315,594,1924
發育,5,0.315,595,1924
空想,5,0.315,596,1924
實際,5,0.315,597,1924
先天時代,5,0.315,598,1924
此等,5,0.315,599,1924
自然主義,5,0.315,600,1924
解決,5,0.315,601,1924
假定,5,0.315,602,1924
經典的,5,0.315,603,1924
社會性,5,0.315,604,1924
人類主義,5,0.315,605,1924
經濟的,5,0.315,606,1924
協同,5,0.315,607,1924
七十歲,5,0.315,608,1924
混合,5,0.315,609,1924
分子,5,0.315,610,1924
廣濟蒼生,5,0.315,611,1924
感化,5,0.315,612,1924
天下,5,0.315,613,1924
其力,5,0.315,614,1924
一如,5,0.315,615,1924
測度,5,0.315,616,1924
滿足,5,0.315,617,1924
追求,5,0.315,618,1924
主觀,5,0.315,619,1924
靈能,5,0.315,620,1924
動的,5,0.315,621,1924
主要,5,0.315,622,1924
宗敎家,5,0.315,623,1924
物質學者,5,0.315,624,1924
伏能,5,0.315,625,1924
一端,5,0.315,626,1924
薄弱,5,0.315,627,1924
欺天,5,0.315,628,1924
七十,5,0.315,629,1924
指導,5,0.315,630,1924
萬有現象,5,0.315,631,1924
極端,5,0.315,632,1924
認識,5,0.315,633,1924
成功,5,0.315,634,1924
上述,5,0.315,635,1924
事業,5,0.315,636,1924
第二節,5,0.315,637,1924
新社會的,5,0.315,638,1924
分明,5,0.315,639,1924
喜悅,5,0.315,640,1924
境遇,5,0.315,641,1924
裏面,5,0.315,642,1924
一神,5,0.315,643,1924
循環,5,0.315,644,1924
保存,5,0.315,645,1924
左右,5,0.315,646,1924
美点,5,0.315,647,1924
固定不變,5,0.315,648,1924
大道大德,5,0.315,649,1924
欲動,5,0.315,650,1924
高尙,5,0.315,651,1924
生長,5,0.315,652,1924
始初,5,0.315,653,1924
個體的,5,0.315,654,1924
汎神觀,5,0.315,655,1924
想像,5,0.315,656,1924
雲鶴,5,0.315,657,1924
懺悔,5,0.315,658,1924
元氣,5,0.315,659,1924
一邊,5,0.315,660,1924
判定,5,0.315,661,1924
無知,5,0.315,662,1924
名色,5,0.315,663,1924
造化,5,0.315,664,1924
一世,5,0.315,665,1924
微賤,5,0.315,666,1924
一大,5,0.315,667,1924
同歸一體,5,0.315,668,1924
廣大,5,0.315,669,1924
太極,5,0.315,670,1924
食物,5,0.315,671,1924
誤認,5,0.315,672,1924
偏見,5,0.315,673,1924
發作,5,0.315,674,1924
身體,5,0.315,675,1924
浪漫的,5,0.315,676,1924
慰安的,5,0.315,677,1924
實踐的,5,0.315,678,1924
形造,5,0.315,679,1924
繁殖,5,0.315,680,1924
可能性,5,0.315,681,1924
起源,5,0.315,682,1924
屢屢,5,0.315,683,1924
究極,5,0.315,684,1924
正反對,5,0.315,685,1924
所有,5,0.315,686,1924
乃已,5,0.315,687,1924
實際的,5,0.315,688,1924
人生觀,5,0.315,689,1924
太初,5,0.315,690,1924
果然,5,0.315,691,1924
眞正,5,0.315,692,1924
絕對,5,0.315,693,1924
生魂,5,0.315,694,1924
降話,5,0.315,695,1924
觀察,5,0.315,696,1924
常識,5,0.315,697,1924
大成,4,0.252,698,1924
堯舜,4,0.252,699,1924
有宗敎,4,0.252,700,1924
無宗敎,4,0.252,701,1924
無形,4,0.252,702,1924
思唯,4,0.252,703,1924
無意識的,4,0.252,704,1924
出來,4,0.252,705,1924
吾心,4,0.252,706,1924
覺道,4,0.252,707,1924
涅槃,4,0.252,708,1924
社員,4,0.252,709,1924
家族主義,4,0.252,710,1924
特徵,4,0.252,711,1924
歸結,4,0.252,712,1924
自業自得,4,0.252,713,1924
萬若,4,0.252,714,1924
所有欲,4,0.252,715,1924
信仰的,4,0.252,716,1924
他宗敎,4,0.252,717,1924
後章,4,0.252,718,1924
其德,4,0.252,719,1924
無數,4,0.252,720,1924
宇宙觀,4,0.252,721,1924
屢千年,4,0.252,722,1924
徐徐,4,0.252,723,1924
自己創造的,4,0.252,724,1924
海月神師,4,0.252,725,1924
永劫,4,0.252,726,1924
無量性,4,0.252,727,1924
解剖,4,0.252,728,1924
大定,4,0.252,729,1924
利益,4,0.252,730,1924
他人,4,0.252,731,1924
術語,4,0.252,732,1924
差違,4,0.252,733,1924
事人如天,4,0.252,734,1924
無窮主義,4,0.252,735,1924
同化,4,0.252,736,1924
前篇,4,0.252,737,1924
理論,4,0.252,738,1924
特定,4,0.252,739,1924
又曰,4,0.252,740,1924
誤解,4,0.252,741,1924
天地萬物,4,0.252,742,1924
大小,4,0.252,743,1924
自在,4,0.252,744,1924
長生,4,0.252,745,1924
內容,4,0.252,746,1924
個性的,4,0.252,747,1924
個我,4,0.252,748,1924
健康,4,0.252,749,1924
百姓,4,0.252,750,1924
扶助,4,0.252,751,1924
外在的,4,0.252,752,1924
最善,4,0.252,753,1924
東洋,4,0.252,754,1924
最後,4,0.252,755,1924
舊宗敎,4,0.252,756,1924
發現,4,0.252,757,1924
形容,4,0.252,758,1924
斷定,4,0.252,759,1924
歸納,4,0.252,760,1924
私知,4,0.252,761,1924
其人,4,0.252,762,1924
本質,4,0.252,763,1924
疑問,4,0.252,764,1924
體現,4,0.252,765,1924
改革,4,0.252,766,1924
他界,4,0.252,767,1924
限度,4,0.252,768,1924
何等,4,0.252,769,1924
新德治時代,4,0.252,770,1924
現著,4,0.252,771,1924
合理,4,0.252,772,1924
魔窟,4,0.252,773,1924
不可抗力,4,0.252,774,1924
何處,4,0.252,775,1924
延長,4,0.252,776,1924
太陽界,4,0.252,777,1924
人間社會,4,0.252,778,1924
墨子,4,0.252,779,1924
一人,4,0.252,780,1924
中心,4,0.252,781,1924
生存,4,0.252,782,1924
古今,4,0.252,783,1924
手段,4,0.252,784,1924
神話時代,4,0.252,785,1924
分離,4,0.252,786,1924
萬無,4,0.252,787,1924
性明,4,0.252,788,1924
自我性明,4,0.252,789,1924
所有慾,4,0.252,790,1924
偶像,4,0.252,791,1924
微塵纖芥,4,0.252,792,1924
確信,4,0.252,793,1924
助長,4,0.252,794,1924
主我,4,0.252,795,1924
思想界,4,0.252,796,1924
腐敗,4,0.252,797,1924
造成,4,0.252,798,1924
看做,4,0.252,799,1924
建設的,4,0.252,800,1924
孤立的,4,0.252,801,1924
病的,4,0.252,802,1924
私知私欲,4,0.252,803,1924
普遍性,4,0.252,804,1924
知行,4,0.252,805,1924
得失,4,0.252,806,1924
各種,4,0.252,807,1924
盛衰,4,0.252,808,1924
山上,4,0.252,809,1924
試驗,4,0.252,810,1924
一個體,4,0.252,811,1924
時代的,4,0.252,812,1924
階梯,4,0.252,813,1924
神人,4,0.252,814,1924
宇宙萬有,4,0.252,815,1924
感情的,4,0.252,816,1924
勞而無功,4,0.252,817,1924
社會制度,4,0.252,818,1924
爲先,4,0.252,819,1924
忽然,4,0.252,820,1924
貧者,4,0.252,821,1924
富者,4,0.252,822,1924
耶蘇,4,0.252,823,1924
根氣,4,0.252,824,1924
四時,4,0.252,825,1924
應用,4,0.252,826,1924
主體,4,0.252,827,1924
力量,4,0.252,828,1924
萬事知,4,0.252,829,1924
前頁,4,0.252,830,1924
莊子,4,0.252,831,1924
泡幻,4,0.252,832,1924
上圖,4,0.252,833,1924
力學的,4,0.252,834,1924
現實神秘主義,4,0.252,835,1924
區分,4,0.252,836,1924
熱度,4,0.252,837,1924
機械,4,0.252,838,1924
高等,4,0.252,839,1924
一身體,4,0.252,840,1924
堅固,4,0.252,841,1924
人界,4,0.252,842,1924
各個體,4,0.252,843,1924
必然的,4,0.252,844,1924
衝動,4,0.252,845,1924
制裁,4,0.252,846,1924
自己觀照,4,0.252,847,1924
弄絡,4,0.252,848,1924
參考,4,0.252,849,1924
相對的,4,0.252,850,1924
原原子,4,0.252,851,1924
一塵,4,0.252,852,1924
丁線,4,0.252,853,1924
意識的,4,0.252,854,1924
神秘力,4,0.252,855,1924
對答,4,0.252,856,1924
對像,4,0.252,857,1924
空中,4,0.252,858,1924
各自爲心,4,0.252,859,1924
論學文,4,0.252,860,1924
布德文,4,0.252,861,1924
哲學的,4,0.252,862,1924
一部,4,0.252,863,1924
多少,4,0.252,864,1924
兄弟,4,0.252,865,1924
修正,4,0.252,866,1924
新信仰,3,0.189,867,1924
呼吸,3,0.189,868,1924
沒我,3,0.189,869,1924
主我的,3,0.189,870,1924
幼年時代,3,0.189,871,1924
事情,3,0.189,872,1924
譬類,3,0.189,873,1924
超人,3,0.189,874,1924
一切萬有,3,0.189,875,1924
不平等,3,0.189,876,1924
祈願,3,0.189,877,1924
生兩儀,3,0.189,878,1924
自力的,3,0.189,879,1924
通有,3,0.189,880,1924
極樂,3,0.189,881,1924
不拘,3,0.189,882,1924
總合,3,0.189,883,1924
萬卷詩書,3,0.189,884,1924
枝葉,3,0.189,885,1924
彼我,3,0.189,886,1924
多大,3,0.189,887,1924
現生,3,0.189,888,1924
解渴,3,0.189,889,1924
無形的,3,0.189,890,1924
時間上,3,0.189,891,1924
他力的,3,0.189,892,1924
時間空間,3,0.189,893,1924
無始無終,3,0.189,894,1924
無常,3,0.189,895,1924
再顯性,3,0.189,896,1924
朝鮮,3,0.189,897,1924
不思議,3,0.189,898,1924
發表,3,0.189,899,1924
其形,3,0.189,900,1924
弓乙,3,0.189,901,1924
遡考,3,0.189,902,1924
眼前,3,0.189,903,1924
個體化,3,0.189,904,1924
接觸,3,0.189,905,1924
大天星辰,3,0.189,906,1924
大生命,3,0.189,907,1924
疑心,3,0.189,908,1924
斷言,3,0.189,909,1924
虛空,3,0.189,910,1924
無爲而化,3,0.189,911,1924
大法性,3,0.189,912,1924
共通,3,0.189,913,1924
物心兩者,3,0.189,914,1924
分解,3,0.189,915,1924
原始的,3,0.189,916,1924
優越,3,0.189,917,1924
大原因,3,0.189,918,1924
不祥,3,0.189,919,1924
壓迫,3,0.189,920,1924
發顯,3,0.189,921,1924
世界外,3,0.189,922,1924
天痴,3,0.189,923,1924
死亡,3,0.189,924,1924
天主,3,0.189,925,1924
範圍內,3,0.189,926,1924
準備,3,0.189,927,1924
生太極,3,0.189,928,1924
事實上,3,0.189,929,1924
更進,3,0.189,930,1924
信者,3,0.189,931,1924
意識上,3,0.189,932,1924
想考,3,0.189,933,1924
行蹟,3,0.189,934,1924
偉人,3,0.189,935,1924
議論,3,0.189,936,1924
信力,3,0.189,937,1924
前提,3,0.189,938,1924
增加,3,0.189,939,1924
萬化,3,0.189,940,1924
學者,3,0.189,941,1924
然後,3,0.189,942,1924
天使,3,0.189,943,1924
動物性,3,0.189,944,1924
後頁,3,0.189,945,1924
初境,3,0.189,946,1924
客觀,3,0.189,947,1924
寶物,3,0.189,948,1924
不生不滅,3,0.189,949,1924
前聖,3,0.189,950,1924
五日,3,0.189,951,1924
四月,3,0.189,952,1924
庚申,3,0.189,953,1924
生殖慾,3,0.189,954,1924
治療,3,0.189,955,1924
書物,3,0.189,956,1924
沒我的,3,0.189,957,1924
高等動物,3,0.189,958,1924
宇宙的,3,0.189,959,1924
自家,3,0.189,960,1924
最近,3,0.189,961,1924
徒弟,3,0.189,962,1924
他一物,3,0.189,963,1924
經傳,3,0.189,964,1924
回顧,3,0.189,965,1924
現世,3,0.189,966,1924
性的,3,0.189,967,1924
儼然,3,0.189,968,1924
原則,3,0.189,969,1924
不斷,3,0.189,970,1924
光明,3,0.189,971,1924
維持,3,0.189,972,1924
生命發生,3,0.189,973,1924
永久的,3,0.189,974,1924
無差別,3,0.189,975,1924
安心立命,3,0.189,976,1924
天理,3,0.189,977,1924
古昔,3,0.189,978,1924
一時,3,0.189,979,1924
萬年,3,0.189,980,1924
後天開闢,3,0.189,981,1924
物質論,3,0.189,982,1924
歐洲,3,0.189,983,1924
他物體,3,0.189,984,1924
存立,3,0.189,985,1924
充滿,3,0.189,986,1924
空間上,3,0.189,987,1924
壯年時代,3,0.189,988,1924
保守,3,0.189,989,1924
消息,3,0.189,990,1924
上古,3,0.189,991,1924
嫉妬,3,0.189,992,1924
人性無窮,3,0.189,993,1924
眞珠貝,3,0.189,994,1924
攝理,3,0.189,995,1924
元祖,3,0.189,996,1924
分配,3,0.189,997,1924
以下,3,0.189,998,1924
一勺,3,0.189,999,1924
壯年,3,0.189,1000,1924
變動,3,0.189,1001,1924
第三節,3,0.189,1002,1924
潮流,3,0.189,1003,1924
可憐,3,0.189,1004,1924
現實的,3,0.189,1005,1924
不可不,3,0.189,1006,1924
知能,3,0.189,1007,1924
消極的,3,0.189,1008,1924
活精論,3,0.189,1009,1924
靑年時代,3,0.189,1010,1924
開闢以來,3,0.189,1011,1924
其一,3,0.189,1012,1924
表面的,3,0.189,1013,1924
集合,3,0.189,1014,1924
當初,3,0.189,1015,1924
今日以後,3,0.189,1016,1924
結晶體,3,0.189,1017,1924
連結,3,0.189,1018,1924
不知,3,0.189,1019,1924
無窮以前,3,0.189,1020,1924
精靈,3,0.189,1021,1924
種屬,3,0.189,1022,1924
芥子,3,0.189,1023,1924
進展,3,0.189,1024,1924
戀愛,3,0.189,1025,1924
僧侶制度,3,0.189,1026,1924
奴隷的,3,0.189,1027,1924
冒瀆,3,0.189,1028,1924
血液,3,0.189,1029,1924
難通,3,0.189,1030,1924
豫期,3,0.189,1031,1924
布德天下,3,0.189,1032,1924
傾向,3,0.189,1033,1924
二階段,3,0.189,1034,1924
一階級,3,0.189,1035,1924
抵抗,3,0.189,1036,1924
征服,3,0.189,1037,1924
融化,3,0.189,1038,1924
最高,3,0.189,1039,1924
權勢,3,0.189,1040,1924
貴賤,3,0.189,1041,1924
水火木石,3,0.189,1042,1924
萬理萬事,3,0.189,1043,1924
大部分,3,0.189,1044,1924
蔑視,3,0.189,1045,1924
古代,3,0.189,1046,1924
人間苦,3,0.189,1047,1924
印度,3,0.189,1048,1924
依然,3,0.189,1049,1924
夢想,3,0.189,1050,1924
敢行,3,0.189,1051,1924
姑舍,3,0.189,1052,1924
活力,3,0.189,1053,1924
其餘,3,0.189,1054,1924
移轉,3,0.189,1055,1924
眞諦,3,0.189,1056,1924
不可知界,3,0.189,1057,1924
天子,3,0.189,1058,1924
遺血,3,0.189,1059,1924
無神論,3,0.189,1060,1924
波紋,3,0.189,1061,1924
神啓,3,0.189,1062,1924
自己表顯,3,0.189,1063,1924
理性,3,0.189,1064,1924
理性的,3,0.189,1065,1924
統一的一的,3,0.189,1066,1924
後天,3,0.189,1067,1924
不絕,3,0.189,1068,1924
欲言浩而難言,3,0.189,1069,1924
所在,3,0.189,1070,1924
八節,3,0.189,1071,1924
天德,3,0.189,1072,1924
感謝,3,0.189,1073,1924
選擇,3,0.189,1074,1924
光線,3,0.189,1075,1924
小部分,3,0.189,1076,1924
相互,3,0.189,1077,1924
僧侶,3,0.189,1078,1924
國家主義,3,0.189,1079,1924
要件,3,0.189,1080,1924
勢不得已,3,0.189,1081,1924
位置,3,0.189,1082,1924
滅亡,3,0.189,1083,1924
救濟,3,0.189,1084,1924
自然淘汰,3,0.189,1085,1924
不合,3,0.189,1086,1924
爭奪,3,0.189,1087,1924
所有欲望,3,0.189,1088,1924
妨害,3,0.189,1089,1924
享樂,3,0.189,1090,1924
民生,3,0.189,1091,1924
環境,3,0.189,1092,1924
人世,3,0.189,1093,1924
現代文明,3,0.189,1094,1924
現像,3,0.189,1095,1924
全身體,3,0.189,1096,1924
生活中,3,0.189,1097,1924
大別,3,0.189,1098,1924
飢饉,3,0.189,1099,1924
惡制度,3,0.189,1100,1924
回復,3,0.189,1101,1924
文化,3,0.189,1102,1924
新人間,3,0.189,1103,1924
同胞,3,0.189,1104,1924
他動物性,3,0.189,1105,1924
慣習,3,0.189,1106,1924
本然,3,0.189,1107,1924
第二性,3,0.189,1108,1924
名辭,3,0.189,1109,1924
正知,3,0.189,1110,1924
本體,3,0.189,1111,1924
効力,3,0.189,1112,1924
四種,3,0.189,1113,1924
接續,3,0.189,1114,1924
關聯,3,0.189,1115,1924
良知,3,0.189,1116,1924
快感,3,0.189,1117,1924
支配階級,3,0.189,1118,1924
惡用,3,0.189,1119,1924
地境,3,0.189,1120,1924
物慾,3,0.189,1121,1924
國家的,3,0.189,1122,1924
道德說,3,0.189,1123,1924
物質上,3,0.189,1124,1924
修煉方式,3,0.189,1125,1924
心的,3,0.189,1126,1924
修煉方法,3,0.189,1127,1924
仙藥,3,0.189,1128,1924
目標,3,0.189,1129,1924
外界,3,0.189,1130,1924
固有,3,0.189,1131,1924
意見,3,0.189,1132,1924
何人,3,0.189,1133,1924
解說,3,0.189,1134,1924
旣述,3,0.189,1135,1924
或物,3,0.189,1136,1924
多神,3,0.189,1137,1924
道法,3,0.189,1138,1924
人間的,3,0.189,1139,1924
現像的,3,0.189,1140,1924
波浪,3,0.189,1141,1924
守心正氣,3,0.189,1142,1924
一動一靜,3,0.189,1143,1924
眞實,3,0.189,1144,1924
神力,3,0.189,1145,1924
宗派,3,0.189,1146,1924
槪念,3,0.189,1147,1924
偶然的,3,0.189,1148,1924
自得,3,0.189,1149,1924
效果,3,0.189,1150,1924
最大,3,0.189,1151,1924
世法,3,0.189,1152,1924
君主,3,0.189,1153,1924
放縱,3,0.189,1154,1924
連帶的,3,0.189,1155,1924
部分的,3,0.189,1156,1924
生活上,3,0.189,1157,1924
輕斷,3,0.189,1158,1924
能不能,3,0.189,1159,1924
享有,3,0.189,1160,1924
義務,3,0.189,1161,1924
真正永生,3,0.189,1162,1924
種族永生,3,0.189,1163,1924
宗教,3,0.189,1164,1924
差異点,3,0.189,1165,1924
靜的,3,0.189,1166,1924
兼愛,3,0.189,1167,1924
差別相,3,0.189,1168,1924
汎神觀的,3,0.189,1169,1924
分量,3,0.189,1170,1924
組織體,3,0.189,1171,1924
孔孟,3,0.189,1172,1924
法文,3,0.189,1173,1924
才能,3,0.189,1174,1924
矯正,2,0.126,1175,1924
契機,2,0.126,1176,1924
物理的,2,0.126,1177,1924
當行,2,0.126,1178,1924
布德,2,0.126,1179,1924
判然,2,0.126,1180,1924
紛糾,2,0.126,1181,1924
第五,2,0.126,1182,1924
獨力,2,0.126,1183,1924
大律法,2,0.126,1184,1924
不顧,2,0.126,1185,1924
命令,2,0.126,1186,1924
悚然,2,0.126,1187,1924
無機的,2,0.126,1188,1924
庚申四月五日,2,0.126,1189,1924
時時刻刻,2,0.126,1190,1924
昭然,2,0.126,1191,1924
結晶,2,0.126,1192,1924
法則的,2,0.126,1193,1924
自己發展,2,0.126,1194,1924
確實存在,2,0.126,1195,1924
大略,2,0.126,1196,1924
腐木,2,0.126,1197,1924
碌石,2,0.126,1198,1924
無制限,2,0.126,1199,1924
表明,2,0.126,1200,1924
有機物,2,0.126,1201,1924
倂立,2,0.126,1202,1924
絶叫,2,0.126,1203,1924
大仁心,2,0.126,1204,1924
生生不息,2,0.126,1205,1924
惰力,2,0.126,1206,1924
暫時間,2,0.126,1207,1924
排置,2,0.126,1208,1924
心理作用,2,0.126,1209,1924
連絡,2,0.126,1210,1924
甚至於,2,0.126,1211,1924
神心,2,0.126,1212,1924
出生,2,0.126,1213,1924
近代科學者,2,0.126,1214,1924
吸收,2,0.126,1215,1924
無意識,2,0.126,1216,1924
虛無,2,0.126,1217,1924
百體,2,0.126,1218,1924
適當,2,0.126,1219,1924
落下,2,0.126,1220,1924
起因,2,0.126,1221,1924
遠近上下,2,0.126,1222,1924
遍滿,2,0.126,1223,1924
風水火土四大,2,0.126,1224,1924
境界,2,0.126,1225,1924
圓滿無缺,2,0.126,1226,1924
人文開闢,2,0.126,1227,1924
空前,2,0.126,1228,1924
開闢運數,2,0.126,1229,1924
這這,2,0.126,1230,1924
歡迎,2,0.126,1231,1924
無關係,2,0.126,1232,1924
全然,2,0.126,1233,1924
自信,2,0.126,1234,1924
中心点,2,0.126,1235,1924
共存共榮,2,0.126,1236,1924
根源,2,0.126,1237,1924
刺戟,2,0.126,1238,1924
眞面目,2,0.126,1239,1924
何必,2,0.126,1240,1924
無用物,2,0.126,1241,1924
無窮無窮,2,0.126,1242,1924
固定不動,2,0.126,1243,1924
眞珠,2,0.126,1244,1924
生死問題,2,0.126,1245,1924
不得已,2,0.126,1246,1924
泌出,2,0.126,1247,1924
抑制,2,0.126,1248,1924
其本能,2,0.126,1249,1924
細沙,2,0.126,1250,1924
開始,2,0.126,1251,1924
思想中,2,0.126,1252,1924
自覺的,2,0.126,1253,1924
肉體上,2,0.126,1254,1924
敢爲,2,0.126,1255,1924
過程上,2,0.126,1256,1924
表面,2,0.126,1257,1924
男女,2,0.126,1258,1924
函中,2,0.126,1259,1924
極樂世界,2,0.126,1260,1924
只今,2,0.126,1261,1924
人間界,2,0.126,1262,1924
局部,2,0.126,1263,1924
手足,2,0.126,1264,1924
成績,2,0.126,1265,1924
整頓,2,0.126,1266,1924
別個,2,0.126,1267,1924
慕仰,2,0.126,1268,1924
無言不文,2,0.126,1269,1924
黃金,2,0.126,1270,1924
神其者,2,0.126,1271,1924
其中,2,0.126,1272,1924
道德論,2,0.126,1273,1924
愛惜心,2,0.126,1274,1924
樂園,2,0.126,1275,1924
憂愁,2,0.126,1276,1924
一大條件,2,0.126,1277,1924
解放,2,0.126,1278,1924
學說,2,0.126,1279,1924
是認,2,0.126,1280,1924
預想,2,0.126,1281,1924
總括,2,0.126,1282,1924
形式的,2,0.126,1283,1924
全部,2,0.126,1284,1924
無量性伏能,2,0.126,1285,1924
不問,2,0.126,1286,1924
生命論,2,0.126,1287,1924
悲哀,2,0.126,1288,1924
七個條,2,0.126,1289,1924
哲學上,2,0.126,1290,1924
强味,2,0.126,1291,1924
形象,2,0.126,1292,1924
永劫以前,2,0.126,1293,1924
汎神,2,0.126,1294,1924
應用上,2,0.126,1295,1924
第四節,2,0.126,1296,1924
三界,2,0.126,1297,1924
自己創造,2,0.126,1298,1924
名利,2,0.126,1299,1924
靑年,2,0.126,1300,1924
無一物,2,0.126,1301,1924
幼年,2,0.126,1302,1924
明言,2,0.126,1303,1924
類似,2,0.126,1304,1924
純粹物質,2,0.126,1305,1924
性天,2,0.126,1306,1924
五千年間,2,0.126,1307,1924
相對方,2,0.126,1308,1924
所有物,2,0.126,1309,1924
固執,2,0.126,1310,1924
引用,2,0.126,1311,1924
巧妙,2,0.126,1312,1924
大源,2,0.126,1313,1924
何者,2,0.126,1314,1924
內容上,2,0.126,1315,1924
依他的,2,0.126,1316,1924
自稱,2,0.126,1317,1924
宗敎信者,2,0.126,1318,1924
大驚小怪,2,0.126,1319,1924
平等性,2,0.126,1320,1924
製造,2,0.126,1321,1924
語法,2,0.126,1322,1924
蟻蜂,2,0.126,1323,1924
五千年,2,0.126,1324,1924
甲階段,2,0.126,1325,1924
公認,2,0.126,1326,1924
實現時代,2,0.126,1327,1924
一般動物,2,0.126,1328,1924
其時,2,0.126,1329,1924
保證,2,0.126,1330,1924
一考,2,0.126,1331,1924
主人公,2,0.126,1332,1924
於是乎,2,0.126,1333,1924
截然,2,0.126,1334,1924
無量數,2,0.126,1335,1924
機械論,2,0.126,1336,1924
文明人,2,0.126,1337,1924
末梢神經,2,0.126,1338,1924
進化法則,2,0.126,1339,1924
逈殊,2,0.126,1340,1924
兩種,2,0.126,1341,1924
二十世紀,2,0.126,1342,1924
形體,2,0.126,1343,1924
誘導,2,0.126,1344,1924
至愛,2,0.126,1345,1924
遼遠,2,0.126,1346,1924
理論上,2,0.126,1347,1924
例如,2,0.126,1348,1924
至仁,2,0.126,1349,1924
自慰自安,2,0.126,1350,1924
滋養,2,0.126,1351,1924
實質,2,0.126,1352,1924
有物混成,2,0.126,1353,1924
活精的,2,0.126,1354,1924
可知界,2,0.126,1355,1924
探求,2,0.126,1356,1924
信奉,2,0.126,1357,1924
五十一生,2,0.126,1358,1924
內外,2,0.126,1359,1924
接近,2,0.126,1360,1924
浪漫時代,2,0.126,1361,1924
事實的,2,0.126,1362,1924
獨立的,2,0.126,1363,1924
應用的,2,0.126,1364,1924
聖者,2,0.126,1365,1924
大分,2,0.126,1366,1924
天縱,2,0.126,1367,1924
强作,2,0.126,1368,1924
人爲,2,0.126,1369,1924
連脈,2,0.126,1370,1924
其造化,2,0.126,1371,1924
觀照,2,0.126,1372,1924
具體的,2,0.126,1373,1924
宏壯,2,0.126,1374,1924
派黨,2,0.126,1375,1924
不認,2,0.126,1376,1924
至極,2,0.126,1377,1924
其作用,2,0.126,1378,1924
人種,2,0.126,1379,1924
其自體,2,0.126,1380,1924
驚異,2,0.126,1381,1924
二勺,2,0.126,1382,1924
威力,2,0.126,1383,1924
仁義禮智,2,0.126,1384,1924
單一,2,0.126,1385,1924
智能,2,0.126,1386,1924
一個,2,0.126,1387,1924
直上,2,0.126,1388,1924
以來,2,0.126,1389,1924
生八卦,2,0.126,1390,1924
空想夢幻,2,0.126,1391,1924
農夫,2,0.126,1392,1924
思潮,2,0.126,1393,1924
別物,2,0.126,1394,1924
四象,2,0.126,1395,1924
表示,2,0.126,1396,1924
敬愛之心,2,0.126,1397,1924
暫有,2,0.126,1398,1924
不死,2,0.126,1399,1924
聖傑,2,0.126,1400,1924
屎中,2,0.126,1401,1924
所信,2,0.126,1402,1924
民衆自己,2,0.126,1403,1924
慈悲,2,0.126,1404,1924
降臨,2,0.126,1405,1924
經濟,2,0.126,1406,1924
現象即實在,2,0.126,1407,1924
建立,2,0.126,1408,1924
代表的,2,0.126,1409,1924
向背的,2,0.126,1410,1924
不必要,2,0.126,1411,1924
其時代,2,0.126,1412,1924
妙遠,2,0.126,1413,1924
尊敬,2,0.126,1414,1924
觀念上,2,0.126,1415,1924
模範,2,0.126,1416,1924
波片,2,0.126,1417,1924
其說,2,0.126,1418,1924
政治上,2,0.126,1419,1924
文學,2,0.126,1420,1924
微妙,2,0.126,1421,1924
電氣,2,0.126,1422,1924
突然發生說,2,0.126,1423,1924
發生原因,2,0.126,1424,1924
五大,2,0.126,1425,1924
預期,2,0.126,1426,1924
可能的,2,0.126,1427,1924
共存,2,0.126,1428,1924
法律,2,0.126,1429,1924
前述,2,0.126,1430,1924
端緒,2,0.126,1431,1924
論法,2,0.126,1432,1924
天國及仙境,2,0.126,1433,1924
任務,2,0.126,1434,1924
仙境,2,0.126,1435,1924
神及佛,2,0.126,1436,1924
良能,2,0.126,1437,1924
甲乙丙,2,0.126,1438,1924
慧知,2,0.126,1439,1924
兩說,2,0.126,1440,1924
總體,2,0.126,1441,1924
代表,2,0.126,1442,1924
云爲,2,0.126,1443,1924
執着,2,0.126,1444,1924
發露,2,0.126,1445,1924
冥想,2,0.126,1446,1924
神佛,2,0.126,1447,1924
圖案,2,0.126,1448,1924
人知,2,0.126,1449,1924
討議,2,0.126,1450,1924
甲乙丙丁戊己,2,0.126,1451,1924
濟世安民,2,0.126,1452,1924
因果律法,2,0.126,1453,1924
背後,2,0.126,1454,1924
適切,2,0.126,1455,1924
還元,2,0.126,1456,1924
吾身,2,0.126,1457,1924
懷疑,2,0.126,1458,1924
一代,2,0.126,1459,1924
知覺,2,0.126,1460,1924
七十歲以前,2,0.126,1461,1924
墜落,2,0.126,1462,1924
故障,2,0.126,1463,1924
何部分,2,0.126,1464,1924
宇宙自然,2,0.126,1465,1924
及其,2,0.126,1466,1924
恩澤,2,0.126,1467,1924
時代時代,2,0.126,1468,1924
賢哲,2,0.126,1469,1924
靈魂觀,2,0.126,1470,1924
享受,2,0.126,1471,1924
大德,2,0.126,1472,1924
波及,2,0.126,1473,1924
一朝,2,0.126,1474,1924
民族主義,2,0.126,1475,1924
他界生活,2,0.126,1476,1924
前頁後頁,2,0.126,1477,1924
國家生活,2,0.126,1478,1924
九月,2,0.126,1479,1924
人類主義的,2,0.126,1480,1924
王國,2,0.126,1481,1924
新生活,2,0.126,1482,1924
經過,2,0.126,1483,1924
五十頁,2,0.126,1484,1924
人類生活,2,0.126,1485,1924
天書,2,0.126,1486,1924
呪咀,2,0.126,1487,1924
置重,2,0.126,1488,1924
異人,2,0.126,1489,1924
乙卯春,2,0.126,1490,1924
所有衝動,2,0.126,1491,1924
引導,2,0.126,1492,1924
合致點,2,0.126,1493,1924
顯著,2,0.126,1494,1924
悲慘,2,0.126,1495,1924
奪取,2,0.126,1496,1924
至仁至慈,2,0.126,1497,1924
謳歌,2,0.126,1498,1924
創造衝動,2,0.126,1499,1924
非難,2,0.126,1500,1924
遍在,2,0.126,1501,1924
生四象,2,0.126,1502,1924
風俗,2,0.126,1503,1924
俗所謂,2,0.126,1504,1924
結繩,2,0.126,1505,1924
內在的,2,0.126,1506,1924
睡眠,2,0.126,1507,1924
禮樂刑政,2,0.126,1508,1924
腕力,2,0.126,1509,1924
乾燥無味,2,0.126,1510,1924
四千年,2,0.126,1511,1924
貢獻,2,0.126,1512,1924
疑惑,2,0.126,1513,1924
此懷疑不安,2,0.126,1514,1924
便利,2,0.126,1515,1924
兩儀,2,0.126,1516,1924
鍛鍊,2,0.126,1517,1924
歷史上,2,0.126,1518,1924
吾也,2,0.126,1519,1924
鬼神者,2,0.126,1520,1924
惡疾,2,0.126,1521,1924
生理,2,0.126,1522,1924
致命傷,2,0.126,1523,1924
知天地而無知鬼神,2,0.126,1524,1924
濟人疾病,2,0.126,1525,1924
無窮性的,2,0.126,1526,1924
默默,2,0.126,1527,1924
夭折,2,0.126,1528,1924
內有降話之敎,2,0.126,1529,1924
現在生活,2,0.126,1530,1924
大抵人間,2,0.126,1531,1924
惡慣習,2,0.126,1532,1924
分家,2,0.126,1533,1924
西歐,2,0.126,1534,1924
三大害惡,2,0.126,1535,1924
激烈,2,0.126,1536,1924
成就,2,0.126,1537,1924
超人論,2,0.126,1538,1924
時空,2,0.126,1539,1924
想起,2,0.126,1540,1924
奧底,2,0.126,1541,1924
第一性,2,0.126,1542,1924
奧殿中,2,0.126,1543,1924
余一個,2,0.126,1544,1924
虛僞假飾,2,0.126,1545,1924
喪失,2,0.126,1546,1924
適應,2,0.126,1547,1924
習慣性,2,0.126,1548,1924
學說上,2,0.126,1549,1924
自然界,2,0.126,1550,1924
慣習性,2,0.126,1551,1924
變形,2,0.126,1552,1924
日月,2,0.126,1553,1924
固定沉滯,2,0.126,1554,1924
永生不滅,2,0.126,1555,1924
惡弊,2,0.126,1556,1924
停滯,2,0.126,1557,1924
所學,2,0.126,1558,1924
俳優,2,0.126,1559,1924
種族偶像,2,0.126,1560,1924
明示,2,0.126,1561,1924
外來,2,0.126,1562,1924
個性我,2,0.126,1563,1924
微生物,2,0.126,1564,1924
範圍,2,0.126,1565,1924
一體,2,0.126,1566,1924
聖法,2,0.126,1567,1924
時期,2,0.126,1568,1924
前後,2,0.126,1569,1924
革命家,2,0.126,1570,1924
後世,2,0.126,1571,1924
病死,2,0.126,1572,1924
人病,2,0.126,1573,1924
現代制度,2,0.126,1574,1924
信仰心,2,0.126,1575,1924
差別的,2,0.126,1576,1924
妙境,2,0.126,1577,1924
衛生,2,0.126,1578,1924
大體,2,0.126,1579,1924
橫死,2,0.126,1580,1924
宣傳,2,0.126,1581,1924
分化,2,0.126,1582,1924
例擧,2,0.126,1583,1924
無窮的,2,0.126,1584,1924
大知力,2,0.126,1585,1924
遺傳的,2,0.126,1586,1924
善心,2,0.126,1587,1924
百歲,2,0.126,1588,1924
宗敎制度,2,0.126,1589,1924
體質,2,0.126,1590,1924
把持,2,0.126,1591,1924
神感,2,0.126,1592,1924
養成,2,0.126,1593,1924
土地,2,0.126,1594,1924
完然,2,0.126,1595,1924
一團,2,0.126,1596,1924
少數,2,0.126,1597,1924
不滅,2,0.126,1598,1924
國家政治,2,0.126,1599,1924
樹立,2,0.126,1600,1924
白紙,2,0.126,1601,1924
放置,2,0.126,1602,1924
特質,2,0.126,1603,1924
眞理上,2,0.126,1604,1924
內界,2,0.126,1605,1924
社會精神,2,0.126,1606,1924
主義實現,2,0.126,1607,1924
多神敎,2,0.126,1608,1924
苦魔,2,0.126,1609,1924
自然崇拜,2,0.126,1610,1924
弓弓,2,0.126,1611,1924
本來意思,2,0.126,1612,1924
其名,2,0.126,1613,1924
先師,2,0.126,1614,1924
天人,2,0.126,1615,1924
命名,2,0.126,1616,1924
消化,2,0.126,1617,1924
瞋恚,2,0.126,1618,1924
怨恨,2,0.126,1619,1924
人類自體,2,0.126,1620,1924
推移,2,0.126,1621,1924
何時,2,0.126,1622,1924
惰性,2,0.126,1623,1924
精進,2,0.126,1624,1924
神性的,2,0.126,1625,1924
不善,2,0.126,1626,1924
動搖,2,0.126,1627,1924
性情,2,0.126,1628,1924
蒼蒼,2,0.126,1629,1924
虛靈,2,0.126,1630,1924
善惡間,2,0.126,1631,1924
新生,2,0.126,1632,1924
浩然,2,0.126,1633,1924
手足動靜,2,0.126,1634,1924
虛僞的,2,0.126,1635,1924
誤謬,2,0.126,1636,1924
旣成的,2,0.126,1637,1924
固定的,2,0.126,1638,1924
老成期,2,0.126,1639,1924
氣化,2,0.126,1640,1924
直覺,2,0.126,1641,1924
不變不動,2,0.126,1642,1924
自生,2,0.126,1643,1924
工夫,2,0.126,1644,1924
反省,2,0.126,1645,1924
唯物觀,2,0.126,1646,1924
旣定,2,0.126,1647,1924
極度,2,0.126,1648,1924
弱点,2,0.126,1649,1924
劈頭,2,0.126,1650,1924
實例,2,0.126,1651,1924
不消化,2,0.126,1652,1924
關門,2,0.126,1653,1924
從容,2,0.126,1654,1924
神戀,2,0.126,1655,1924
源泉,2,0.126,1656,1924
亂絲,2,0.126,1657,1924
天上,2,0.126,1658,1924
大妙法,2,0.126,1659,1924
雜感,2,0.126,1660,1924
盲者,2,0.126,1661,1924
誠命,2,0.126,1662,1924
第一目的,2,0.126,1663,1924
移定,2,0.126,1664,1924
虛言,2,0.126,1665,1924
太半,2,0.126,1666,1924
屢述,2,0.126,1667,1924
犧牲,2,0.126,1668,1924
大定大信,2,0.126,1669,1924
芻狗,2,0.126,1670,1924
是等,2,0.126,1671,1924
轉輪,2,0.126,1672,1924
盲動,2,0.126,1673,1924
觀念下,2,0.126,1674,1924
顧吾心之明明,2,0.126,1675,1924
恰然,2,0.126,1676,1924
勤勉,2,0.126,1677,1924
我爲我而非他,2,0.126,1678,1924
塗炭,2,0.126,1679,1924
私慾,2,0.126,1680,1924
妄想,2,0.126,1681,1924
誠之所致,2,0.126,1682,1924
孔氏,2,0.126,1683,1924
斟酌,2,0.126,1684,1924
家庭,2,0.126,1685,1924
抽象的,2,0.126,1686,1924
執意,2,0.126,1687,1924
敬物,2,0.126,1688,1924
敬天,2,0.126,1689,1924
不畏,2,0.126,1690,1924
無罪地,2,0.126,1691,1924
不爲,2,0.126,1692,1924
恐縮,2,0.126,1693,1924
神政,2,0.126,1694,1924
天性,2,0.126,1695,1924
打破,2,0.126,1696,1924
往古,2,0.126,1697,1924
用處,2,0.126,1698,1924
唯物史觀,2,0.126,1699,1924
天然的,2,0.126,1700,1924
固定,2,0.126,1701,1924
社會主義的,2,0.126,1702,1924
屈從,2,0.126,1703,1924
空間,2,0.126,1704,1924
倫理上,2,0.126,1705,1924
制度上,2,0.126,1706,1924
一體一心,2,0.126,1707,1924
後節,2,0.126,1708,1924
他個我,2,0.126,1709,1924
覺醒,2,0.126,1710,1924
日本,2,0.126,1711,1924
協同生活,2,0.126,1712,1924
不外,2,0.126,1713,1924
因緣,2,0.126,1714,1924
捨近取遠,2,0.126,1715,1924
一指,2,0.126,1716,1924
責任上,2,0.126,1717,1924
擔任,2,0.126,1718,1924
評論,2,0.126,1719,1924
無善無惡,2,0.126,1720,1924
繁榮,2,0.126,1721,1924
三者,2,0.126,1722,1924
協同扶助,2,0.126,1723,1924
三個,2,0.126,1724,1924
忠孝,2,0.126,1725,1924
慈善,2,0.126,1726,1924
惡心,2,0.126,1727,1924
不良心,2,0.126,1728,1924
合算,2,0.126,1729,1924
浮雲,2,0.126,1730,1924
一絲不亂,2,0.126,1731,1924
運命上,2,0.126,1732,1924
深妙,2,0.126,1733,1924
全能,2,0.126,1734,1924
知者,2,0.126,1735,1924
技能,2,0.126,1736,1924
各個人,2,0.126,1737,1924
宿命觀,2,0.126,1738,1924
支持,2,0.126,1739,1924
萬有同化,2,0.126,1740,1924
天賦,2,0.126,1741,1924
保全,2,0.126,1742,1924
長平坑卒,2,0.126,1743,1924
大抵人間草木群生,2,0.126,1744,1924
害毒等,2,0.126,1745,1924
各人,2,0.126,1746,1924
動機說,2,0.126,1747,1924
修道,2,0.126,1748,1924
伴行,2,0.126,1749,1924
倫理的,2,0.126,1750,1924
現世的,2,0.126,1751,1924
不利,2,0.126,1752,1924
賞罰,2,0.126,1753,1924
宗敎上,2,0.126,1754,1924
功利,2,0.126,1755,1924
規則,2,0.126,1756,1924
暗暗,2,0.126,1757,1924
新動機,2,0.126,1758,1924
眞正永生,2,0.126,1759,1924
特立,2,0.126,1760,1924
先驗的,2,0.126,1761,1924
合世間的,2,0.126,1762,1924
人類愛,2,0.126,1763,1924
狹窄,2,0.126,1764,1924
靈能的,2,0.126,1765,1924
精神教育,2,0.126,1766,1924
德教,2,0.126,1767,1924
利害,2,0.126,1768,1924
不要,2,0.126,1769,1924
德敎,2,0.126,1770,1924
差異點,2,0.126,1771,1924
永世不忘萬事知,2,0.126,1772,1924
侍天主造化定,2,0.126,1773,1924
宇宙創造說,2,0.126,1774,1924
修行,2,0.126,1775,1924
敬畏,2,0.126,1776,1924
差別愛,2,0.126,1777,1924
啓示,2,0.126,1778,1924
無神敎,2,0.126,1779,1924
侵犯,2,0.126,1780,1924
大我,2,0.126,1781,1924
主我敎,2,0.126,1782,1924
沒我敎,2,0.126,1783,1924
附屬的,2,0.126,1784,1924
神人敎,2,0.126,1785,1924
缺乏,2,0.126,1786,1924
徹底的,2,0.126,1787,1924
因果律,2,0.126,1788,1924
災禍,2,0.126,1789,1924
最初,2,0.126,1790,1924
遺憾,2,0.126,1791,1924
神人的,2,0.126,1792,1924
神性我,2,0.126,1793,1924
現在生命,2,0.126,1794,1924
他組織,2,0.126,1795,1924
無何有,2,0.126,1796,1924
立憲,2,0.126,1797,1924
惟一神,2,0.126,1798,1924
長短,2,0.126,1799,1924
馬舍默,2,0.126,1800,1924
特異,2,0.126,1801,1924
性質上,2,0.126,1802,1924
有爲,2,0.126,1803,1924
火坑,2,0.126,1804,1924
伸張,2,0.126,1805,1924
防塞,2,0.126,1806,1924
調和,2,0.126,1807,1924
干涉,2,0.126,1808,1924
意志自由,2,0.126,1809,1924
不義,1,0.063,1810,1924
遠慮,1,0.063,1811,1924
一萬事,1,0.063,1812,1924
絶對値,1,0.063,1813,1924
幸福的,1,0.063,1814,1924
自己生存,1,0.063,1815,1924
人生七十,1,0.063,1816,1924
限度內,1,0.063,1817,1924
客館,1,0.063,1818,1924
度外,1,0.063,1819,1924
榮苦盛衰,1,0.063,1820,1924
其客館,1,0.063,1821,1924
暫時逗留,1,0.063,1822,1924
暫時客員,1,0.063,1823,1924
沒頭專心,1,0.063,1824,1924
一律,1,0.063,1825,1924
何暇,1,0.063,1826,1924
必要上,1,0.063,1827,1924
巖間,1,0.063,1828,1924
可足,1,0.063,1829,1924
範疇內,1,0.063,1830,1924
一書一行,1,0.063,1831,1924
永久不滅,1,0.063,1832,1924
永遠無窮,1,0.063,1833,1924
悲觀,1,0.063,1834,1924
世界觀,1,0.063,1835,1924
踪跡,1,0.063,1836,1924
生活準備,1,0.063,1837,1924
變革,1,0.063,1838,1924
千年,1,0.063,1839,1924
生命範圍,1,0.063,1840,1924
後代吾人,1,0.063,1841,1924
先代,1,0.063,1842,1924
向我設位法,1,0.063,1843,1924
變化法,1,0.063,1844,1924
不滅不盡,1,0.063,1845,1924
後思後則子孫存彼,1,0.063,1846,1924
我思我則父母在茲,1,0.063,1847,1924
卑近,1,0.063,1848,1924
大事實,1,0.063,1849,1924
目前,1,0.063,1850,1924
無窮源,1,0.063,1851,1924
人乃天欄,1,0.063,1852,1924
無限流,1,0.063,1853,1924
大邱,1,0.063,1854,1924
戲弄,1,0.063,1855,1924
即席,1,0.063,1856,1924
透視,1,0.063,1857,1924
伸縮,1,0.063,1858,1924
一大要件,1,0.063,1859,1924
融合一致,1,0.063,1860,1924
死後精靈,1,0.063,1861,1924
天人合一,1,0.063,1862,1924
向我設位,1,0.063,1863,1924
融合,1,0.063,1864,1924
特權上,1,0.063,1865,1924
特權階級,1,0.063,1866,1924
一宗敎,1,0.063,1867,1924
新經典,1,0.063,1868,1924
舊經典,1,0.063,1869,1924
毒鍼,1,0.063,1870,1924
優遊,1,0.063,1871,1924
其精神,1,0.063,1872,1924
默念良久,1,0.063,1873,1924
淸水,1,0.063,1874,1924
斬刑,1,0.063,1875,1924
化頭,1,0.063,1876,1924
接着,1,0.063,1877,1924
即時永生,1,0.063,1878,1924
其境涯,1,0.063,1879,1924
孜孜,1,0.063,1880,1924
靈肉一元,1,0.063,1881,1924
本來生死,1,0.063,1882,1924
經典解釋,1,0.063,1883,1924
多數的,1,0.063,1884,1924
保存上,1,0.063,1885,1924
地位,1,0.063,1886,1924
病根,1,0.063,1887,1924
病人,1,0.063,1888,1924
勇氣,1,0.063,1889,1924
討究,1,0.063,1890,1924
呪詛,1,0.063,1891,1924
呻吟,1,0.063,1892,1924
災難,1,0.063,1893,1924
聖神,1,0.063,1894,1924
世界宗敎,1,0.063,1895,1924
精神活動,1,0.063,1896,1924
美觀,1,0.063,1897,1924
不信,1,0.063,1898,1924
毛骨,1,0.063,1899,1924
過去宗敎,1,0.063,1900,1924
保守的,1,0.063,1901,1924
其物件,1,0.063,1902,1924
過信,1,0.063,1903,1924
建築,1,0.063,1904,1924
良屋,1,0.063,1905,1924
幸念,1,0.063,1906,1924
璞玉,1,0.063,1907,1924
念慮,1,0.063,1908,1924
餘望,1,0.063,1909,1924
病毒,1,0.063,1910,1924
假想的,1,0.063,1911,1924
大半以上,1,0.063,1912,1924
沒落,1,0.063,1913,1924
墮落,1,0.063,1914,1924
放縱的,1,0.063,1915,1924
根性,1,0.063,1916,1924
可矜,1,0.063,1917,1924
報酬,1,0.063,1918,1924
秋毫,1,0.063,1919,1924
可恐,1,0.063,1920,1924
不可避,1,0.063,1921,1924
決定的,1,0.063,1922,1924
世態,1,0.063,1923,1924
榮枯浮沈,1,0.063,1924,1924
輪回,1,0.063,1925,1924
節制,1,0.063,1926,1924
衣食,1,0.063,1927,1924
安穩,1,0.063,1928,1924
憤懣,1,0.063,1929,1924
築上,1,0.063,1930,1924
可入,1,0.063,1931,1924
善者,1,0.063,1932,1924
根本性,1,0.063,1933,1924
永久未來,1,0.063,1934,1924
修養談,1,0.063,1935,1924
一永久,1,0.063,1936,1924
眞脈,1,0.063,1937,1924
造出,1,0.063,1938,1924
美麗,1,0.063,1939,1924
自己本能,1,0.063,1940,1924
做出,1,0.063,1941,1924
羨慕,1,0.063,1942,1924
希求,1,0.063,1943,1924
祥瑞,1,0.063,1944,1924
疾病憂苦,1,0.063,1945,1924
夢幻,1,0.063,1946,1924
蓬萊方丈,1,0.063,1947,1924
新事實,1,0.063,1948,1924
美化,1,0.063,1949,1924
潛在事實,1,0.063,1950,1924
未來的,1,0.063,1951,1924
幻境,1,0.063,1952,1924
包圍,1,0.063,1953,1924
其事實,1,0.063,1954,1924
富貴者,1,0.063,1955,1924
貧賤者,1,0.063,1956,1924
社會組織,1,0.063,1957,1924
地獄,1,0.063,1958,1924
屢言,1,0.063,1959,1924
黎明期,1,0.063,1960,1924
其理想,1,0.063,1961,1924
後世子孫,1,0.063,1962,1924
出現,1,0.063,1963,1924
前途,1,0.063,1964,1924
根莖枝葉,1,0.063,1965,1924
花實,1,0.063,1966,1924
靈魂問題,1,0.063,1967,1924
生命上,1,0.063,1968,1924
處事如何,1,0.063,1969,1924
自繩自縛,1,0.063,1970,1924
磨鍊,1,0.063,1971,1924
一生發達,1,0.063,1972,1924
實現思想,1,0.063,1973,1924
綱領,1,0.063,1974,1924
諸種問題,1,0.063,1975,1924
本書,1,0.063,1976,1924
餘暇,1,0.063,1977,1924
詳細,1,0.063,1978,1924
隆遠深邃,1,0.063,1979,1924
三部,1,0.063,1980,1924
人類五千年,1,0.063,1981,1924
三大時期,1,0.063,1982,1924
空想時代,1,0.063,1983,1924
浮氣,1,0.063,1984,1924
確定,1,0.063,1985,1924
旺盛,1,0.063,1986,1924
血氣,1,0.063,1987,1924
現象上,1,0.063,1988,1924
力的,1,0.063,1989,1924
差別線上,1,0.063,1990,1924
平等線上,1,0.063,1991,1924
昔脫解,1,0.063,1992,1924
朴赫居世,1,0.063,1993,1924
新羅,1,0.063,1994,1924
高朱蒙,1,0.063,1995,1924
高句麗神話,1,0.063,1996,1924
桓雄,1,0.063,1997,1924
檀君神話,1,0.063,1998,1924
宗敎發達,1,0.063,1999,1924
實現主義,1,0.063,2000,1924
其初紀,1,0.063,2001,1924
常有,1,0.063,2002,1924
皆有,1,0.063,2003,1924
雷神,1,0.063,2004,1924
風神,1,0.063,2005,1924
日神,1,0.063,2006,1924
自然力,1,0.063,2007,1924
婆羅門,1,0.063,2008,1924
猶太,1,0.063,2009,1924
盤古氏及伏羲氏女媧氏,1,0.063,2010,1924
支那民族,1,0.063,2011,1924
末梢神經的,1,0.063,2012,1924
別途,1,0.063,2013,1924
超出,1,0.063,2014,1924
現身,1,0.063,2015,1924
人以上,1,0.063,2016,1924
中間,1,0.063,2017,1924
理想力,1,0.063,2018,1924
聖賢聖傑,1,0.063,2019,1924
蓬萊別境,1,0.063,2020,1924
英雄豪傑,1,0.063,2021,1924
最新的,1,0.063,2022,1924
履歷,1,0.063,2023,1924
現實主義,1,0.063,2024,1924
最新,1,0.063,2025,1924
享樂主義,1,0.063,2026,1924
今日主義,1,0.063,2027,1924
物質主義,1,0.063,2028,1924
先覺者,1,0.063,2029,1924
一員,1,0.063,2030,1924
聖傑其人,1,0.063,2031,1924
活躍,1,0.063,2032,1924
無窮者,1,0.063,2033,1924
現實其者,1,0.063,2034,1924
不求,1,0.063,2035,1924
實證論,1,0.063,2036,1924
自然科學萬能,1,0.063,2037,1924
中頃,1,0.063,2038,1924
前世紀,1,0.063,2039,1924
虛影,1,0.063,2040,1924
此時代,1,0.063,2041,1924
情熱時代,1,0.063,2042,1924
靑年期,1,0.063,2043,1924
活氣潑潑,1,0.063,2044,1924
二十歲前後,1,0.063,2045,1924
浪漫主義時代,1,0.063,2046,1924
佛蘭西革命後,1,0.063,2047,1924
歐洲最近思潮,1,0.063,2048,1924
壯年時期,1,0.063,2049,1924
三十前後,1,0.063,2050,1924
一生中,1,0.063,2051,1924
自然主義時代,1,0.063,2052,1924
煩悶,1,0.063,2053,1924
暗愁,1,0.063,2054,1924
舊來,1,0.063,2055,1924
現相,1,0.063,2056,1924
醜穢悲慘,1,0.063,2057,1924
世相,1,0.063,2058,1924
美夢,1,0.063,2059,1924
盛熾,1,0.063,2060,1924
一漸次,1,0.063,2061,1924
辛酸,1,0.063,2062,1924
四十歲前後,1,0.063,2063,1924
大勢,1,0.063,2064,1924
新時代,1,0.063,2065,1924
奮鬪,1,0.063,2066,1924
標準權威,1,0.063,2067,1924
挑出,1,0.063,2068,1924
決斷,1,0.063,2069,1924
懷疑不安,1,0.063,2070,1924
消失,1,0.063,2071,1924
直驗,1,0.063,2072,1924
唯一種,1,0.063,2073,1924
些少,1,0.063,2074,1924
機能,1,0.063,2075,1924
抱持,1,0.063,2076,1924
骨董品,1,0.063,2077,1924
老人,1,0.063,2078,1924
絕無,1,0.063,2079,1924
老年,1,0.063,2080,1924
其趣味,1,0.063,2081,1924
老熟老成,1,0.063,2082,1924
此頂點,1,0.063,2083,1924
頂點,1,0.063,2084,1924
人生最後圓熟,1,0.063,2085,1924
一當然,1,0.063,2086,1924
響導,1,0.063,2087,1924
一代民衆,1,0.063,2088,1924
一思想,1,0.063,2089,1924
物質界,1,0.063,2090,1924
奧妙,1,0.063,2091,1924
深遠且,1,0.063,2092,1924
直接自然人生,1,0.063,2093,1924
此新,1,0.063,2094,1924
懷疑煩悶,1,0.063,2095,1924
其趣異,1,0.063,2096,1924
唯一儒敎,1,0.063,2097,1924
基督敎信仰,1,0.063,2098,1924
新要求,1,0.063,2099,1924
舊思想,1,0.063,2100,1924
科學萬能思想,1,0.063,2101,1924
老衰,1,0.063,2102,1924
先般文藝復興期,1,0.063,2103,1924
懷疑思想,1,0.063,2104,1924
起力,1,0.063,2105,1924
其任,1,0.063,2106,1924
廓淸刷新,1,0.063,2107,1924
沈滯,1,0.063,2108,1924
溝中,1,0.063,2109,1924
磅礴,1,0.063,2110,1924
連帶性的,1,0.063,2111,1924
生存力,1,0.063,2112,1924
遠心力,1,0.063,2113,1924
求心力,1,0.063,2114,1924
牽引,1,0.063,2115,1924
回轉,1,0.063,2116,1924
輓近以來,1,0.063,2117,1924
物質機械主義,1,0.063,2118,1924
科學萬能主義,1,0.063,2119,1924
可謂,1,0.063,2120,1924
至大,1,0.063,2121,1924
聯通,1,0.063,2122,1924
元力,1,0.063,2123,1924
現代思潮,1,0.063,2124,1924
大現實,1,0.063,2125,1924
現實中,1,0.063,2126,1924
憂慮,1,0.063,2127,1924
混沌,1,0.063,2128,1924
嗚呼,1,0.063,2129,1924
淆薄,1,0.063,2130,1924
民心,1,0.063,2131,1924
紛亂,1,0.063,2132,1924
生脈,1,0.063,2133,1924
存在及力,1,0.063,2134,1924
近代科學萬能主義,1,0.063,2135,1924
希臘,1,0.063,2136,1924
西洋古代,1,0.063,2137,1924
構成原因,1,0.063,2138,1924
金木水火土五行,1,0.063,2139,1924
東洋思想,1,0.063,2140,1924
現象及力,1,0.063,2141,1924
存在及作用,1,0.063,2142,1924
流通,1,0.063,2143,1924
情眠,1,0.063,2144,1924
不通點,1,0.063,2145,1924
親合,1,0.063,2146,1924
至妙不可思議,1,0.063,2147,1924
極微分子,1,0.063,2148,1924
終乃,1,0.063,2149,1924
分子作用說,1,0.063,2150,1924
哲學者,1,0.063,2151,1924
千律一篇,1,0.063,2152,1924
情操,1,0.063,2153,1924
熱烈,1,0.063,2154,1924
靑年時期,1,0.063,2155,1924
感情中,1,0.063,2156,1924
分子化學的,1,0.063,2157,1924
諒解,1,0.063,2158,1924
第二點,1,0.063,2159,1924
撞着,1,0.063,2160,1924
追要,1,0.063,2161,1924
實踐,1,0.063,2162,1924
世上的,1,0.063,2163,1924
體顯,1,0.063,2164,1924
純粹唯心的,1,0.063,2165,1924
推理,1,0.063,2166,1924
本能二字,1,0.063,2167,1924
結網,1,0.063,2168,1924
蜘蛛,1,0.063,2169,1924
可驚,1,0.063,2170,1924
其動作,1,0.063,2171,1924
力能,1,0.063,2172,1924
改造的,1,0.063,2173,1924
沒覺,1,0.063,2174,1924
唯心論者,1,0.063,2175,1924
弊端,1,0.063,2176,1924
彼唯物論,1,0.063,2177,1924
精神力,1,0.063,2178,1924
其實質,1,0.063,2179,1924
存在根據,1,0.063,2180,1924
各其確然分立,1,0.063,2181,1924
絶對獨立,1,0.063,2182,1924
並行不悖,1,0.063,2183,1924
兩爾,1,0.063,2184,1924
一偏,1,0.063,2185,1924
各一條,1,0.063,2186,1924
明確,1,0.063,2187,1924
肉體存在,1,0.063,2188,1924
蟄虫的,1,0.063,2189,1924
自心,1,0.063,2190,1924
幻影,1,0.063,2191,1924
虛像,1,0.063,2192,1924
圓融永遠的,1,0.063,2193,1924
抽象,1,0.063,2194,1924
實體,1,0.063,2195,1924
實在海上,1,0.063,2196,1924
海水,1,0.063,2197,1924
宇宙萬象,1,0.063,2198,1924
此唯一,1,0.063,2199,1924
兩側面,1,0.063,2200,1924
一理,1,0.063,2201,1924
二個,1,0.063,2202,1924
實存,1,0.063,2203,1924
五十歲,1,0.063,2204,1924
展開,1,0.063,2205,1924
實在變,1,0.063,2206,1924
又變,1,0.063,2207,1924
圓融的,1,0.063,2208,1924
覺破,1,0.063,2209,1924
實在論,1,0.063,2210,1924
莊叟,1,0.063,2211,1924
其物,1,0.063,2212,1924
其物體,1,0.063,2213,1924
戊己,1,0.063,2214,1924
現在戊己,1,0.063,2215,1924
全圓形,1,0.063,2216,1924
前頁其者,1,0.063,2217,1924
非實在的,1,0.063,2218,1924
轉換,1,0.063,2219,1924
七十頁,1,0.063,2220,1924
書物全體,1,0.063,2221,1924
無限實在,1,0.063,2222,1924
實在體,1,0.063,2223,1924
活精體,1,0.063,2224,1924
物質兩眞理,1,0.063,2225,1924
萬處,1,0.063,2226,1924
地球全體,1,0.063,2227,1924
東西,1,0.063,2228,1924
恒常處,1,0.063,2229,1924
旅行,1,0.063,2230,1924
此處彼處,1,0.063,2231,1924
通觀,1,0.063,2232,1924
全時間全體,1,0.063,2233,1924
崇拜時代,1,0.063,2234,1924
一神的,1,0.063,2235,1924
降伏的,1,0.063,2236,1924
盛衰榮枯,1,0.063,2237,1924
大宗敎,1,0.063,2238,1924
實在性,1,0.063,2239,1924
看來,1,0.063,2240,1924
事事天,1,0.063,2241,1924
物物天,1,0.063,2242,1924
實在中,1,0.063,2243,1924
實在主義,1,0.063,2244,1924
信仰力,1,0.063,2245,1924
一神主義,1,0.063,2246,1924
汎神主義,1,0.063,2247,1924
看破,1,0.063,2248,1924
敎體,1,0.063,2249,1924
人格性,1,0.063,2250,1924
應用主義,1,0.063,2251,1924
泡幻虛影,1,0.063,2252,1924
進退,1,0.063,2253,1924
惡魔,1,0.063,2254,1924
精神要素,1,0.063,2255,1924
統一作用,1,0.063,2256,1924
原力,1,0.063,2257,1924
空所,1,0.063,2258,1924
其法則,1,0.063,2259,1924
一般生物,1,0.063,2260,1924
刹那刹那,1,0.063,2261,1924
大義,1,0.063,2262,1924
實現的,1,0.063,2263,1924
調整,1,0.063,2264,1924
一定不亂,1,0.063,2265,1924
一般欲動,1,0.063,2266,1924
批判,1,0.063,2267,1924
公平,1,0.063,2268,1924
滋養物,1,0.063,2269,1924
平均,1,0.063,2270,1924
其中心点,1,0.063,2271,1924
主權,1,0.063,2272,1924
一國家,1,0.063,2273,1924
一團體,1,0.063,2274,1924
特性,1,0.063,2275,1924
繼續運動,1,0.063,2276,1924
自己所定,1,0.063,2277,1924
其自覺,1,0.063,2278,1924
究竟原理,1,0.063,2279,1924
同一人類,1,0.063,2280,1924
高等的,1,0.063,2281,1924
下等,1,0.063,2282,1924
伸長,1,0.063,2283,1924
大目的,1,0.063,2284,1924
畢竟種子,1,0.063,2285,1924
其枝,1,0.063,2286,1924
繼續的,1,0.063,2287,1924
偏說,1,0.063,2288,1924
今日通過,1,0.063,2289,1924
純物質觀,1,0.063,2290,1924
時針,1,0.063,2291,1924
時計,1,0.063,2292,1924
動輒時計,1,0.063,2293,1924
所造,1,0.063,2294,1924
純物質論,1,0.063,2295,1924
同一視,1,0.063,2296,1924
巨海喬嶽,1,0.063,2297,1924
暴風迅雷,1,0.063,2298,1924
理解,1,0.063,2299,1924
萬有自然現象,1,0.063,2300,1924
相敵,1,0.063,2301,1924
魔力,1,0.063,2302,1924
障礙,1,0.063,2303,1924
沒常識者,1,0.063,2304,1924
確認,1,0.063,2305,1924
方向,1,0.063,2306,1924
其欲動,1,0.063,2307,1924
科學論,1,0.063,2308,1924
常人,1,0.063,2309,1924
其動機,1,0.063,2310,1924
其發生,1,0.063,2311,1924
其生命自體,1,0.063,2312,1924
一種不可思議,1,0.063,2313,1924
災害,1,0.063,2314,1924
惡獸,1,0.063,2315,1924
洪水,1,0.063,2316,1924
合理的,1,0.063,2317,1924
此說,1,0.063,2318,1924
證明的,1,0.063,2319,1924
變動說,1,0.063,2320,1924
究竟的,1,0.063,2321,1924
此兩種,1,0.063,2322,1924
生命移轉說,1,0.063,2323,1924
天體,1,0.063,2324,1924
星球,1,0.063,2325,1924
他天體,1,0.063,2326,1924
本來高度,1,0.063,2327,1924
可當性,1,0.063,2328,1924
冷却,1,0.063,2329,1924
他界移轉說,1,0.063,2330,1924
極限熱度,1,0.063,2331,1924
最初微生物,1,0.063,2332,1924
大難題,1,0.063,2333,1924
整然,1,0.063,2334,1924
漸次不完全,1,0.063,2335,1924
最下等動物,1,0.063,2336,1924
進化歷史,1,0.063,2337,1924
溯考,1,0.063,2338,1924
階程,1,0.063,2339,1924
系統,1,0.063,2340,1924
大基礎,1,0.063,2341,1924
現勢力,1,0.063,2342,1924
潛勢力,1,0.063,2343,1924
境遇形便,1,0.063,2344,1924
漸次下降,1,0.063,2345,1924
覺在,1,0.063,2346,1924
潛在理氣,1,0.063,2347,1924
醱酵力,1,0.063,2348,1924
創造化,1,0.063,2349,1924
地球其者,1,0.063,2350,1924
最初發生,1,0.063,2351,1924
裏心,1,0.063,2352,1924
突然發生,1,0.063,2353,1924
刹那,1,0.063,2354,1924
無限努力,1,0.063,2355,1924
他下等動物,1,0.063,2356,1924
力經,1,0.063,2357,1924
陸生物,1,0.063,2358,1924
水生物,1,0.063,2359,1924
蓄積,1,0.063,2360,1924
滋味,1,0.063,2361,1924
術策,1,0.063,2362,1924
虛無的,1,0.063,2363,1924
億萬劫,1,0.063,2364,1924
無極以前,1,0.063,2365,1924
生命自體,1,0.063,2366,1924
肉體生活,1,0.063,2367,1924
反覆思量,1,0.063,2368,1924
默然,1,0.063,2369,1924
兆朕,1,0.063,2370,1924
將次一人,1,0.063,2371,1924
吾人現在,1,0.063,2372,1924
無限發達,1,0.063,2373,1924
發生及成長,1,0.063,2374,1924
至無,1,0.063,2375,1924
充分,1,0.063,2376,1924
幼兒,1,0.063,2377,1924
解示,1,0.063,2378,1924
地球上,1,0.063,2379,1924
論及,1,0.063,2380,1924
暫間,1,0.063,2381,1924
宗敎性,1,0.063,2382,1924
潛在,1,0.063,2383,1924
吾一心,1,0.063,2384,1924
吾一身,1,0.063,2385,1924
果然全知全能,1,0.063,2386,1924
經歷,1,0.063,2387,1924
周密,1,0.063,2388,1924
印象,1,0.063,2389,1924
傳感,1,0.063,2390,1924
自然的,1,0.063,2391,1924
天地宇宙萬有現象,1,0.063,2392,1924
攝取力,1,0.063,2393,1924
他植物,1,0.063,2394,1924
純全,1,0.063,2395,1924
他星體,1,0.063,2396,1924
目睹,1,0.063,2397,1924
關係的,1,0.063,2398,1924
總根本,1,0.063,2399,1924
理義,1,0.063,2400,1924
推斷,1,0.063,2401,1924
生命問題,1,0.063,2402,1924
前幾條,1,0.063,2403,1924
此論,1,0.063,2404,1924
廣博,1,0.063,2405,1924
意識觀,1,0.063,2406,1924
人體,1,0.063,2407,1924
臆斷者,1,0.063,2408,1924
暴棄,1,0.063,2409,1924
水火,1,0.063,2410,1924
岩上,1,0.063,2411,1924
表顯的,1,0.063,2412,1924
攝取,1,0.063,2413,1924
日光,1,0.063,2414,1924
地力,1,0.063,2415,1924
知覺的,1,0.063,2416,1924
高等植物,1,0.063,2417,1924
他動物中,1,0.063,2418,1924
他動物間,1,0.063,2419,1924
組織上,1,0.063,2420,1924
怜悧,1,0.063,2421,1924
其間,1,0.063,2422,1924
萬象,1,0.063,2423,1924
連鎖,1,0.063,2424,1924
正路,1,0.063,2425,1924
容喙,1,0.063,2426,1924
生產,1,0.063,2427,1924
微粒,1,0.063,2428,1924
水晶,1,0.063,2429,1924
物理學者,1,0.063,2430,1924
懸殊,1,0.063,2431,1924
金石,1,0.063,2432,1924
功効,1,0.063,2433,1924
活用,1,0.063,2434,1924
被驅,1,0.063,2435,1924
靑年男女,1,0.063,2436,1924
向背,1,0.063,2437,1924
主國,1,0.063,2438,1924
兩心,1,0.063,2439,1924
愛惡,1,0.063,2440,1924
兩力,1,0.063,2441,1924
拒吸,1,0.063,2442,1924
愛憎心,1,0.063,2443,1924
兩個,1,0.063,2444,1924
化合,1,0.063,2445,1924
占領,1,0.063,2446,1924
自性,1,0.063,2447,1924
稀罕,1,0.063,2448,1924
性心,1,0.063,2449,1924
一分,1,0.063,2450,1924
百穀,1,0.063,2451,1924
花草,1,0.063,2452,1924
荒蕪地,1,0.063,2453,1924
廣潤,1,0.063,2454,1924
默想,1,0.063,2455,1924
靜然,1,0.063,2456,1924
原子界,1,0.063,2457,1924
熱狂,1,0.063,2458,1924
以內,1,0.063,2459,1924
丙線,1,0.063,2460,1924
植物性,1,0.063,2461,1924
乙線,1,0.063,2462,1924
甲線,1,0.063,2463,1924
甲乙丙丁戊,1,0.063,2464,1924
性法,1,0.063,2465,1924
有機物性,1,0.063,2466,1924
無機物性,1,0.063,2467,1924
加減,1,0.063,2468,1924
宇宙性,1,0.063,2469,1924
密接,1,0.063,2470,1924
遊戱場,1,0.063,2471,1924
冥想的,1,0.063,2472,1924
達人,1,0.063,2473,1924
無證據,1,0.063,2474,1924
無根底,1,0.063,2475,1924
無窮界,1,0.063,2476,1924
緣由,1,0.063,2477,1924
甲乙丙丁,1,0.063,2478,1924
經路,1,0.063,2479,1924
動物性界,1,0.063,2480,1924
植物性界,1,0.063,2481,1924
無機物界,1,0.063,2482,1924
廣大無量界,1,0.063,2483,1924
丙乙甲,1,0.063,2484,1924
物理學,1,0.063,2485,1924
其物質,1,0.063,2486,1924
唯物論者,1,0.063,2487,1924
空函,1,0.063,2488,1924
寶玉,1,0.063,2489,1924
再顯,1,0.063,2490,1924
會前,1,0.063,2491,1924
耳朶,1,0.063,2492,1924
反芻,1,0.063,2493,1924
反芻類,1,0.063,2494,1924
大本源,1,0.063,2495,1924
近代發達,1,0.063,2496,1924
所爲,1,0.063,2497,1924
作用的,1,0.063,2498,1924
物質論者,1,0.063,2499,1924
到底默認,1,0.063,2500,1924
所關,1,0.063,2501,1924
分子運動,1,0.063,2502,1924
現代進步,1,0.063,2503,1924
不無,1,0.063,2504,1924
分子運動作用,1,0.063,2505,1924
精神現象,1,0.063,2506,1924
自由運動,1,0.063,2507,1924
鳥卵中,1,0.063,2508,1924
耳目,1,0.063,2509,1924
蛋白質,1,0.063,2510,1924
鳥卵一個,1,0.063,2511,1924
肉體完成以前,1,0.063,2512,1924
本來內的,1,0.063,2513,1924
血精,1,0.063,2514,1924
極微,1,0.063,2515,1924
母胎內,1,0.063,2516,1924
況等,1,0.063,2517,1924
荷子種,1,0.063,2518,1924
一粒,1,0.063,2519,1924
表面分撫摩,1,0.063,2520,1924
照部學,1,0.063,2521,1924
進化理法,1,0.063,2522,1924
結論,1,0.063,2523,1924
實在其者,1,0.063,2524,1924
古代人,1,0.063,2525,1924
詳論,1,0.063,2526,1924
物質及精神作用,1,0.063,2527,1924
一大活精,1,0.063,2528,1924
結局全宇宙,1,0.063,2529,1924
其實實在,1,0.063,2530,1924
生命其者,1,0.063,2531,1924
衰弱,1,0.063,2532,1924
發作用,1,0.063,2533,1924
一個美麗,1,0.063,2534,1924
孵化,1,0.063,2535,1924
神話其者,1,0.063,2536,1924
認識學的,1,0.063,2537,1924
三界唯心,1,0.063,2538,1924
創造說,1,0.063,2539,1924
認識論說,1,0.063,2540,1924
論理,1,0.063,2541,1924
宇宙發生,1,0.063,2542,1924
全存在,1,0.063,2543,1924
一大法性,1,0.063,2544,1924
靈魂存在,1,0.063,2545,1924
著明,1,0.063,2546,1924
冥保,1,0.063,2547,1924
死後,1,0.063,2548,1924
記憶保存,1,0.063,2549,1924
現在意識內,1,0.063,2550,1924
固一定不變,1,0.063,2551,1924
一過去,1,0.063,2552,1924
過去及未來,1,0.063,2553,1924
一層高尙,1,0.063,2554,1924
長所,1,0.063,2555,1924
扶持,1,0.063,2556,1924
除滅,1,0.063,2557,1924
吾人人類,1,0.063,2558,1924
各其宗敎,1,0.063,2559,1924
其故,1,0.063,2560,1924
古風論,1,0.063,2561,1924
進化其者,1,0.063,2562,1924
綽綽有餘,1,0.063,2563,1924
其肉體上,1,0.063,2564,1924
一節中,1,0.063,2565,1924
詳說,1,0.063,2566,1924
進化過程,1,0.063,2567,1924
圖謀,1,0.063,2568,1924
現在以上,1,0.063,2569,1924
野蠻,1,0.063,2570,1924
具存,1,0.063,2571,1924
我身,1,0.063,2572,1924
過去的,1,0.063,2573,1924
他道,1,0.063,2574,1924
大手段,1,0.063,2575,1924
根絶,1,0.063,2576,1924
降伏,1,0.063,2577,1924
擡頭,1,0.063,2578,1924
粗食,1,0.063,2579,1924
他動物狀態,1,0.063,2580,1924
機關,1,0.063,2581,1924
小腸,1,0.063,2582,1924
調査,1,0.063,2583,1924
過去動物,1,0.063,2584,1924
其理由,1,0.063,2585,1924
盲腸炎,1,0.063,2586,1924
迅速,1,0.063,2587,1924
慾望,1,0.063,2588,1924
情慾,1,0.063,2589,1924
著大,1,0.063,2590,1924
病狀,1,0.063,2591,1924
枯物,1,0.063,2592,1924
所業,1,0.063,2593,1924
漸次自己,1,0.063,2594,1924
料理法,1,0.063,2595,1924
料理,1,0.063,2596,1924
火食,1,0.063,2597,1924
破滅,1,0.063,2598,1924
勝利,1,0.063,2599,1924
人類生殖慾,1,0.063,2600,1924
相殺,1,0.063,2601,1924
移民,1,0.063,2602,1924
他領土,1,0.063,2603,1924
政府,1,0.063,2604,1924
各國,1,0.063,2605,1924
植民政策,1,0.063,2606,1924
相食,1,0.063,2607,1924
生殖,1,0.063,2608,1924
矛盾生活,1,0.063,2609,1924
人類自家,1,0.063,2610,1924
對敵,1,0.063,2611,1924
繁盛,1,0.063,2612,1924
生存競爭,1,0.063,2613,1924
對自然的,1,0.063,2614,1924
支那哲學,1,0.063,2615,1924
其過程,1,0.063,2616,1924
一部階段,1,0.063,2617,1924
又人類,1,0.063,2618,1924
現在在人類,1,0.063,2619,1924
超人說,1,0.063,2620,1924
解釋上,1,0.063,2621,1924
可否,1,0.063,2622,1924
此兩說,1,0.063,2623,1924
卦氏,1,0.063,2624,1924
無制限生殖,1,0.063,2625,1924
提起,1,0.063,2626,1924
產兒制限問題,1,0.063,2627,1924
今日米國,1,0.063,2628,1924
人口增殖,1,0.063,2629,1924
理化學,1,0.063,2630,1924
生理學,1,0.063,2631,1924
一新階級,1,0.063,2632,1924
數字上,1,0.063,2633,1924
猿類階級,1,0.063,2634,1924
今日萬有現象,1,0.063,2635,1924
漸次複雜,1,0.063,2636,1924
四階段,1,0.063,2637,1924
人道正義,1,0.063,2638,1924
應用問題,1,0.063,2639,1924
哲理中,1,0.063,2640,1924
期圖,1,0.063,2641,1924
無窮完成,1,0.063,2642,1924
本來神,1,0.063,2643,1924
自己創造力,1,0.063,2644,1924
終結,1,0.063,2645,1924
達成,1,0.063,2646,1924
神自己,1,0.063,2647,1924
宏大,1,0.063,2648,1924
不神聖,1,0.063,2649,1924
感能,1,0.063,2650,1924
理論的,1,0.063,2651,1924
事實證明,1,0.063,2652,1924
豫定,1,0.063,2653,1924
雄壯,1,0.063,2654,1924
運數,1,0.063,2655,1924
得意,1,0.063,2656,1924
開闢以後,1,0.063,2657,1924
神人關係,1,0.063,2658,1924
第四章,1,0.063,2659,1924
省略,1,0.063,2660,1924
人乃天目的篇,1,0.063,2661,1924
便利上,1,0.063,2662,1924
實現觀,1,0.063,2663,1924
諸問題,1,0.063,2664,1924
自己無功,1,0.063,2665,1924
至誠至信,1,0.063,2666,1924
至仁至愛,1,0.063,2667,1924
遺感,1,0.063,2668,1924
自己目的,1,0.063,2669,1924
最終,1,0.063,2670,1924
率直,1,0.063,2671,1924
營營孳孳,1,0.063,2672,1924
天文學,1,0.063,2673,1924
處事,1,0.063,2674,1924
用心,1,0.063,2675,1924
期待,1,0.063,2676,1924
最後目的,1,0.063,2677,1924
天道敎信仰,1,0.063,2678,1924
宇宙進化,1,0.063,2679,1924
成熟,1,0.063,2680,1924
發芽,1,0.063,2681,1924
兒童,1,0.063,2682,1924
人物事業,1,0.063,2683,1924
大地自然,1,0.063,2684,1924
因果的,1,0.063,2685,1924
委託,1,0.063,2686,1924
將次,1,0.063,2687,1924
一聞,1,0.063,2688,1924
相合,1,0.063,2689,1924
有神論,1,0.063,2690,1924
聰不聰,1,0.063,2691,1924
無神論者,1,0.063,2692,1924
動輒,1,0.063,2693,1924
局外者,1,0.063,2694,1924
要義,1,0.063,2695,1924
無窮無限,1,0.063,2696,1924
全性格,1,0.063,2697,1924
桃子種,1,0.063,2698,1924
第一章,1,0.063,2699,1924
共通點,1,0.063,2700,1924
人國,1,0.063,2701,1924
全意思,1,0.063,2702,1924
全成,1,0.063,2703,1924
神全體,1,0.063,2704,1924
緖言,1,0.063,2705,1924
見解,1,0.063,2706,1924
人的,1,0.063,2707,1924
善謀,1,0.063,2708,1924
立脚,1,0.063,2709,1924
人像,1,0.063,2710,1924
彫刻家,1,0.063,2711,1924
恒久不變,1,0.063,2712,1924
一如眞妙,1,0.063,2713,1924
野蠻人,1,0.063,2714,1924
絕仁棄義,1,0.063,2715,1924
根本面目,1,0.063,2716,1924
民復孝慈,1,0.063,2717,1924
因習上,1,0.063,2718,1924
抱腹絕倒,1,0.063,2719,1924
絕巧棄利,1,0.063,2720,1924
盜賊無有,1,0.063,2721,1924
造化翁,1,0.063,2722,1924
探賞的,1,0.063,2723,1924
制度組織,1,0.063,2724,1924
外部的,1,0.063,2725,1924
聖及賢,1,0.063,2726,1924
自由平等,1,0.063,2727,1924
一致点,1,0.063,2728,1924
貫通,1,0.063,2729,1924
理由下,1,0.063,2730,1924
見地,1,0.063,2731,1924
先存的,1,0.063,2732,1924
人類全個體,1,0.063,2733,1924
純一,1,0.063,2734,1924
甲乙,1,0.063,2735,1924
知行的,1,0.063,2736,1924
思索的,1,0.063,2737,1924
智的,1,0.063,2738,1924
理知,1,0.063,2739,1924
同腐,1,0.063,2740,1924
全躍動,1,0.063,2741,1924
草木,1,0.063,2742,1924
想像的,1,0.063,2743,1924
眞自由,1,0.063,2744,1924
一個人的,1,0.063,2745,1924
個個,1,0.063,2746,1924
一肉體,1,0.063,2747,1924
統一性,1,0.063,2748,1924
混合體,1,0.063,2749,1924
山脈,1,0.063,2750,1924
總精神,1,0.063,2751,1924
道則天道,1,0.063,2752,1924
宇宙本來,1,0.063,2753,1924
一語,1,0.063,2754,1924
過汝成功,1,0.063,2755,1924
生起,1,0.063,2756,1924
理想域,1,0.063,2757,1924
生活狀態,1,0.063,2758,1924
純然,1,0.063,2759,1924
第三章,1,0.063,2760,1924
靈能發揮,1,0.063,2761,1924
別名,1,0.063,2762,1924
內部的,1,0.063,2763,1924
探賞,1,0.063,2764,1924
望遠鏡,1,0.063,2765,1924
鑑賞,1,0.063,2766,1924
不悖,1,0.063,2767,1924
宗敎學者,1,0.063,2768,1924
訴求,1,0.063,2769,1924
先哲,1,0.063,2770,1924
全群,1,0.063,2771,1924
大集成,1,0.063,2772,1924
靈化,1,0.063,2773,1924
思料,1,0.063,2774,1924
道理,1,0.063,2775,1924
醇化,1,0.063,2776,1924
常事,1,0.063,2777,1924
理想化,1,0.063,2778,1924
信仰體,1,0.063,2779,1924
新舊古今,1,0.063,2780,1924
布施,1,0.063,2781,1924
新舊,1,0.063,2782,1924
德則天德,1,0.063,2783,1924
自己存在,1,0.063,2784,1924
社會人類,1,0.063,2785,1924
唱道,1,0.063,2786,1924
倫理道德,1,0.063,2787,1924
援助,1,0.063,2788,1924
人類群,1,0.063,2789,1924
朋友,1,0.063,2790,1924
後章布德,1,0.063,2791,1924
倫理,1,0.063,2792,1924
自己性無窮,1,0.063,2793,1924
大德量,1,0.063,2794,1924
先驗,1,0.063,2795,1924
萬有出生,1,0.063,2796,1924
天地無窮,1,0.063,2797,1924
大法,1,0.063,2798,1924
求索,1,0.063,2799,1924
全機械,1,0.063,2800,1924
其影響,1,0.063,2801,1924
通考,1,0.063,2802,1924
機械中,1,0.063,2803,1924
全要,1,0.063,2804,1924
數萬馬力,1,0.063,2805,1924
七種,1,0.063,2806,1924
喜怒哀樂,1,0.063,2807,1924
直接關係,1,0.063,2808,1924
生活關係,1,0.063,2809,1924
白頭山,1,0.063,2810,1924
諸恒星,1,0.063,2811,1924
主山,1,0.063,2812,1924
諸般,1,0.063,2813,1924
分派,1,0.063,2814,1924
全自然,1,0.063,2815,1924
心證,1,0.063,2816,1924
隱密,1,0.063,2817,1924
未發見,1,0.063,2818,1924
千枝萬葉,1,0.063,2819,1924
全範圍,1,0.063,2820,1924
萬有共通,1,0.063,2821,1924
衰頹,1,0.063,2822,1924
或儒,1,0.063,2823,1924
一出世後,1,0.063,2824,1924
相支,1,0.063,2825,1924
互相連絡,1,0.063,2826,1924
引力,1,0.063,2827,1924
哲學思想,1,0.063,2828,1924
眞理信仰,1,0.063,2829,1924
間接,1,0.063,2830,1924
交換,1,0.063,2831,1924
拿破倫,1,0.063,2832,1924
亞歷山大王,1,0.063,2833,1924
秦始皇,1,0.063,2834,1924
所產,1,0.063,2835,1924
自利的,1,0.063,2836,1924
强力,1,0.063,2837,1924
至今,1,0.063,2838,1924
全世界,1,0.063,2839,1924
大精神,1,0.063,2840,1924
分類,1,0.063,2841,1924
個體性格,1,0.063,2842,1924
汎社會的,1,0.063,2843,1924
釋迦基督,1,0.063,2844,1924
部落生活,1,0.063,2845,1924
家庭生活,1,0.063,2846,1924
社交的,1,0.063,2847,1924
世界統一,1,0.063,2848,1924
世界大戰,1,0.063,2849,1924
人類個性,1,0.063,2850,1924
人與物,1,0.063,2851,1924
道德主義,1,0.063,2852,1924
即汝心,1,0.063,2853,1924
暴力,1,0.063,2854,1924
軍國主義,1,0.063,2855,1924
帝國主義,1,0.063,2856,1924
代表主義者,1,0.063,2857,1924
始祖,1,0.063,2858,1924
歷代,1,0.063,2859,1924
二十一日,1,0.063,2860,1924
依據,1,0.063,2861,1924
人類本性,1,0.063,2862,1924
眼中,1,0.063,2863,1924
問答,1,0.063,2864,1924
補充,1,0.063,2865,1924
每每事事,1,0.063,2866,1924
新式的人物,1,0.063,2867,1924
代身,1,0.063,2868,1924
廢物,1,0.063,2869,1924
舊式的人物,1,0.063,2870,1924
二十日,1,0.063,2871,1924
平等上,1,0.063,2872,1924
物質生活,1,0.063,2873,1924
重大要件,1,0.063,2874,1924
六個年,1,0.063,2875,1924
同思想,1,0.063,2876,1924
均等,1,0.063,2877,1924
唯物史,1,0.063,2878,1924
實際家,1,0.063,2879,1924
兩兩,1,0.063,2880,1924
道德平等主義,1,0.063,2881,1924
最良,1,0.063,2882,1924
社會平等主義,1,0.063,2883,1924
思建,1,0.063,2884,1924
盟誓,1,0.063,2885,1924
新精神主義,1,0.063,2886,1924
不出山外,1,0.063,2887,1924
現代的,1,0.063,2888,1924
不意四月,1,0.063,2889,1924
聖雄,1,0.063,2890,1924
現狀,1,0.063,2891,1924
底止,1,0.063,2892,1924
其勢,1,0.063,2893,1924
文字,1,0.063,2894,1924
一覺,1,0.063,2895,1924
一體原理,1,0.063,2896,1924
一大發明,1,0.063,2897,1924
文得,1,0.063,2898,1924
大道程,1,0.063,2899,1924
並行,1,0.063,2900,1924
兩大,1,0.063,2901,1924
心法下,1,0.063,2902,1924
神人根本,1,0.063,2903,1924
一體一心主義,1,0.063,2904,1924
實在論上,1,0.063,2905,1924
姊妹,1,0.063,2906,1924
可愛,1,0.063,2907,1924
躍起,1,0.063,2908,1924
圖得,1,0.063,2909,1924
新幸福,1,0.063,2910,1924
同歸,1,0.063,2911,1924
覺心,1,0.063,2912,1924
大事件,1,0.063,2913,1924
不在,1,0.063,2914,1924
盛旺,1,0.063,2915,1924
創造心,1,0.063,2916,1924
一般民衆,1,0.063,2917,1924
質在體,1,0.063,2918,1924
退化,1,0.063,2919,1924
初頭,1,0.063,2920,1924
旣成,1,0.063,2921,1924
旣有,1,0.063,2922,1924
悅然,1,0.063,2923,1924
發微,1,0.063,2924,1924
視之不見,1,0.063,2925,1924
外有接靈之氣,1,0.063,2926,1924
身多戰寒,1,0.063,2927,1924
萬有引力,1,0.063,2928,1924
不祥事,1,0.063,2929,1924
爭奪的,1,0.063,2930,1924
創造欲望,1,0.063,2931,1924
藝術,1,0.063,2932,1924
寒毒,1,0.063,2933,1924
多受,1,0.063,2934,1924
只有恨生晩之際,1,0.063,2935,1924
多吸,1,0.063,2936,1924
人間味的,1,0.063,2937,1924
相扶相助,1,0.063,2938,1924
人類當然,1,0.063,2939,1924
發進,1,0.063,2940,1924
吾亦悚然,1,0.063,2941,1924
違法,1,0.063,2942,1924
暴虐無恥,1,0.063,2943,1924
擧此一一不已故,1,0.063,2944,1924
會長時代,1,0.063,2945,1924
汝不知上帝耶,1,0.063,2946,1924
謂我上帝,1,0.063,2947,1924
仁義,1,0.063,2948,1924
平常,1,0.063,2949,1924
自治,1,0.063,2950,1924
互相間,1,0.063,2951,1924
德化,1,0.063,2952,1924
曰勿懼勿恐,1,0.063,2953,1924
社會倫理,1,0.063,2954,1924
驚起探開則,1,0.063,2955,1924
內在德,1,0.063,2956,1924
到來,1,0.063,2957,1924
催進,1,0.063,2958,1924
相對性原理,1,0.063,2959,1924
民性,1,0.063,2960,1924
規模,1,0.063,2961,1924
法規,1,0.063,2962,1924
士農工商,1,0.063,2963,1924
忽入耳中,1,0.063,2964,1924
英哲,1,0.063,2965,1924
有何仙語,1,0.063,2966,1924
英雄政治,1,0.063,2967,1924
哲人政治,1,0.063,2968,1924
德化生活,1,0.063,2969,1924
烟月,1,0.063,2970,1924
康衢,1,0.063,2971,1924
帝力,1,0.063,2972,1924
鑿井而飮,1,0.063,2973,1924
耕田而食,1,0.063,2974,1924
形跡,1,0.063,2975,1924
世界大勢,1,0.063,2976,1924
風味,1,0.063,2977,1924
濃厚,1,0.063,2978,1924
言不得難狀之際,1,0.063,2979,1924
沙漠的,1,0.063,2980,1924
末日,1,0.063,2981,1924
最頂點,1,0.063,2982,1924
絕頂,1,0.063,2983,1924
形便,1,0.063,2984,1924
幾度,1,0.063,2985,1924
飜覆,1,0.063,2986,1924
疾不得執症,1,0.063,2987,1924
幾乎,1,0.063,2988,1924
英雄,1,0.063,2989,1924
於是,1,0.063,2990,1924
民行,1,0.063,2991,1924
緩慢,1,0.063,2992,1924
無理,1,0.063,2993,1924
嫌忌,1,0.063,2994,1924
嫌疑,1,0.063,2995,1924
障害,1,0.063,2996,1924
心寒身戰,1,0.063,2997,1924
寂寞,1,0.063,2998,1924
西洋,1,0.063,2999,1924
儒敎的,1,0.063,3000,1924
自治的,1,0.063,3001,1924
太古盲目,1,0.063,3002,1924
憂歎,1,0.063,3003,1924
復舊,1,0.063,3004,1924
太古野蠻,1,0.063,3005,1924
本願的,1,0.063,3006,1924
淺量,1,0.063,3007,1924
苦痛中,1,0.063,3008,1924
現代生活,1,0.063,3009,1924
廣濟,1,0.063,3010,1924
蒸溜,1,0.063,3011,1924
本意,1,0.063,3012,1924
聖道,1,0.063,3013,1924
新德治,1,0.063,3014,1924
壯年人物,1,0.063,3015,1924
聖者的,1,0.063,3016,1924
知德圓滿,1,0.063,3017,1924
大矛盾,1,0.063,3018,1924
少年時代,1,0.063,3019,1924
天眞爛漫,1,0.063,3020,1924
兒孩,1,0.063,3021,1924
人何知之,1,0.063,3022,1924
功績,1,0.063,3023,1924
堂堂,1,0.063,3024,1924
吾心即汝心也,1,0.063,3025,1924
不統一,1,0.063,3026,1924
社會生活,1,0.063,3027,1924
生活現像,1,0.063,3028,1924
何爲若然也,1,0.063,3029,1924
難症,1,0.063,3030,1924
修心正氣而問曰,1,0.063,3031,1924
心尙怪訝,1,0.063,3032,1924
聽之不聞,1,0.063,3033,1924
敬畏之心,1,0.063,3034,1924
文明的,1,0.063,3035,1924
疾病中,1,0.063,3036,1924
道德詞,1,0.063,3037,1924
深切,1,0.063,3038,1924
聖呪,1,0.063,3039,1924
內的外的,1,0.063,3040,1924
物形符,1,0.063,3041,1924
三種,1,0.063,3042,1924
分付,1,0.063,3043,1924
振動,1,0.063,3044,1924
安心歌,1,0.063,3045,1924
貧富貴賤,1,0.063,3046,1924
其順,1,0.063,3047,1924
切實,1,0.063,3048,1924
歌詞,1,0.063,3049,1924
死生,1,0.063,3050,1924
草木群生,1,0.063,3051,1924
經傳中,1,0.063,3052,1924
塗炭中,1,0.063,3053,1924
一世上,1,0.063,3054,1924
正理,1,0.063,3055,1924
沈淪,1,0.063,3056,1924
眞正大覺,1,0.063,3057,1924
九月二十日,1,0.063,3058,1924
四月五日,1,0.063,3059,1924
靈符論,1,0.063,3060,1924
惟一,1,0.063,3061,1924
受我靈符,1,0.063,3062,1924
惡路,1,0.063,3063,1924
三大,1,0.063,3064,1924
干涉的,1,0.063,3065,1924
沈惑,1,0.063,3066,1924
敎訓歌,1,0.063,3067,1924
自體的,1,0.063,3068,1924
氣運,1,0.063,3069,1924
佛敎的,1,0.063,3070,1924
用事,1,0.063,3071,1924
陰陽,1,0.063,3072,1924
鬼神亦是,1,0.063,3073,1924
一無窮,1,0.063,3074,1924
天地亦是,1,0.063,3075,1924
覺求景,1,0.063,3076,1924
實生活,1,0.063,3077,1924
普遍我,1,0.063,3078,1924
濟世主,1,0.063,3079,1924
醫治者,1,0.063,3080,1924
救主,1,0.063,3081,1924
我東方,1,0.063,3082,1924
治療方法,1,0.063,3083,1924
巫蠱事,1,0.063,3084,1924
虛無之說,1,0.063,3085,1924
始含,1,0.063,3086,1924
眞法性,1,0.063,3087,1924
道德倫理等,1,0.063,3088,1924
陰陽理致,1,0.063,3089,1924
自己生活,1,0.063,3090,1924
區域,1,0.063,3091,1924
玉京臺,1,0.063,3092,1924
長歲月,1,0.063,3093,1924
五十萬年,1,0.063,3094,1924
無爲,1,0.063,3095,1924
一節,1,0.063,3096,1924
曉諭,1,0.063,3097,1924
通常,1,0.063,3098,1924
經文,1,0.063,3099,1924
重且大,1,0.063,3100,1924
二十一字,1,0.063,3101,1924
全精神,1,0.063,3102,1924
關連,1,0.063,3103,1924
惡習,1,0.063,3104,1924
慣習上,1,0.063,3105,1924
偶像的,1,0.063,3106,1924
倂行開闢,1,0.063,3107,1924
永世不忘,1,0.063,3108,1924
不知不識間,1,0.063,3109,1924
經由,1,0.063,3110,1924
長久,1,0.063,3111,1924
强壓的,1,0.063,3112,1924
法律的,1,0.063,3113,1924
又其次,1,0.063,3114,1924
其次,1,0.063,3115,1924
其初,1,0.063,3116,1924
强壓手段,1,0.063,3117,1924
數多,1,0.063,3118,1924
第二天性,1,0.063,3119,1924
四種偶像,1,0.063,3120,1924
奴隸,1,0.063,3121,1924
其心,1,0.063,3122,1924
獨創的,1,0.063,3123,1924
假面,1,0.063,3124,1924
無爲化氣,1,0.063,3125,1924
舞臺,1,0.063,3126,1924
劇場偶像,1,0.063,3127,1924
言語的,1,0.063,3128,1924
交通市場,1,0.063,3129,1924
市場偶像,1,0.063,3130,1924
仙人,1,0.063,3131,1924
巖窟,1,0.063,3132,1924
巖窟偶像,1,0.063,3133,1924
風俗習慣的,1,0.063,3134,1924
外有氣化,1,0.063,3135,1924
訢成,1,0.063,3136,1924
自然論,1,0.063,3137,1924
深淵,1,0.063,3138,1924
正造,1,0.063,3139,1924
正聞,1,0.063,3140,1924
正示,1,0.063,3141,1924
正開,1,0.063,3142,1924
脩煉,1,0.063,3143,1924
惡知惡識,1,0.063,3144,1924
試鍊,1,0.063,3145,1924
迷信的,1,0.063,3146,1924
茫漠,1,0.063,3147,1924
菩提樹下,1,0.063,3148,1924
脫解,1,0.063,3149,1924
惡感情,1,0.063,3150,1924
究竟境涯,1,0.063,3151,1924
保護,1,0.063,3152,1924
吾人的,1,0.063,3153,1924
階級上,1,0.063,3154,1924
制度下,1,0.063,3155,1924
異蹟,1,0.063,3156,1924
正觀正成,1,0.063,3157,1924
眞相,1,0.063,3158,1924
新眞理,1,0.063,3159,1924
敎祖,1,0.063,3160,1924
眞自我,1,0.063,3161,1924
革命的,1,0.063,3162,1924
反抗的,1,0.063,3163,1924
擊破,1,0.063,3164,1924
方途,1,0.063,3165,1924
思想的,1,0.063,3166,1924
邪巧,1,0.063,3167,1924
長路,1,0.063,3168,1924
一瞬,1,0.063,3169,1924
疲困,1,0.063,3170,1924
一種大快感,1,0.063,3171,1924
當由,1,0.063,3172,1924
人類平等,1,0.063,3173,1924
進行,1,0.063,3174,1924
神助,1,0.063,3175,1924
最大原因,1,0.063,3176,1924
文明生活,1,0.063,3177,1924
從事,1,0.063,3178,1924
一年,1,0.063,3179,1924
絕食,1,0.063,3180,1924
臆斷,1,0.063,3181,1924
願望,1,0.063,3182,1924
虛誕,1,0.063,3183,1924
十一日,1,0.063,3184,1924
順死,1,0.063,3185,1924
絕種,1,0.063,3186,1924
秘訣,1,0.063,3187,1924
八百歲,1,0.063,3188,1924
彭祖,1,0.063,3189,1924
仙家,1,0.063,3190,1924
長生不死,1,0.063,3191,1924
着意,1,0.063,3192,1924
不聽,1,0.063,3193,1924
六十歲,1,0.063,3194,1924
百五十歲,1,0.063,3195,1924
普通人,1,0.063,3196,1924
百二十五歲,1,0.063,3197,1924
不受,1,0.063,3198,1924
生理學者,1,0.063,3199,1924
一般億兆,1,0.063,3200,1924
誤死,1,0.063,3201,1924
幾千幾百人,1,0.063,3202,1924
橫羅,1,0.063,3203,1924
惡政治下,1,0.063,3204,1924
各種造化,1,0.063,3205,1924
非命橫死,1,0.063,3206,1924
濫用,1,0.063,3207,1924
誤信,1,0.063,3208,1924
逆理,1,0.063,3209,1924
辭讓,1,0.063,3210,1924
白衣宰相,1,0.063,3211,1924
神啓文,1,0.063,3212,1924
各其生死,1,0.063,3213,1924
及其草木群生,1,0.063,3214,1924
反抗質疑,1,0.063,3215,1924
滿五個月間,1,0.063,3216,1924
自處,1,0.063,3217,1924
一瞥,1,0.063,3218,1924
滿五個年,1,0.063,3219,1924
天折橫死,1,0.063,3220,1924
中途,1,0.063,3221,1924
自己天天定,1,0.063,3222,1924
天主造化,1,0.063,3223,1924
順境,1,0.063,3224,1924
途程上,1,0.063,3225,1924
迭代,1,0.063,3226,1924
一生壽命,1,0.063,3227,1924
天則,1,0.063,3228,1924
唯唯然,1,0.063,3229,1924
沉惑,1,0.063,3230,1924
支配階級宣傳,1,0.063,3231,1924
近世宗敎改革,1,0.063,3232,1924
人間最初,1,0.063,3233,1924
春秋,1,0.063,3234,1924
大問題,1,0.063,3235,1924
硏究下,1,0.063,3236,1924
苦心焦思的,1,0.063,3237,1924
現今,1,0.063,3238,1924
魔奪,1,0.063,3239,1924
未發達,1,0.063,3240,1924
產業,1,0.063,3241,1924
忿怒,1,0.063,3242,1924
三大正,1,0.063,3243,1924
知的,1,0.063,3244,1924
恐怖的,1,0.063,3245,1924
覺者,1,0.063,3246,1924
衆生,1,0.063,3247,1924
二千年前,1,0.063,3248,1924
其例,1,0.063,3249,1924
詛呪,1,0.063,3250,1924
哲人達者,1,0.063,3251,1924
久遠,1,0.063,3252,1924
緩和,1,0.063,3253,1924
幾分間,1,0.063,3254,1924
共和立憲的,1,0.063,3255,1924
專制政治,1,0.063,3256,1924
封建的,1,0.063,3257,1924
人類開闢以來,1,0.063,3258,1924
恐怖心,1,0.063,3259,1924
非眞理的,1,0.063,3260,1924
非自然的,1,0.063,3261,1924
頭腦,1,0.063,3262,1924
信條下,1,0.063,3263,1924
其民,1,0.063,3264,1924
自樂,1,0.063,3265,1924
何等武器,1,0.063,3266,1924
他國,1,0.063,3267,1924
其用,1,0.063,3268,1924
舟車,1,0.063,3269,1924
大根氣,1,0.063,3270,1924
器量材幹,1,0.063,3271,1924
一頭地,1,0.063,3272,1924
社會改造派,1,0.063,3273,1924
人人,1,0.063,3274,1924
唯物論的,1,0.063,3275,1924
太古淳朴,1,0.063,3276,1924
無欲,1,0.063,3277,1924
他一,1,0.063,3278,1924
兩極端,1,0.063,3279,1924
世界思想,1,0.063,3280,1924
精神觀念,1,0.063,3281,1924
頑固,1,0.063,3282,1924
學術的,1,0.063,3283,1924
倂行改造,1,0.063,3284,1924
要約,1,0.063,3285,1924
土木,1,0.063,3286,1924
土匠木工,1,0.063,3287,1924
馬性,1,0.063,3288,1924
勒鉗,1,0.063,3289,1924
良馬,1,0.063,3290,1924
伯樂,1,0.063,3291,1924
警喻,1,0.063,3292,1924
治民,1,0.063,3293,1924
祖述,1,0.063,3294,1924
後繼者,1,0.063,3295,1924
精神及物質,1,0.063,3296,1924
在來宗敎,1,0.063,3297,1924
先天開闢,1,0.063,3298,1924
第五章,1,0.063,3299,1924
厭世的,1,0.063,3300,1924
樂天的,1,0.063,3301,1924
家族的,1,0.063,3302,1924
後世無窮,1,0.063,3303,1924
歷史的,1,0.063,3304,1924
非理非法,1,0.063,3305,1924
自體上,1,0.063,3306,1924
制度的,1,0.063,3307,1924
精神樹立,1,0.063,3308,1924
確立,1,0.063,3309,1924
新制度,1,0.063,3310,1924
神人一體,1,0.063,3311,1924
太古人,1,0.063,3312,1924
其本,1,0.063,3313,1924
建築的,1,0.063,3314,1924
外界抵抗,1,0.063,3315,1924
活眼,1,0.063,3316,1924
容易,1,0.063,3317,1924
物的,1,0.063,3318,1924
時代形便上,1,0.063,3319,1924
過去社會,1,0.063,3320,1924
全目的,1,0.063,3321,1924
徹頭徹尾,1,0.063,3322,1924
心的物的,1,0.063,3323,1924
興味的,1,0.063,3324,1924
盲目,1,0.063,3325,1924
新方法,1,0.063,3326,1924
確然,1,0.063,3327,1924
來世他界,1,0.063,3328,1924
忍耐,1,0.063,3329,1924
善避,1,0.063,3330,1924
人力,1,0.063,3331,1924
自然現象,1,0.063,3332,1924
宣佈,1,0.063,3333,1924
降服的,1,0.063,3334,1924
機會,1,0.063,3335,1924
時運,1,0.063,3336,1924
極樂的,1,0.063,3337,1924
絕叫,1,0.063,3338,1924
苦海,1,0.063,3339,1924
佛基督等,1,0.063,3340,1924
高等宗敎,1,0.063,3341,1924
豐富,1,0.063,3342,1924
其宜,1,0.063,3343,1924
勇氣下,1,0.063,3344,1924
人間絕對主義,1,0.063,3345,1924
自己中,1,0.063,3346,1924
他方的,1,0.063,3347,1924
第一着眼,1,0.063,3348,1924
世界化,1,0.063,3349,1924
人乃天化,1,0.063,3350,1924
一致條件,1,0.063,3351,1924
人乃天理想下,1,0.063,3352,1924
敎旨,1,0.063,3353,1924
最高理想,1,0.063,3354,1924
世界敎化,1,0.063,3355,1924
活宗敎,1,0.063,3356,1924
自己主義,1,0.063,3357,1924
自屈的,1,0.063,3358,1924
事勢,1,0.063,3359,1924
此符,1,0.063,3360,1924
日星,1,0.063,3361,1924
照臨,1,0.063,3362,1924
日夜昭昭,1,0.063,3363,1924
卽生魂,1,0.063,3364,1924
逐節,1,0.063,3365,1924
要領,1,0.063,3366,1924
三大要件,1,0.063,3367,1924
力行為立,1,0.063,3368,1924
單刀直入,1,0.063,3369,1924
說文,1,0.063,3370,1924
自己主義實行,1,0.063,3371,1924
複雜區區,1,0.063,3372,1924
實踐力的,1,0.063,3373,1924
互相扶助,1,0.063,3374,1924
人乃天修煉,1,0.063,3375,1924
欲望中,1,0.063,3376,1924
一芥子,1,0.063,3377,1924
新刺戟,1,0.063,3378,1924
單獨,1,0.063,3379,1924
象徵的,1,0.063,3380,1924
腐敗無餘,1,0.063,3381,1924
精神道德,1,0.063,3382,1924
不知不識中,1,0.063,3383,1924
惡習慣,1,0.063,3384,1924
芥子種,1,0.063,3385,1924
世間,1,0.063,3386,1924
綜合,1,0.063,3387,1924
全文中,1,0.063,3388,1924
布德文中,1,0.063,3389,1924
中和,1,0.063,3390,1924
私心,1,0.063,3391,1924
世界運動者,1,0.063,3392,1924
無宗敎論者,1,0.063,3393,1924
唯心論的,1,0.063,3394,1924
崇拜對象,1,0.063,3395,1924
完成的,1,0.063,3396,1924
模型,1,0.063,3397,1924
天地肇判,1,0.063,3398,1924
法則下,1,0.063,3399,1924
天開地闢,1,0.063,3400,1924
更始,1,0.063,3401,1924
人私,1,0.063,3402,1924
至公,1,0.063,3403,1924
職分,1,0.063,3404,1924
萬有現像,1,0.063,3405,1924
國家世界,1,0.063,3406,1924
私知私巧,1,0.063,3407,1924
一大問題,1,0.063,3408,1924
呪文及心告,1,0.063,3409,1924
道力,1,0.063,3410,1924
課程,1,0.063,3411,1924
習性,1,0.063,3412,1924
沮害,1,0.063,3413,1924
直接間接,1,0.063,3414,1924
枚擧,1,0.063,3415,1924
一一,1,0.063,3416,1924
下章,1,0.063,3417,1924
不仁,1,0.063,3418,1924
眞美善,1,0.063,3419,1924
正氣,1,0.063,3420,1924
退屈,1,0.063,3421,1924
萬理,1,0.063,3422,1924
四海,1,0.063,3423,1924
一體法,1,0.063,3424,1924
無事不命,1,0.063,3425,1924
無事不涉,1,0.063,3426,1924
大川,1,0.063,3427,1924
雨露霜雪,1,0.063,3428,1924
大神師曰,1,0.063,3429,1924
至氣今至願為大降,1,0.063,3430,1924
妙理,1,0.063,3431,1924
三七字至極,1,0.063,3432,1924
直接法文,1,0.063,3433,1924
譬喩,1,0.063,3434,1924
自證,1,0.063,3435,1924
再生,1,0.063,3436,1924
因習,1,0.063,3437,1924
悔改,1,0.063,3438,1924
前過,1,0.063,3439,1924
外有,1,0.063,3440,1924
內有,1,0.063,3441,1924
通用自在,1,0.063,3442,1924
展闢,1,0.063,3443,1924
虛心正氣,1,0.063,3444,1924
我欲我慢,1,0.063,3445,1924
容認,1,0.063,3446,1924
開闢性,1,0.063,3447,1924
合一體,1,0.063,3448,1924
法文下,1,0.063,3449,1924
靈肉一致,1,0.063,3450,1924
感受,1,0.063,3451,1924
至用,1,0.063,3452,1924
至心,1,0.063,3453,1924
至力,1,0.063,3454,1924
不撓不屈,1,0.063,3455,1924
大膽,1,0.063,3456,1924
混元一氣,1,0.063,3457,1924
無極性,1,0.063,3458,1924
人知以上,1,0.063,3459,1924
私力,1,0.063,3460,1924
規矩的,1,0.063,3461,1924
定字,1,0.063,3462,1924
彷徨,1,0.063,3463,1924
無為自然,1,0.063,3464,1924
自己私力,1,0.063,3465,1924
無為而化,1,0.063,3466,1924
體認,1,0.063,3467,1924
內心,1,0.063,3468,1924
在來者,1,0.063,3469,1924
在下者,1,0.063,3470,1924
順理順法,1,0.063,3471,1924
假飾,1,0.063,3472,1924
簡單直切,1,0.063,3473,1924
最終目的,1,0.063,3474,1924
本來良知,1,0.063,3475,1924
天良心,1,0.063,3476,1924
私巧的,1,0.063,3477,1924
天用,1,0.063,3478,1924
天知,1,0.063,3479,1924
一心,1,0.063,3480,1924
人知以外,1,0.063,3481,1924
不動,1,0.063,3482,1924
泰山,1,0.063,3483,1924
第一上乘,1,0.063,3484,1924
感想,1,0.063,3485,1924
破棄,1,0.063,3486,1924
量狹,1,0.063,3487,1924
創初,1,0.063,3488,1924
其二,1,0.063,3489,1924
現像人,1,0.063,3490,1924
現在心理,1,0.063,3491,1924
新心理,1,0.063,3492,1924
屢千年來,1,0.063,3493,1924
輸入,1,0.063,3494,1924
自然其者,1,0.063,3495,1924
傳鉢,1,0.063,3496,1924
外界的,1,0.063,3497,1924
親和,1,0.063,3498,1924
初頭課程,1,0.063,3499,1924
人乃天宗敎,1,0.063,3500,1924
靈明,1,0.063,3501,1924
性能,1,0.063,3502,1924
行為,1,0.063,3503,1924
出入,1,0.063,3504,1924
至大且重,1,0.063,3505,1924
修煉方,1,0.063,3506,1924
無盡藏,1,0.063,3507,1924
眞如,1,0.063,3508,1924
恒久,1,0.063,3509,1924
所從來,1,0.063,3510,1924
不變,1,0.063,3511,1924
毫末,1,0.063,3512,1924
實物,1,0.063,3513,1924
自己性,1,0.063,3514,1924
甘受,1,0.063,3515,1924
因循姑息,1,0.063,3516,1924
獨斷,1,0.063,3517,1924
不止,1,0.063,3518,1924
創作,1,0.063,3519,1924
短氣的,1,0.063,3520,1924
一二,1,0.063,3521,1924
化氣,1,0.063,3522,1924
傷氣,1,0.063,3523,1924
一轉,1,0.063,3524,1924
心機,1,0.063,3525,1924
怒氣,1,0.063,3526,1924
心告的,1,0.063,3527,1924
事理,1,0.063,3528,1924
行動間,1,0.063,3529,1924
日常平凡,1,0.063,3530,1924
寢告,1,0.063,3531,1924
出入告,1,0.063,3532,1924
食告,1,0.063,3533,1924
普通心告,1,0.063,3534,1924
總性質,1,0.063,3535,1924
頭耳目,1,0.063,3536,1924
祈禱的,1,0.063,3537,1924
心理的,1,0.063,3538,1924
專門,1,0.063,3539,1924
長時間,1,0.063,3540,1924
百五日,1,0.063,3541,1924
四十九日,1,0.063,3542,1924
三七日,1,0.063,3543,1924
人間萬事,1,0.063,3544,1924
法門,1,0.063,3545,1924
特種,1,0.063,3546,1924
修煉的,1,0.063,3547,1924
失敗,1,0.063,3548,1924
臨事,1,0.063,3549,1924
處理,1,0.063,3550,1924
輕率,1,0.063,3551,1924
神籟,1,0.063,3552,1924
徐想靜考,1,0.063,3553,1924
客感俗想,1,0.063,3554,1924
澁凝,1,0.063,3555,1924
智中,1,0.063,3556,1924
平居動靜,1,0.063,3557,1924
不圓滿,1,0.063,3558,1924
歸着,1,0.063,3559,1924
體觀,1,0.063,3560,1924
合力,1,0.063,3561,1924
有力,1,0.063,3562,1924
健全,1,0.063,3563,1924
寄生,1,0.063,3564,1924
團體力,1,0.063,3565,1924
條件下,1,0.063,3566,1924
一大注意,1,0.063,3567,1924
正義,1,0.063,3568,1924
所出,1,0.063,3569,1924
絕妙境,1,0.063,3570,1924
爽快,1,0.063,3571,1924
快刀一振,1,0.063,3572,1924
心火,1,0.063,3573,1924
淸風一陣,1,0.063,3574,1924
炎炎,1,0.063,3575,1924
慾火,1,0.063,3576,1924
無窮不可抗力,1,0.063,3577,1924
心緖,1,0.063,3578,1924
煩悶苦惱,1,0.063,3579,1924
悠然,1,0.063,3580,1924
逍遙,1,0.063,3581,1924
白雲流水,1,0.063,3582,1924
明窓几,1,0.063,3583,1924
把得,1,0.063,3584,1924
詩美,1,0.063,3585,1924
詩人,1,0.063,3586,1924
靈妙不可思議,1,0.063,3587,1924
大道大力,1,0.063,3588,1924
自古,1,0.063,3589,1924
大膽力,1,0.063,3590,1924
與奪自在,1,0.063,3591,1924
不可抗,1,0.063,3592,1924
私氣,1,0.063,3593,1924
大元氣,1,0.063,3594,1924
願爲大降,1,0.063,3595,1924
至氣今至,1,0.063,3596,1924
奮發,1,0.063,3597,1924
正義正氣,1,0.063,3598,1924
其不可抗,1,0.063,3599,1924
逆上,1,0.063,3600,1924
默契,1,0.063,3601,1924
胚胎,1,0.063,3602,1924
主義人,1,0.063,3603,1924
差別觀念,1,0.063,3604,1924
第五節,1,0.063,3605,1924
科目,1,0.063,3606,1924
神通力,1,0.063,3607,1924
三十八年間,1,0.063,3608,1924
神秘家,1,0.063,3609,1924
大宗敎家,1,0.063,3610,1924
發明家,1,0.063,3611,1924
筆致,1,0.063,3612,1924
畵家,1,0.063,3613,1924
詩句,1,0.063,3614,1924
驚天泣鬼,1,0.063,3615,1924
大極樂,1,0.063,3616,1924
更定,1,0.063,3617,1924
其命,1,0.063,3618,1924
小人,1,0.063,3619,1924
第三者,1,0.063,3620,1924
君子,1,0.063,3621,1924
不遷不易,1,0.063,3622,1924
春秋迭代,1,0.063,3623,1924
讚美,1,0.063,3624,1924
首節,1,0.063,3625,1924
四大惡,1,0.063,3626,1924
韻趣,1,0.063,3627,1924
勿慾交弊,1,0.063,3628,1924
意匠,1,0.063,3629,1924
推演,1,0.063,3630,1924
明見,1,0.063,3631,1924
社會狀態,1,0.063,3632,1924
眩惑,1,0.063,3633,1924
風流,1,0.063,3634,1924
非自然,1,0.063,3635,1924
劇壇,1,0.063,3636,1924
假粧,1,0.063,3637,1924
多部分,1,0.063,3638,1924
非公理,1,0.063,3639,1924
惑世誣民,1,0.063,3640,1924
創造欲,1,0.063,3641,1924
大伏能,1,0.063,3642,1924
第一條,1,0.063,3643,1924
亦一理,1,0.063,3644,1924
不惜,1,0.063,3645,1924
飜覆之心,1,0.063,3646,1924
變安心中,1,0.063,3647,1924
誘引,1,0.063,3648,1924
妖怪,1,0.063,3649,1924
小兒,1,0.063,3650,1924
逐逐,1,0.063,3651,1924
惑世物,1,0.063,3652,1924
欺瞞,1,0.063,3653,1924
虛禮,1,0.063,3654,1924
不合理,1,0.063,3655,1924
利福,1,0.063,3656,1924
生靈,1,0.063,3657,1924
是事,1,0.063,3658,1924
金言,1,0.063,3659,1924
千載後,1,0.063,3660,1924
不可抗的,1,0.063,3661,1924
聖人不仁,1,0.063,3662,1924
咤罵,1,0.063,3663,1924
各自自性,1,0.063,3664,1924
各種性,1,0.063,3665,1924
本來性明,1,0.063,3666,1924
自我本然,1,0.063,3667,1924
本然自在,1,0.063,3668,1924
我心內,1,0.063,3669,1924
感受性的,1,0.063,3670,1924
庶幾,1,0.063,3671,1924
其地,1,0.063,3672,1924
余心於,1,0.063,3673,1924
修我,1,0.063,3674,1924
遠不求而,1,0.063,3675,1924
不知明之所在,1,0.063,3676,1924
八字,1,0.063,3677,1924
第六節,1,0.063,3678,1924
不良,1,0.063,3679,1924
甘泉,1,0.063,3680,1924
立脚地,1,0.063,3681,1924
遠不求而修我,1,0.063,3682,1924
萬物靜觀各自得,1,0.063,3683,1924
良明明,1,0.063,3684,1924
各自己,1,0.063,3685,1924
自良明,1,0.063,3686,1924
良明,1,0.063,3687,1924
自本來,1,0.063,3688,1924
耕牛,1,0.063,3689,1924
反哺,1,0.063,3690,1924
鳥子,1,0.063,3691,1924
玄鳥,1,0.063,3692,1924
尿中,1,0.063,3693,1924
虎狼,1,0.063,3694,1924
本明,1,0.063,3695,1924
産出,1,0.063,3696,1924
二字,1,0.063,3697,1924
無靈魂,1,0.063,3698,1924
不知德之所在,1,0.063,3699,1924
其明,1,0.063,3700,1924
大人,1,0.063,3701,1924
天地妙法,1,0.063,3702,1924
殺活自在,1,0.063,3703,1924
臨機應變,1,0.063,3704,1924
隨時隨處,1,0.063,3705,1924
格物致知,1,0.063,3706,1924
當時當處,1,0.063,3707,1924
逸余心於其地,1,0.063,3708,1924
天地性明,1,0.063,3709,1924
大自然,1,0.063,3710,1924
達見,1,0.063,3711,1924
明源,1,0.063,3712,1924
永久以前,1,0.063,3713,1924
神自體,1,0.063,3714,1924
授受,1,0.063,3715,1924
對象的,1,0.063,3716,1924
一方,1,0.063,3717,1924
八節中,1,0.063,3718,1924
命題,1,0.063,3719,1924
新自由新平等,1,0.063,3720,1924
命的,1,0.063,3721,1924
理杳然於授受,1,0.063,3722,1924
皆備我身,1,0.063,3723,1924
不知命之所在,1,0.063,3724,1924
料吾身之化生,1,0.063,3725,1924
新事業,1,0.063,3726,1924
切憎,1,0.063,3727,1924
學道,1,0.063,3728,1924
商人,1,0.063,3729,1924
趣味,1,0.063,3730,1924
商道,1,0.063,3731,1924
新發明,1,0.063,3732,1924
農道,1,0.063,3733,1924
端緖,1,0.063,3734,1924
吾信,1,0.063,3735,1924
道在何處,1,0.063,3736,1924
萬有本能,1,0.063,3737,1924
度吾信,1,0.063,3738,1924
不知道之所在,1,0.063,3739,1924
人乃天參照,1,0.063,3740,1924
革新,1,0.063,3741,1924
强名,1,0.063,3742,1924
一時的,1,0.063,3743,1924
所任,1,0.063,3744,1924
始中終,1,0.063,3745,1924
過去現在未來,1,0.063,3746,1924
生活全體上,1,0.063,3747,1924
八九,1,0.063,3748,1924
商買,1,0.063,3749,1924
農業,1,0.063,3750,1924
不動不變,1,0.063,3751,1924
安保,1,0.063,3752,1924
不忍,1,0.063,3753,1924
人事道德,1,0.063,3754,1924
安心,1,0.063,3755,1924
高淸,1,0.063,3756,1924
天時人事,1,0.063,3757,1924
眞味,1,0.063,3758,1924
道味,1,0.063,3759,1924
木工,1,0.063,3760,1924
操縱,1,0.063,3761,1924
規範下,1,0.063,3762,1924
哲人聖者,1,0.063,3763,1924
別天地,1,0.063,3764,1924
是即,1,0.063,3765,1924
自實,1,0.063,3766,1924
桃李杏,1,0.063,3767,1924
杏實,1,0.063,3768,1924
李實,1,0.063,3769,1924
桃實,1,0.063,3770,1924
假使,1,0.063,3771,1924
無限發揮,1,0.063,3772,1924
各其自得,1,0.063,3773,1924
一片地,1,0.063,3774,1924
勿問,1,0.063,3775,1924
一字,1,0.063,3776,1924
倂行,1,0.063,3777,1924
誠力,1,0.063,3778,1924
成敗,1,0.063,3779,1924
異常,1,0.063,3780,1924
自知而自息,1,0.063,3781,1924
吾心之不失,1,0.063,3782,1924
醜姸,1,0.063,3783,1924
都是,1,0.063,3784,1924
萬人各自,1,0.063,3785,1924
共有,1,0.063,3786,1924
規律下,1,0.063,3787,1924
自己一個人,1,0.063,3788,1924
補長,1,0.063,3789,1924
規矩,1,0.063,3790,1924
準繩,1,0.063,3791,1924
知易行難說,1,0.063,3792,1924
朱子,1,0.063,3793,1924
心和,1,0.063,3794,1924
觀察点,1,0.063,3795,1924
新興奮,1,0.063,3796,1924
注射的,1,0.063,3797,1924
藥品,1,0.063,3798,1924
效力,1,0.063,3799,1924
伴隨,1,0.063,3800,1924
情力,1,0.063,3801,1924
反動力,1,0.063,3802,1924
興奮,1,0.063,3803,1924
儒佛仙,1,0.063,3804,1924
神經的,1,0.063,3805,1924
魔障,1,0.063,3806,1924
人事,1,0.063,3807,1924
表現,1,0.063,3808,1924
優劣,1,0.063,3809,1924
物質等,1,0.063,3810,1924
主一無適,1,0.063,3811,1924
七大,1,0.063,3812,1924
生生,1,0.063,3813,1924
其事,1,0.063,3814,1924
某事,1,0.063,3815,1924
次第法,1,0.063,3816,1924
恐吾心之寤寐,1,0.063,3817,1924
暫不弛於慕仰,1,0.063,3818,1924
不知敬之所爲,1,0.063,3819,1924
行易知難說,1,0.063,3820,1924
孫逸仙,1,0.063,3821,1924
知行合一說,1,0.063,3822,1924
王守仁,1,0.063,3823,1924
極境,1,0.063,3824,1924
萬有愛,1,0.063,3825,1924
眞敬,1,0.063,3826,1924
實効,1,0.063,3827,1924
敬神,1,0.063,3828,1924
祖靈,1,0.063,3829,1924
世界宗敎史,1,0.063,3830,1924
千古,1,0.063,3831,1924
敬人,1,0.063,3832,1924
一大或物,1,0.063,3833,1924
三階梯,1,0.063,3834,1924
外在的敬,1,0.063,3835,1924
其事業,1,0.063,3836,1924
內在的敬,1,0.063,3837,1924
某事業,1,0.063,3838,1924
卑劣,1,0.063,3839,1924
無畏,1,0.063,3840,1924
一元,1,0.063,3841,1924
二元,1,0.063,3842,1924
良知良能,1,0.063,3843,1924
被製造者,1,0.063,3844,1924
情況,1,0.063,3845,1924
造物主,1,0.063,3846,1924
出生原因,1,0.063,3847,1924
明察,1,0.063,3848,1924
修道者,1,0.063,3849,1924
測量,1,0.063,3850,1924
項目,1,0.063,3851,1924
恐怖性,1,0.063,3852,1924
無罪地而如罪,1,0.063,3853,1924
念至公之無私,1,0.063,3854,1924
不知畏之所爲,1,0.063,3855,1924
古代式,1,0.063,3856,1924
夏商周,1,0.063,3857,1924
此無一物,1,0.063,3858,1924
溯究,1,0.063,3859,1924
天地未判以前,1,0.063,3860,1924
祖先中心主義,1,0.063,3861,1924
東洋人,1,0.063,3862,1924
昨日,1,0.063,3863,1924
向上發展,1,0.063,3864,1924
無限進化,1,0.063,3865,1924
億億萬年,1,0.063,3866,1924
表顯處,1,0.063,3867,1924
詳述,1,0.063,3868,1924
在今思而昨非,1,0.063,3869,1924
察用處之公私,1,0.063,3870,1924
不知心之得失,1,0.063,3871,1924
未判,1,0.063,3872,1924
勃興,1,0.063,3873,1924
突發,1,0.063,3874,1924
全無,1,0.063,3875,1924
材料,1,0.063,3876,1924
修煉一歲亦不無,1,0.063,3877,1924
自然之中,1,0.063,3878,1924
化出於,1,0.063,3879,1924
最古目標,1,0.063,3880,1924
第七節,1,0.063,3881,1924
心是,1,0.063,3882,1924
在今是而昨非,1,0.063,3883,1924
最古,1,0.063,3884,1924
社會進化,1,0.063,3885,1924
世降俗末,1,0.063,3886,1924
禮法,1,0.063,3887,1924
天性的,1,0.063,3888,1924
進化力,1,0.063,3889,1924
數萬年,1,0.063,3890,1924
支配力,1,0.063,3891,1924
親和力,1,0.063,3892,1924
無體法經,1,0.063,3893,1924
制度等,1,0.063,3894,1924
大異,1,0.063,3895,1924
神秘的存在,1,0.063,3896,1924
諸自然,1,0.063,3897,1924
最高目標,1,0.063,3898,1924
中樞,1,0.063,3899,1924
五大自然,1,0.063,3900,1924
自然之理,1,0.063,3901,1924
無神,1,0.063,3902,1924
其永劫以前,1,0.063,3903,1924
倫理問題,1,0.063,3904,1924
政治問題,1,0.063,3905,1924
社會問題,1,0.063,3906,1924
痛罵,1,0.063,3907,1924
現代惡制度,1,0.063,3908,1924
鬪爭,1,0.063,3909,1924
難得,1,0.063,3910,1924
暗黑,1,0.063,3911,1924
幻影的,1,0.063,3912,1924
虛無孟浪,1,0.063,3913,1924
本色,1,0.063,3914,1924
交叉,1,0.063,3915,1924
恬然無恥,1,0.063,3916,1924
獨特,1,0.063,3917,1924
此線頭,1,0.063,3918,1924
抛棄,1,0.063,3919,1924
幾千幾百年間,1,0.063,3920,1924
貧乏,1,0.063,3921,1924
憎惡,1,0.063,3922,1924
橫馳,1,0.063,3923,1924
天皇氏,1,0.063,3924,1924
分揀,1,0.063,3925,1924
最著,1,0.063,3926,1924
加之而,1,0.063,3927,1924
意味上,1,0.063,3928,1924
政治制度,1,0.063,3929,1924
長幼男女,1,0.063,3930,1924
今不比古不比,1,0.063,3931,1924
飽飢,1,0.063,3932,1924
經濟上,1,0.063,3933,1924
敎育制度上,1,0.063,3934,1924
今不聞古不聞,1,0.063,3935,1924
事件,1,0.063,3936,1924
光明正大,1,0.063,3937,1924
第二章,1,0.063,3938,1924
幾多,1,0.063,3939,1924
個我的,1,0.063,3940,1924
半信半疑,1,0.063,3941,1924
對立下,1,0.063,3942,1924
孤獨,1,0.063,3943,1924
質問,1,0.063,3944,1924
無意義,1,0.063,3945,1924
消極化,1,0.063,3946,1924
實際生活,1,0.063,3947,1924
其外,1,0.063,3948,1924
第六章,1,0.063,3949,1924
大敎化,1,0.063,3950,1924
不知不識,1,0.063,3951,1924
數十萬,1,0.063,3952,1924
大地震,1,0.063,3953,1924
或者,1,0.063,3954,1924
無常無常,1,0.063,3955,1924
幸運,1,0.063,3956,1924
大偉力,1,0.063,3957,1924
遜色,1,0.063,3958,1924
世間苦,1,0.063,3959,1924
極廣極大,1,0.063,3960,1924
狀態下,1,0.063,3961,1924
他個國家,1,0.063,3962,1924
他個民族,1,0.063,3963,1924
個國家,1,0.063,3964,1924
個民族,1,0.063,3965,1924
他個家族,1,0.063,3966,1924
個家族,1,0.063,3967,1924
爭論,1,0.063,3968,1924
無極大道,1,0.063,3969,1924
乙階段,1,0.063,3970,1924
價値論的,1,0.063,3971,1924
生物進化,1,0.063,3972,1924
重大,1,0.063,3973,1924
全責任,1,0.063,3974,1924
同一形體,1,0.063,3975,1924
變災,1,0.063,3976,1924
同一階段,1,0.063,3977,1924
形勢,1,0.063,3978,1924
大災禍,1,0.063,3979,1924
大慘災,1,0.063,3980,1924
烏有,1,0.063,3981,1924
財寶,1,0.063,3982,1924
數十億,1,0.063,3983,1924
沒我思想,1,0.063,3984,1924
主我思想,1,0.063,3985,1924
眞理論,1,0.063,3986,1924
楊朱,1,0.063,3987,1924
相對性,1,0.063,3988,1924
行爲的,1,0.063,3989,1924
辨別,1,0.063,3990,1924
計算,1,0.063,3991,1924
協同的,1,0.063,3992,1924
負擔,1,0.063,3993,1924
推究,1,0.063,3994,1924
生物階段,1,0.063,3995,1924
協助,1,0.063,3996,1924
向應,1,0.063,3997,1924
最上級,1,0.063,3998,1924
生活的,1,0.063,3999,1924
拙劣,1,0.063,4000,1924
度數,1,0.063,4001,1924
如一,1,0.063,4002,1924
目的其者,1,0.063,4003,1924
善的行爲,1,0.063,4004,1924
天道進化,1,0.063,4005,1924
一定不變,1,0.063,4006,1924
諸行爲,1,0.063,4007,1924
人事上,1,0.063,4008,1924
新定路,1,0.063,4009,1924
法則上,1,0.063,4010,1924
本法,1,0.063,4011,1924
無漏無壞,1,0.063,4012,1924
最上階級,1,0.063,4013,1924
人事現像,1,0.063,4014,1924
倫理界,1,0.063,4015,1924
部分的生活,1,0.063,4016,1924
利益扶助,1,0.063,4017,1924
資格,1,0.063,4018,1924
生命保存,1,0.063,4019,1924
惡行爲,1,0.063,4020,1924
善行爲,1,0.063,4021,1924
寫字,1,0.063,4022,1924
小刀,1,0.063,4023,1924
寧物,1,0.063,4024,1924
水雲大神師,1,0.063,4025,1924
勤行,1,0.063,4026,1924
同種全體,1,0.063,4027,1924
生物自身,1,0.063,4028,1924
生活力,1,0.063,4029,1924
同一線上,1,0.063,4030,1924
敏速,1,0.063,4031,1924
聯結,1,0.063,4032,1924
儒家,1,0.063,4033,1924
公私,1,0.063,4034,1924
濁水,1,0.063,4035,1924
溷溝,1,0.063,4036,1924
淸流,1,0.063,4037,1924
石上,1,0.063,4038,1924
圖案的,1,0.063,4039,1924
前節,1,0.063,4040,1924
變遷無常,1,0.063,4041,1924
事事物物,1,0.063,4042,1924
性靈,1,0.063,4043,1924
幾萬年,1,0.063,4044,1924
與否,1,0.063,4045,1924
難問,1,0.063,4046,1924
善惡觀,1,0.063,4047,1924
一思考,1,0.063,4048,1924
一片,1,0.063,4049,1924
原人,1,0.063,4050,1924
氣候,1,0.063,4051,1924
水蒸氣,1,0.063,4052,1924
獨往獨來,1,0.063,4053,1924
他一階段,1,0.063,4054,1924
分合,1,0.063,4055,1924
傳統的,1,0.063,4056,1924
餘疑,1,0.063,4057,1924
一人間,1,0.063,4058,1924
預言,1,0.063,4059,1924
精神界,1,0.063,4060,1924
要点,1,0.063,4061,1924
保有名,1,0.063,4062,1924
昔日,1,0.063,4063,1924
踏襲,1,0.063,4064,1924
遺骸,1,0.063,4065,1924
一階段,1,0.063,4066,1924
出世當時,1,0.063,4067,1924
霹靂,1,0.063,4068,1924
種種,1,0.063,4069,1924
生活意味,1,0.063,4070,1924
本地,1,0.063,4071,1924
創新,1,0.063,4072,1924
思量,1,0.063,4073,1924
出發,1,0.063,4074,1924
其根因,1,0.063,4075,1924
生活形便,1,0.063,4076,1924
大意志,1,0.063,4077,1924
個體單獨,1,0.063,4078,1924
推考,1,0.063,4079,1924
天地及,1,0.063,4080,1924
特有運命,1,0.063,4081,1924
自己過程,1,0.063,4082,1924
千變萬化,1,0.063,4083,1924
壽命長短,1,0.063,4084,1924
生成,1,0.063,4085,1924
運命的,1,0.063,4086,1924
宿命論的,1,0.063,4087,1924
理面,1,0.063,4088,1924
天地生,1,0.063,4089,1924
自有,1,0.063,4090,1924
一生禍福,1,0.063,4091,1924
特有,1,0.063,4092,1924
先天地生,1,0.063,4093,1924
質疑,1,0.063,4094,1924
臆病,1,0.063,4095,1924
複雜且,1,0.063,4096,1924
簡單且,1,0.063,4097,1924
現代生活制度上,1,0.063,4098,1924
假定上,1,0.063,4099,1924
壽命禍福,1,0.063,4100,1924
革新的,1,0.063,4101,1924
恩德,1,0.063,4102,1924
造化中,1,0.063,4103,1924
知情意,1,0.063,4104,1924
不願天命,1,0.063,4105,1924
澆薄,1,0.063,4106,1924
臨時呼天,1,0.063,4107,1924
不時風雨怨望,1,0.063,4108,1924
生活要素,1,0.063,4109,1924
創造的能力,1,0.063,4110,1924
全智全能的,1,0.063,4111,1924
四十萬,1,0.063,4112,1924
降卒,1,0.063,4113,1924
白起,1,0.063,4114,1924
秦將,1,0.063,4115,1924
秦趙,1,0.063,4116,1924
往昔,1,0.063,4117,1924
天命違反,1,0.063,4118,1924
天有,1,0.063,4119,1924
活敎訓,1,0.063,4120,1924
貧病,1,0.063,4121,1924
過勞過働,1,0.063,4122,1924
不充分,1,0.063,4123,1924
營養,1,0.063,4124,1924
懸隔,1,0.063,4125,1924
橫禍,1,0.063,4126,1924
大半,1,0.063,4127,1924
個人的,1,0.063,4128,1924
貧富倂立,1,0.063,4129,1924
主唱,1,0.063,4130,1924
社會主義者,1,0.063,4131,1924
土地所有,1,0.063,4132,1924
內的反,1,0.063,4133,1924
施行,1,0.063,4134,1924
井田,1,0.063,4135,1924
往者,1,0.063,4136,1924
貧富的,1,0.063,4137,1924
岐點,1,0.063,4138,1924
痛言,1,0.063,4139,1924
惡戱,1,0.063,4140,1924
善否,1,0.063,4141,1924
沒死,1,0.063,4142,1924
長平地陷,1,0.063,4143,1924
合變,1,0.063,4144,1924
一側面,1,0.063,4145,1924
無機有機,1,0.063,4146,1924
諸條件,1,0.063,4147,1924
諸義務,1,0.063,4148,1924
且善且惡,1,0.063,4149,1924
隨出隨沒,1,0.063,4150,1924
婆娑世界,1,0.063,4151,1924
新運命觀,1,0.063,4152,1924
盡歸此道,1,0.063,4153,1924
山河大運,1,0.063,4154,1924
肥料品,1,0.063,4155,1924
渦流中,1,0.063,4156,1924
萬有個體個性,1,0.063,4157,1924
過渡的,1,0.063,4158,1924
無規則,1,0.063,4159,1924
眞平和,1,0.063,4160,1924
仁義禮智等,1,0.063,4161,1924
五倫,1,0.063,4162,1924
來生,1,0.063,4163,1924
今生,1,0.063,4164,1924
後生,1,0.063,4165,1924
前生,1,0.063,4166,1924
惡因惡果,1,0.063,4167,1924
善因善果,1,0.063,4168,1924
因果說,1,0.063,4169,1924
假設,1,0.063,4170,1924
善事,1,0.063,4171,1924
別觀,1,0.063,4172,1924
思想主義,1,0.063,4173,1924
相違,1,0.063,4174,1924
解答,1,0.063,4175,1924
人類社會,1,0.063,4176,1924
權力說,1,0.063,4177,1924
名譽利益,1,0.063,4178,1924
條件中,1,0.063,4179,1924
行善,1,0.063,4180,1924
宗敎道德,1,0.063,4181,1924
變則的,1,0.063,4182,1924
利己,1,0.063,4183,1924
利他的,1,0.063,4184,1924
利己主義者,1,0.063,4185,1924
利己主義,1,0.063,4186,1924
功利說,1,0.063,4187,1924
傳說等,1,0.063,4188,1924
風俗習慣,1,0.063,4189,1924
常行,1,0.063,4190,1924
奸巧,1,0.063,4191,1924
眞覺性,1,0.063,4192,1924
過去宗敎上,1,0.063,4193,1924
永生觀念,1,0.063,4194,1924
過去世上,1,0.063,4195,1924
智慧,1,0.063,4196,1924
順下,1,0.063,4197,1924
並起,1,0.063,4198,1924
勿視,1,0.063,4199,1924
舊例,1,0.063,4200,1924
動機論,1,0.063,4201,1924
支撑,1,0.063,4202,1924
共認,1,0.063,4203,1924
一面,1,0.063,4204,1924
强制力,1,0.063,4205,1924
借引,1,0.063,4206,1924
權威,1,0.063,4207,1924
時日,1,0.063,4208,1924
境地,1,0.063,4209,1924
直下,1,0.063,4210,1924
誕生,1,0.063,4211,1924
可能,1,0.063,4212,1924
要致,1,0.063,4213,1924
叡智的,1,0.063,4214,1924
基本,1,0.063,4215,1924
其子孫愛育,1,0.063,4216,1924
牛馬鷄犬,1,0.063,4217,1924
子孫保護,1,0.063,4218,1924
種族遺傳,1,0.063,4219,1924
大眞,1,0.063,4220,1924
合體,1,0.063,4221,1924
連結統一,1,0.063,4222,1924
過失,1,0.063,4223,1924
世界改造,1,0.063,4224,1924
感情下,1,0.063,4225,1924
賤遇薄待,1,0.063,4226,1924
共同幸福,1,0.063,4227,1924
欣幸,1,0.063,4228,1924
沿革的,1,0.063,4229,1924
自家撞着,1,0.063,4230,1924
自己破滅,1,0.063,4231,1924
非人道的,1,0.063,4232,1924
形式下,1,0.063,4233,1924
稀薄,1,0.063,4234,1924
萬分之一,1,0.063,4235,1924
不明瞭,1,0.063,4236,1924
自己子孫,1,0.063,4237,1924
東洋道德,1,0.063,4238,1924
輕忽,1,0.063,4239,1924
恒久常存,1,0.063,4240,1924
一元的,1,0.063,4241,1924
其感,1,0.063,4242,1924
長流不息,1,0.063,4243,1924
後波前波,1,0.063,4244,1924
永生主義,1,0.063,4245,1924
運互,1,0.063,4246,1924
主義下,1,0.063,4247,1924
氣力,1,0.063,4248,1924
遲遲不進,1,0.063,4249,1924
宣傳的,1,0.063,4250,1924
體面的,1,0.063,4251,1924
樂地,1,0.063,4252,1924
曙光下,1,0.063,4253,1924
曙光,1,0.063,4254,1924
目下,1,0.063,4255,1924
集團的,1,0.063,4256,1924
精神線上,1,0.063,4257,1924
一致的,1,0.063,4258,1924
利益上,1,0.063,4259,1924
榮衰存廢,1,0.063,4260,1924
連帶上,1,0.063,4261,1924
奉務,1,0.063,4262,1924
一會社,1,0.063,4263,1924
利益分配,1,0.063,4264,1924
人類永生,1,0.063,4265,1924
一言一辭,1,0.063,4266,1924
生活改善,1,0.063,4267,1924
高壓,1,0.063,4268,1924
此念,1,0.063,4269,1924
義務實行,1,0.063,4270,1924
大信力,1,0.063,4271,1924
教育中,1,0.063,4272,1924
實施,1,0.063,4273,1924
輻湊,1,0.063,4274,1924
人情,1,0.063,4275,1924
待遇,1,0.063,4276,1924
教育制度,1,0.063,4277,1924
現時,1,0.063,4278,1924
豫想,1,0.063,4279,1924
連帶責任的,1,0.063,4280,1924
直接條件,1,0.063,4281,1924
起滅,1,0.063,4282,1924
責任的,1,0.063,4283,1924
互相連結的,1,0.063,4284,1924
世界人類,1,0.063,4285,1924
互相支持,1,0.063,4286,1924
自認,1,0.063,4287,1924
信仰方式,1,0.063,4288,1924
五倫三綱,1,0.063,4289,1924
奉恭,1,0.063,4290,1924
一敎,1,0.063,4291,1924
純粹信仰,1,0.063,4292,1924
伏因,1,0.063,4293,1924
儒佛基,1,0.063,4294,1924
世界大宗教,1,0.063,4295,1924
教理,1,0.063,4296,1924
二千年,1,0.063,4297,1924
其源,1,0.063,4298,1924
博而約,1,0.063,4299,1924
吟味,1,0.063,4300,1924
世界三大宗教,1,0.063,4301,1924
性格中,1,0.063,4302,1924
人類自己,1,0.063,4303,1924
罰責,1,0.063,4304,1924
性善,1,0.063,4305,1924
榮譽,1,0.063,4306,1924
死後天國,1,0.063,4307,1924
實踐道德,1,0.063,4308,1924
精密,1,0.063,4309,1924
宇宙發展,1,0.063,4310,1924
生萬物,1,0.063,4311,1924
八卦,1,0.063,4312,1924
新式,1,0.063,4313,1924
休息,1,0.063,4314,1924
七日,1,0.063,4315,1924
六日間,1,0.063,4316,1924
神話中,1,0.063,4317,1924
舊約,1,0.063,4318,1924
舊式,1,0.063,4319,1924
臣下,1,0.063,4320,1924
老吾老以及人之老幼吾幼以及人之幼,1,0.063,4321,1924
無父無君,1,0.063,4322,1924
酷似,1,0.063,4323,1924
左頰,1,0.063,4324,1924
右頰,1,0.063,4325,1924
聖經中,1,0.063,4326,1924
皇族,1,0.063,4327,1924
萬民,1,0.063,4328,1924
力說,1,0.063,4329,1924
大賢孟子,1,0.063,4330,1924
本來面目,1,0.063,4331,1924
後天的,1,0.063,4332,1924
代贖,1,0.063,4333,1924
此罪罰,1,0.063,4334,1924
罪罰,1,0.063,4335,1924
婆羅門敎,1,0.063,4336,1924
原始佛敎,1,0.063,4337,1924
不有,1,0.063,4338,1924
憧憬的,1,0.063,4339,1924
綽綽,1,0.063,4340,1924
豊富,1,0.063,4341,1924
認識論的,1,0.063,4342,1924
八正道,1,0.063,4343,1924
四聖諦,1,0.063,4344,1924
演繹的,1,0.063,4345,1924
新敎,1,0.063,4346,1924
儀式等,1,0.063,4347,1924
參禪,1,0.063,4348,1924
寂滅,1,0.063,4349,1924
深靜幽遠,1,0.063,4350,1924
泰山喬嶽,1,0.063,4351,1924
還封,1,0.063,4352,1924
泰然自若,1,0.063,4353,1924
虐殺,1,0.063,4354,1924
仁愛,1,0.063,4355,1924
至上命令,1,0.063,4356,1924
惡毒,1,0.063,4357,1924
皆有佛心,1,0.063,4358,1924
禍根底,1,0.063,4359,1924
自初,1,0.063,4360,1924
一神敎的,1,0.063,4361,1924
有佛思想,1,0.063,4362,1924
弟子中,1,0.063,4363,1924
佛滅後代,1,0.063,4364,1924
虛無寂滅,1,0.063,4365,1924
反動思想,1,0.063,4366,1924
多神觀的,1,0.063,4367,1924
差別視,1,0.063,4368,1924
考察力,1,0.063,4369,1924
數理,1,0.063,4370,1924
孰是孰非,1,0.063,4371,1924
議論上,1,0.063,4372,1924
何時外,1,0.063,4373,1924
執着心,1,0.063,4374,1924
自我個性,1,0.063,4375,1924
空觀,1,0.063,4376,1924
差別點,1,0.063,4377,1924
名命,1,0.063,4378,1924
人格者,1,0.063,4379,1924
宇宙普遍,1,0.063,4380,1924
汎神敎的,1,0.063,4381,1924
沒差別,1,0.063,4382,1924
眞覺,1,0.063,4383,1924
萬有汎神性,1,0.063,4384,1924
色彩,1,0.063,4385,1924
一神觀,1,0.063,4386,1924
特色,1,0.063,4387,1924
三敎,1,0.063,4388,1924
槪述,1,0.063,4389,1924
基三敎,1,0.063,4390,1924
覺得,1,0.063,4391,1924
惠澤,1,0.063,4392,1924
福果,1,0.063,4393,1924
罪業,1,0.063,4394,1924
表準,1,0.063,4395,1924
奉仕,1,0.063,4396,1924
滅道,1,0.063,4397,1924
庶民中,1,0.063,4398,1924
職業,1,0.063,4399,1924
致化,1,0.063,4400,1924
沒我的主義,1,0.063,4401,1924
第七,1,0.063,4402,1924
空前絕後,1,0.063,4403,1924
神人的神政敎,1,0.063,4404,1924
第六,1,0.063,4405,1924
向背起想,1,0.063,4406,1924
絕對無窮,1,0.063,4407,1924
容納,1,0.063,4408,1924
相對觀念,1,0.063,4409,1924
岐路,1,0.063,4410,1924
單一我,1,0.063,4411,1924
理想境,1,0.063,4412,1924
進化表顯,1,0.063,4413,1924
統制的,1,0.063,4414,1924
宇宙最高神經末梢,1,0.063,4415,1924
靜觀,1,0.063,4416,1924
萬物靜觀皆自得,1,0.063,4417,1924
終点,1,0.063,4418,1924
又是,1,0.063,4419,1924
德性,1,0.063,4420,1924
一層一,1,0.063,4421,1924
第十一,1,0.063,4422,1924
肉的,1,0.063,4423,1924
第十,1,0.063,4424,1924
天堂,1,0.063,4425,1924
來世說,1,0.063,4426,1924
第九,1,0.063,4427,1924
廣義的,1,0.063,4428,1924
第八,1,0.063,4429,1924
人生七十古來稀,1,0.063,4430,1924
個體我,1,0.063,4431,1924
有常天國,1,0.063,4432,1924
無常世界,1,0.063,4433,1924
組成,1,0.063,4434,1924
他階級,1,0.063,4435,1924
有常,1,0.063,4436,1924
嘆服,1,0.063,4437,1924
造化力,1,0.063,4438,1924
至智,1,0.063,4439,1924
父子,1,0.063,4440,1924
生物界,1,0.063,4441,1924
植物學者,1,0.063,4442,1924
一箇,1,0.063,4443,1924
形相,1,0.063,4444,1924
花花,1,0.063,4445,1924
葉葉,1,0.063,4446,1924
各異,1,0.063,4447,1924
浮沈動滅,1,0.063,4448,1924
獨裁,1,0.063,4449,1924
分岐点,1,0.063,4450,1924
窺知,1,0.063,4451,1924
私見,1,0.063,4452,1924
恒見,1,0.063,4453,1924
化合物,1,0.063,4454,1924
水素,1,0.063,4455,1924
酸素,1,0.063,4456,1924
物理學的,1,0.063,4457,1924
靈妙,1,0.063,4458,1924
無味,1,0.063,4459,1924
乾燥,1,0.063,4460,1924
內實,1,0.063,4461,1924
汝土,1,0.063,4462,1924
普通性,1,0.063,4463,1924
字義,1,0.063,4464,1924
入乃天,1,0.063,4465,1924
本章,1,0.063,4466,1924
對外,1,0.063,4467,1924
對人,1,0.063,4468,1924
複人的,1,0.063,4469,1924
單人的,1,0.063,4470,1924
劃定,1,0.063,4471,1924
確答,1,0.063,4472,1924
廣義,1,0.063,4473,1924
用語,1,0.063,4474,1924
標準点,1,0.063,4475,1924
幸不幸,1,0.063,4476,1924
權利,1,0.063,4477,1924
何如,1,0.063,4478,1924
共和,1,0.063,4479,1924
三七其字,1,0.063,4480,1924
不合致,1,0.063,4481,1924
理想體,1,0.063,4482,1924
億兆自己,1,0.063,4483,1924
時代特徵,1,0.063,4484,1924
法示,1,0.063,4485,1924
專有物,1,0.063,4486,1924
美德,1,0.063,4487,1924
無産者,1,0.063,4488,1924
專門的,1,0.063,4489,1924
萬種,1,0.063,4490,1924
解釋的,1,0.063,4491,1924
小千差萬別,1,0.063,4492,1924
樹木,1,0.063,4493,1924
人智,1,0.063,4494,1924
强不强,1,0.063,4495,1924
或時,1,0.063,4496,1924
制禦,1,0.063,4497,1924
不制裁,1,0.063,4498,1924
發案,1,0.063,4499,1924
最后,1,0.063,4500,1924
獲得,1,0.063,4501,1924
其身,1,0.063,4502,1924
有意識的,1,0.063,4503,1924
專制,1,0.063,4504,1924
獨斷的,1,0.063,4505,1924
疑慮,1,0.063,4506,1924
衝突,1,0.063,4507,1924
獨單的,1,0.063,4508,1924
他界永生主義,1,0.063,4509,1924
變更,1,0.063,4510,1924
慾求,1,0.063,4511,1924
